Wed 17:00:00,271m,6%,6.775,2193Mi,57%,750,18,18.75
Wed 17:01:00,263m,6%,6.575,2193Mi,57%,1023,25,25.575
Wed 17:02:00,526m,13%,13.15,2216Mi,57%,1101,27,27.525
Wed 17:03:00,413m,10%,10.325,2224Mi,57%,1257,31,31.425
Wed 17:04:00,490m,12%,12.25,2238Mi,58%,1335,33,33.375
Wed 17:05:00,445m,11%,11.125,2247Mi,58%,1569,39,39.225
Wed 17:06:00,568m,14%,14.2,2267Mi,59%,1569,39,39.225
Wed 17:07:00,1016m,25%,25.4,2268Mi,59%,1725,43,43.125
Wed 17:08:00,962m,24%,24.05,2282Mi,59%,1764,44,44.1
Wed 17:09:00,1202m,30%,30.05,2285Mi,59%,1842,46,46.05
Wed 17:10:00,821m,20%,20.525,2308Mi,60%,1803,45,45.075
Wed 17:11:00,1453m,36%,36.325,2308Mi,60%,1764,44,44.1
Wed 17:12:00,1693m,42%,42.325,2306Mi,60%,1764,44,44.1
Wed 17:13:00,1630m,40%,40.75,2293Mi,59%,1686,42,42.15
Wed 17:14:00,1679m,41%,41.975,2294Mi,59%,1686,42,42.15
Wed 17:15:00,1350m,33%,33.75,2304Mi,59%,1725,43,43.125
Wed 17:16:00,1311m,32%,32.775,2299Mi,59%,1647,41,41.175
Wed 17:17:01,2036m,50%,50.9,2303Mi,59%,1647,41,41.175
Wed 17:18:00,1791m,44%,44.775,2293Mi,59%,1764,44,44.1
Wed 17:19:00,1326m,33%,33.15,2313Mi,60%,1881,47,47.025
Wed 17:20:00,1885m,47%,47.125,2305Mi,60%,1842,46,46.05
Wed 17:21:00,1375m,34%,34.375,2300Mi,59%,1725,43,43.125
Wed 17:22:00,1913m,47%,47.825,2295Mi,59%,1764,44,44.1
Wed 17:23:00,1999m,49%,49.975,2300Mi,59%,1686,42,42.15
Wed 17:24:00,2025m,50%,50.625,2294Mi,59%,1608,40,40.2
Wed 17:25:00,2002m,50%,50.05,2281Mi,59%,1647,41,41.175
Wed 17:26:00,1929m,48%,48.225,2297Mi,59%,1725,43,43.125
Wed 17:27:00,1708m,42%,42.7,2286Mi,59%,1686,42,42.15
Wed 17:28:00,2047m,51%,51.175,2284Mi,59%,1686,42,42.15
Wed 17:29:01,2053m,51%,51.325,2295Mi,59%,1647,41,41.175
Wed 17:30:00,1888m,47%,47.2,2293Mi,59%,1647,41,41.175
Wed 17:31:00,1671m,41%,41.775,2303Mi,59%,1686,42,42.15
Wed 17:32:00,2049m,51%,51.225,2298Mi,59%,1569,39,39.225
Wed 17:33:00,1980m,49%,49.5,2283Mi,59%,1491,37,37.275
Wed 17:34:00,2032m,50%,50.8,2285Mi,59%,1530,38,38.25
Wed 17:35:00,1626m,40%,40.65,2290Mi,59%,1530,38,38.25
Wed 17:36:00,2036m,50%,50.9,2283Mi,59%,1608,40,40.2
Wed 17:37:00,2044m,51%,51.1,2285Mi,59%,1530,38,38.25
Wed 17:38:00,1969m,49%,49.225,2270Mi,59%,1491,37,37.275
Wed 17:39:01,1952m,48%,48.8,2277Mi,59%,1569,39,39.225
Wed 17:40:00,1716m,42%,42.9,2268Mi,59%,1608,40,40.2
Wed 17:41:01,2088m,52%,52.2,2289Mi,59%,1491,37,37.275
Wed 17:42:00,1993m,49%,49.825,2280Mi,59%,1608,40,40.2
Wed 17:43:01,1473m,36%,36.825,2272Mi,59%,1647,41,41.175
Wed 17:44:00,2005m,50%,50.125,2292Mi,59%,1647,41,41.175
Wed 17:45:00,2074m,51%,51.85,2292Mi,59%,1608,40,40.2
Wed 17:46:00,2057m,51%,51.425,2291Mi,59%,1686,42,42.15
Wed 17:47:00,2090m,52%,52.25,2297Mi,59%,1842,46,46.05
Wed 17:48:00,2092m,52%,52.3,2292Mi,59%,1803,45,45.075
Wed 17:49:00,2043m,51%,51.075,2305Mi,60%,1920,48,48
Wed 17:50:00,2078m,51%,51.95,2307Mi,60%,1881,47,47.025
Wed 17:51:00,2076m,51%,51.9,2312Mi,60%,1842,46,46.05
Wed 17:52:00,2017m,50%,50.425,2314Mi,60%,1803,45,45.075
Wed 17:53:00,2120m,53%,53,2314Mi,60%,1764,44,44.1
Wed 17:54:00,2045m,51%,51.125,2306Mi,60%,1764,44,44.1
Wed 17:55:01,2083m,52%,52.075,2300Mi,59%,1725,43,43.125
Wed 17:56:00,2075m,51%,51.875,2300Mi,59%,1803,45,45.075
Wed 17:57:00,2070m,51%,51.75,2303Mi,59%,1881,47,47.025
Wed 17:58:00,2098m,52%,52.45,2312Mi,60%,1920,48,48
Wed 17:59:00,2083m,52%,52.075,2314Mi,60%,1881,47,47.025
Wed 18:00:00,2061m,51%,51.525,2297Mi,59%,1920,48,48
Wed 18:01:00,2108m,52%,52.7,2315Mi,60%,1881,47,47.025
Wed 18:02:00,2060m,51%,51.5,2302Mi,59%,1803,45,45.075
Wed 18:03:00,2114m,52%,52.85,2317Mi,60%,1764,44,44.1
Wed 18:04:00,2043m,51%,51.075,2306Mi,60%,1686,42,42.15
Wed 18:05:00,2055m,51%,51.375,2295Mi,59%,1686,42,42.15
Wed 18:06:00,2034m,50%,50.85,2308Mi,60%,1608,40,40.2
Wed 18:07:00,2050m,51%,51.25,2306Mi,60%,1647,41,41.175
Wed 18:08:00,2039m,50%,50.975,2298Mi,59%,1491,37,37.275
Wed 18:09:00,1998m,49%,49.95,2298Mi,59%,1608,40,40.2
Wed 18:10:00,2043m,51%,51.075,2300Mi,59%,1569,39,39.225
Wed 18:11:00,2016m,50%,50.4,2298Mi,59%,1530,38,38.25
Wed 18:12:00,2040m,51%,51,2287Mi,59%,1569,39,39.225
Wed 18:13:01,2018m,50%,50.45,2304Mi,59%,1569,39,39.225
Wed 18:14:00,2030m,50%,50.75,2303Mi,59%,1452,36,36.3
Wed 18:15:00,1983m,49%,49.575,2293Mi,59%,1530,38,38.25
Wed 18:16:00,2099m,52%,52.475,2291Mi,59%,1530,38,38.25
Wed 18:17:00,2036m,50%,50.9,2288Mi,59%,1569,39,39.225
Wed 18:18:00,2070m,51%,51.75,2302Mi,59%,1452,36,36.3
Wed 18:19:00,2009m,50%,50.225,2290Mi,59%,1530,38,38.25
Wed 18:20:00,2050m,51%,51.25,2303Mi,59%,1608,40,40.2
Wed 18:21:00,2064m,51%,51.6,2307Mi,60%,1608,40,40.2
Wed 18:22:00,2091m,52%,52.275,2311Mi,60%,1647,41,41.175
Wed 18:23:00,2040m,51%,51,2304Mi,59%,1764,44,44.1
Wed 18:24:00,2087m,52%,52.175,2309Mi,60%,1764,44,44.1
Wed 18:25:00,2038m,50%,50.95,2319Mi,60%,1764,44,44.1
Wed 18:26:00,2009m,50%,50.225,2315Mi,60%,1725,43,43.125
Wed 18:27:00,2096m,52%,52.4,2303Mi,59%,1608,40,40.2
Wed 18:28:00,2026m,50%,50.65,2304Mi,59%,1413,35,35.325
Wed 18:29:00,2036m,50%,50.9,2295Mi,59%,1491,37,37.275
Wed 18:30:00,2070m,51%,51.75,2293Mi,59%,1569,39,39.225
Wed 18:31:00,2080m,52%,52,2285Mi,59%,1608,40,40.2
Wed 18:32:00,2074m,51%,51.85,2301Mi,59%,1608,40,40.2
Wed 18:33:00,2032m,50%,50.8,2293Mi,59%,1725,43,43.125
Wed 18:34:00,2060m,51%,51.5,2311Mi,60%,1725,43,43.125
Wed 18:35:00,2085m,52%,52.125,2308Mi,60%,1686,42,42.15
Wed 18:36:00,2080m,52%,52,2307Mi,60%,1803,45,45.075
Wed 18:37:00,2116m,52%,52.9,2310Mi,60%,1764,44,44.1
Wed 18:38:00,2075m,51%,51.875,2315Mi,60%,1803,45,45.075
Wed 18:39:00,2079m,51%,51.975,2309Mi,60%,1842,46,46.05
Wed 18:40:00,2111m,52%,52.775,2311Mi,60%,1881,47,47.025
Wed 18:41:00,2112m,52%,52.8,2313Mi,60%,1881,47,47.025
Wed 18:42:00,2054m,51%,51.35,2320Mi,60%,1842,46,46.05
Wed 18:43:00,2068m,51%,51.7,2304Mi,59%,1842,46,46.05
Wed 18:44:01,2119m,52%,52.975,2317Mi,60%,1803,45,45.075
Wed 18:45:00,2089m,52%,52.225,2316Mi,60%,1686,42,42.15
Wed 18:46:00,2071m,51%,51.775,2306Mi,60%,1608,40,40.2
Wed 18:47:00,2039m,50%,50.975,2294Mi,59%,1569,39,39.225
Wed 18:48:00,2011m,50%,50.275,2298Mi,59%,1413,35,35.325
Wed 18:49:00,2019m,50%,50.475,2274Mi,59%,1413,35,35.325
Wed 18:50:00,2019m,50%,50.475,2293Mi,59%,1491,37,37.275
Wed 18:51:00,2079m,51%,51.975,2281Mi,59%,1491,37,37.275
Wed 18:52:00,2010m,50%,50.25,2293Mi,59%,1608,40,40.2
Wed 18:53:00,2061m,51%,51.525,2308Mi,60%,1647,41,41.175
Wed 18:54:00,2027m,50%,50.675,2306Mi,60%,1764,44,44.1
Wed 18:55:00,2113m,52%,52.825,2303Mi,59%,1803,45,45.075
Wed 18:56:00,2055m,51%,51.375,2305Mi,59%,1608,40,40.2
Wed 18:57:00,2027m,50%,50.675,2300Mi,59%,1608,40,40.2
Wed 18:58:01,2023m,50%,50.575,2300Mi,59%,1569,39,39.225
Wed 18:59:00,2065m,51%,51.625,2298Mi,59%,1647,41,41.175
Wed 19:00:00,2043m,51%,51.075,2303Mi,59%,1569,39,39.225
Wed 19:01:00,2085m,52%,52.125,2301Mi,59%,1686,42,42.15
Wed 19:02:00,2064m,51%,51.6,2315Mi,60%,1725,43,43.125
Wed 19:03:00,2033m,50%,50.825,2318Mi,60%,1725,43,43.125
Wed 19:04:00,2076m,51%,51.9,2318Mi,60%,1686,42,42.15
Wed 19:05:00,2056m,51%,51.4,2299Mi,59%,1686,42,42.15
Wed 19:06:00,2079m,51%,51.975,2303Mi,59%,1569,39,39.225
Wed 19:07:01,2054m,51%,51.35,2292Mi,59%,1608,40,40.2
Wed 19:08:00,2039m,50%,50.975,2302Mi,59%,1530,38,38.25
Wed 19:09:00,2041m,51%,51.025,2303Mi,59%,1569,39,39.225
Wed 19:10:01,2021m,50%,50.525,2294Mi,59%,1452,36,36.3
Wed 19:11:00,2028m,50%,50.7,2296Mi,59%,1530,38,38.25
Wed 19:12:00,2038m,50%,50.95,2305Mi,59%,1530,38,38.25
Wed 19:13:00,2105m,52%,52.625,2302Mi,59%,1608,40,40.2
Wed 19:14:00,2019m,50%,50.475,2309Mi,60%,1530,38,38.25
Wed 19:15:01,1996m,49%,49.9,2291Mi,59%,1530,38,38.25
Wed 19:16:00,2082m,52%,52.05,2299Mi,59%,1569,39,39.225
Wed 19:17:00,2128m,53%,53.2,2296Mi,59%,1491,37,37.275
Wed 19:18:00,2066m,51%,51.65,2290Mi,59%,1491,37,37.275
Wed 19:19:00,2065m,51%,51.625,2286Mi,59%,1491,37,37.275
Wed 19:20:00,2010m,50%,50.25,2294Mi,59%,1413,35,35.325
Wed 19:21:01,2012m,50%,50.3,2283Mi,59%,1413,35,35.325
Wed 19:22:00,2062m,51%,51.55,2295Mi,59%,1452,36,36.3
Wed 19:23:00,2095m,52%,52.375,2301Mi,59%,1569,39,39.225
Wed 19:24:00,2103m,52%,52.575,2302Mi,59%,1608,40,40.2
Wed 19:25:00,1992m,49%,49.8,2303Mi,59%,1725,43,43.125
Wed 19:26:00,2068m,51%,51.7,2292Mi,59%,1569,39,39.225
Wed 19:27:00,2048m,51%,51.2,2285Mi,59%,1452,36,36.3
Wed 19:28:01,2024m,50%,50.6,2279Mi,59%,1491,37,37.275
Wed 19:29:00,2099m,52%,52.475,2280Mi,59%,1452,36,36.3
Wed 19:30:00,2028m,50%,50.7,2283Mi,59%,1530,38,38.25
Wed 19:31:00,2064m,51%,51.6,2279Mi,59%,1491,37,37.275
Wed 19:32:00,2000m,50%,50,2287Mi,59%,1530,38,38.25
Wed 19:33:00,2082m,52%,52.05,2279Mi,59%,1530,38,38.25
Wed 19:34:00,2037m,50%,50.925,2284Mi,59%,1647,41,41.175
Wed 19:35:00,2127m,53%,53.175,2286Mi,59%,1725,43,43.125
Wed 19:36:01,2062m,51%,51.55,2308Mi,60%,1725,43,43.125
Wed 19:37:00,2082m,52%,52.05,2300Mi,59%,1686,42,42.15
Wed 19:38:00,2031m,50%,50.775,2307Mi,60%,1647,41,41.175
Wed 19:39:00,2058m,51%,51.45,2292Mi,59%,1569,39,39.225
Wed 19:40:00,2095m,52%,52.375,2289Mi,59%,1413,35,35.325
Wed 19:41:00,2044m,51%,51.1,2279Mi,59%,1335,33,33.375
Wed 19:42:00,1967m,49%,49.175,2279Mi,59%,1335,33,33.375
Wed 19:43:00,2013m,50%,50.325,2277Mi,59%,1335,33,33.375
Wed 19:44:00,2043m,51%,51.075,2279Mi,59%,1413,35,35.325
Wed 19:45:00,2044m,51%,51.1,2277Mi,59%,1491,37,37.275
Wed 19:46:01,2104m,52%,52.6,2290Mi,59%,1608,40,40.2
Wed 19:47:00,2055m,51%,51.375,2291Mi,59%,1530,38,38.25
Wed 19:48:00,2005m,50%,50.125,2290Mi,59%,1530,38,38.25
Wed 19:49:00,2036m,50%,50.9,2295Mi,59%,1413,35,35.325
Wed 19:50:00,2031m,50%,50.775,2279Mi,59%,1335,33,33.375
Wed 19:51:00,2044m,51%,51.1,2281Mi,59%,1335,33,33.375
Wed 19:52:00,1989m,49%,49.725,2271Mi,59%,1374,34,34.35
Wed 19:53:00,2044m,51%,51.1,2277Mi,59%,1335,33,33.375
Wed 19:54:00,2012m,50%,50.3,2285Mi,59%,1413,35,35.325
Wed 19:55:00,2041m,51%,51.025,2303Mi,59%,1374,34,34.35
Wed 19:56:00,1971m,49%,49.275,2299Mi,59%,1491,37,37.275
Wed 19:57:00,2094m,52%,52.35,2309Mi,60%,1530,38,38.25
Wed 19:58:00,2070m,51%,51.75,2315Mi,60%,1569,39,39.225
Wed 19:59:00,2020m,50%,50.5,2309Mi,60%,1569,39,39.225
Wed 20:00:00,2067m,51%,51.675,2312Mi,60%,1608,40,40.2
Wed 20:01:00,2030m,50%,50.75,2312Mi,60%,1530,38,38.25
Wed 20:02:00,2043m,51%,51.075,2298Mi,59%,1491,37,37.275
Wed 20:03:00,2081m,52%,52.025,2306Mi,60%,1530,38,38.25
Wed 20:04:00,2069m,51%,51.725,2309Mi,60%,1491,37,37.275
Wed 20:05:00,2047m,51%,51.175,2313Mi,60%,1569,39,39.225
Wed 20:06:00,2066m,51%,51.65,2320Mi,60%,1686,42,42.15
Wed 20:07:00,2010m,50%,50.25,2331Mi,60%,1452,36,36.3
Wed 20:08:00,2043m,51%,51.075,2309Mi,60%,1374,34,34.35
Wed 20:09:00,2038m,50%,50.95,2300Mi,59%,1374,34,34.35
Wed 20:10:01,2023m,50%,50.575,2309Mi,60%,1335,33,33.375
Wed 20:11:00,2005m,50%,50.125,2287Mi,59%,1257,31,31.425
Wed 20:12:01,2011m,50%,50.275,2292Mi,59%,1374,34,34.35
Wed 20:13:00,2006m,50%,50.15,2304Mi,59%,1374,34,34.35
Wed 20:14:00,2054m,51%,51.35,2307Mi,60%,1413,35,35.325
Wed 20:15:00,2055m,51%,51.375,2308Mi,60%,1452,36,36.3
Wed 20:16:00,2085m,52%,52.125,2299Mi,59%,1452,36,36.3
Wed 20:17:00,2041m,51%,51.025,2314Mi,60%,1413,35,35.325
Wed 20:18:01,2029m,50%,50.725,2313Mi,60%,1374,34,34.35
Wed 20:19:00,2065m,51%,51.625,2296Mi,59%,1413,35,35.325
Wed 20:20:01,2051m,51%,51.275,2309Mi,60%,1374,34,34.35
Wed 20:21:00,2062m,51%,51.55,2310Mi,60%,1491,37,37.275
Wed 20:22:00,2062m,51%,51.55,2319Mi,60%,1491,37,37.275
Wed 20:23:00,2012m,50%,50.3,2320Mi,60%,1491,37,37.275
Wed 20:24:00,2047m,51%,51.175,2317Mi,60%,1530,38,38.25
Wed 20:25:00,2041m,51%,51.025,2321Mi,60%,1452,36,36.3
Wed 20:26:00,2055m,51%,51.375,2309Mi,60%,1413,35,35.325
Wed 20:27:01,2054m,51%,51.35,2290Mi,59%,1335,33,33.375
Wed 20:28:00,2011m,50%,50.275,2298Mi,59%,1374,34,34.35
Wed 20:29:00,1981m,49%,49.525,2290Mi,59%,1257,31,31.425
Wed 20:30:00,2041m,51%,51.025,2294Mi,59%,1218,30,30.45
Wed 20:31:00,2015m,50%,50.375,2297Mi,59%,1257,31,31.425
Wed 20:32:01,2017m,50%,50.425,2286Mi,59%,1374,34,34.35
Wed 20:33:00,2059m,51%,51.475,2289Mi,59%,1413,35,35.325
Wed 20:34:01,2026m,50%,50.65,2297Mi,59%,1452,36,36.3
Wed 20:35:00,1996m,49%,49.9,2305Mi,59%,1335,33,33.375
Wed 20:36:01,2019m,50%,50.475,2293Mi,59%,1374,34,34.35
Wed 20:37:00,2070m,51%,51.75,2304Mi,59%,1296,32,32.4
Wed 20:38:00,1985m,49%,49.625,2290Mi,59%,1374,34,34.35
Wed 20:39:01,2084m,52%,52.1,2305Mi,59%,1413,35,35.325
Wed 20:40:00,1994m,49%,49.85,2299Mi,59%,1374,34,34.35
Wed 20:41:00,2033m,50%,50.825,2295Mi,59%,1335,33,33.375
Wed 20:42:00,2003m,50%,50.075,2296Mi,59%,1374,34,34.35
Wed 20:43:00,2021m,50%,50.525,2303Mi,59%,1413,35,35.325
Wed 20:44:00,2071m,51%,51.775,2301Mi,59%,1413,35,35.325
Wed 20:45:00,2024m,50%,50.6,2301Mi,59%,1413,35,35.325
Wed 20:46:00,2108m,52%,52.7,2296Mi,59%,1530,38,38.25
Wed 20:47:00,2050m,51%,51.25,2312Mi,60%,1491,37,37.275
Wed 20:48:00,2031m,50%,50.775,2297Mi,59%,1374,34,34.35
Wed 20:49:00,2031m,50%,50.775,2291Mi,59%,1374,34,34.35
Wed 20:50:00,2020m,50%,50.5,2294Mi,59%,1413,35,35.325
Wed 20:51:00,2044m,51%,51.1,2297Mi,59%,1335,33,33.375
Wed 20:52:00,2036m,50%,50.9,2292Mi,59%,1374,34,34.35
Wed 20:53:00,2002m,50%,50.05,2302Mi,59%,1335,33,33.375
Wed 20:54:00,2010m,50%,50.25,2299Mi,59%,1296,32,32.4
Wed 20:55:00,2040m,51%,51,2290Mi,59%,1374,34,34.35
Wed 20:56:00,2021m,50%,50.525,2302Mi,59%,1296,32,32.4
Wed 20:57:00,2031m,50%,50.775,2296Mi,59%,1335,33,33.375
Wed 20:58:00,2030m,50%,50.75,2299Mi,59%,1335,33,33.375
Wed 20:59:00,2032m,50%,50.8,2299Mi,59%,1452,36,36.3
Wed 21:00:00,2024m,50%,50.6,2296Mi,59%,1452,36,36.3
Wed 21:01:00,2038m,50%,50.95,2306Mi,60%,1335,33,33.375
Wed 21:02:00,2024m,50%,50.6,2291Mi,59%,1452,36,36.3
Wed 21:03:01,2027m,50%,50.675,2314Mi,60%,1530,38,38.25
Wed 21:04:00,2066m,51%,51.65,2305Mi,59%,1491,37,37.275
Wed 21:05:00,2041m,51%,51.025,2308Mi,60%,1569,39,39.225
Wed 21:06:00,2052m,51%,51.3,2320Mi,60%,1608,40,40.2
Wed 21:07:00,2078m,51%,51.95,2317Mi,60%,1452,36,36.3
Wed 21:08:00,2004m,50%,50.1,2310Mi,60%,1374,34,34.35
Wed 21:09:00,2073m,51%,51.825,2304Mi,59%,1374,34,34.35
Wed 21:10:00,2034m,50%,50.85,2306Mi,60%,1491,37,37.275
Wed 21:11:00,2097m,52%,52.425,2321Mi,60%,1569,39,39.225
Wed 21:12:00,2093m,52%,52.325,2343Mi,60%,1608,40,40.2
Wed 21:13:00,2001m,50%,50.025,2315Mi,60%,1530,38,38.25
Wed 21:14:00,2052m,51%,51.3,2325Mi,60%,1530,38,38.25
Wed 21:15:00,2078m,51%,51.95,2314Mi,60%,1530,38,38.25
Wed 21:16:00,2070m,51%,51.75,2327Mi,60%,1374,34,34.35
Wed 21:17:00,2148m,53%,53.7,2306Mi,60%,1413,35,35.325
Wed 21:18:00,2057m,51%,51.425,2318Mi,60%,1530,38,38.25
Wed 21:19:00,2041m,51%,51.025,2330Mi,60%,1530,38,38.25
Wed 21:20:00,2076m,51%,51.9,2331Mi,60%,1413,35,35.325
Wed 21:21:00,2053m,51%,51.325,2308Mi,60%,1452,36,36.3
Wed 21:22:00,2058m,51%,51.45,2317Mi,60%,1569,39,39.225
Wed 21:23:00,2103m,52%,52.575,2321Mi,60%,1491,37,37.275
Wed 21:24:00,2053m,51%,51.325,2327Mi,60%,1530,38,38.25
Wed 21:25:00,2059m,51%,51.475,2331Mi,60%,1491,37,37.275
Wed 21:26:00,2025m,50%,50.625,2310Mi,60%,1374,34,34.35
Wed 21:27:01,2053m,51%,51.325,2306Mi,60%,1296,32,32.4
Wed 21:28:00,2038m,50%,50.95,2305Mi,60%,1257,31,31.425
Wed 21:29:00,2055m,51%,51.375,2308Mi,60%,1179,29,29.475
Wed 21:30:01,2029m,50%,50.725,2291Mi,59%,1296,32,32.4
Wed 21:31:00,2054m,51%,51.35,2300Mi,59%,1335,33,33.375
Wed 21:32:00,2030m,50%,50.75,2305Mi,60%,1452,36,36.3
Wed 21:33:01,2071m,51%,51.775,2304Mi,59%,1491,37,37.275
Wed 21:34:00,2127m,53%,53.175,2306Mi,60%,1530,38,38.25
Wed 21:35:01,2124m,53%,53.1,2305Mi,59%,1530,38,38.25
Wed 21:36:00,2028m,50%,50.7,2313Mi,60%,1530,38,38.25
Wed 21:37:00,2057m,51%,51.425,2308Mi,60%,1452,36,36.3
Wed 21:38:01,2036m,50%,50.9,2293Mi,59%,1452,36,36.3
Wed 21:39:00,2052m,51%,51.3,2308Mi,60%,1413,35,35.325
Wed 21:40:00,2085m,52%,52.125,2297Mi,59%,1452,36,36.3
Wed 21:41:00,2095m,52%,52.375,2295Mi,59%,1530,38,38.25
Wed 21:42:00,2028m,50%,50.7,2314Mi,60%,1530,38,38.25
Wed 21:43:00,2071m,51%,51.775,2313Mi,60%,1530,38,38.25
Wed 21:44:00,2081m,52%,52.025,2309Mi,60%,1452,36,36.3
Wed 21:45:00,2020m,50%,50.5,2302Mi,59%,1413,35,35.325
Wed 21:46:00,2070m,51%,51.75,2306Mi,60%,1374,34,34.35
Wed 21:47:00,2143m,53%,53.575,2299Mi,59%,1335,33,33.375
Wed 21:48:00,2027m,50%,50.675,2304Mi,59%,1413,35,35.325
Wed 21:49:00,2046m,51%,51.15,2308Mi,60%,1413,35,35.325
Wed 21:50:00,2062m,51%,51.55,2305Mi,59%,1413,35,35.325
Wed 21:51:00,2023m,50%,50.575,2307Mi,60%,1374,34,34.35
Wed 21:52:00,2044m,51%,51.1,2299Mi,59%,1452,36,36.3
Wed 21:53:00,2085m,52%,52.125,2300Mi,59%,1452,36,36.3
Wed 21:54:01,2027m,50%,50.675,2307Mi,60%,1452,36,36.3
Wed 21:55:00,2074m,51%,51.85,2331Mi,60%,1569,39,39.225
Wed 21:56:00,2062m,51%,51.55,2316Mi,60%,1569,39,39.225
Wed 21:57:00,2079m,51%,51.975,2318Mi,60%,1569,39,39.225
Wed 21:58:00,2077m,51%,51.925,2312Mi,60%,1569,39,39.225
Wed 21:59:00,2039m,50%,50.975,2312Mi,60%,1452,36,36.3
Wed 22:00:00,2066m,51%,51.65,2310Mi,60%,1452,36,36.3
Wed 22:01:00,2036m,50%,50.9,2309Mi,60%,1413,35,35.325
Wed 22:02:00,2061m,51%,51.525,2304Mi,59%,1413,35,35.325
Wed 22:03:00,2059m,51%,51.475,2294Mi,59%,1374,34,34.35
Wed 22:04:01,2015m,50%,50.375,2285Mi,59%,1452,36,36.3
Wed 22:05:00,2083m,52%,52.075,2307Mi,60%,1296,32,32.4
Wed 22:06:01,2043m,51%,51.075,2291Mi,59%,1335,33,33.375
Wed 22:07:00,2050m,51%,51.25,2307Mi,60%,1374,34,34.35
Wed 22:08:00,2024m,50%,50.6,2293Mi,59%,1374,34,34.35
Wed 22:09:00,2075m,51%,51.875,2305Mi,60%,1491,37,37.275
Wed 22:10:00,2046m,51%,51.15,2307Mi,60%,1530,38,38.25
Wed 22:11:00,2118m,52%,52.95,2320Mi,60%,1530,38,38.25
Wed 22:12:00,2037m,50%,50.925,2321Mi,60%,1569,39,39.225
Wed 22:13:00,2077m,51%,51.925,2323Mi,60%,1530,38,38.25
Wed 22:14:00,2072m,51%,51.8,2326Mi,60%,1569,39,39.225
Wed 22:15:01,2119m,52%,52.975,2318Mi,60%,1569,39,39.225
Wed 22:16:00,2059m,51%,51.475,2313Mi,60%,1608,40,40.2
Wed 22:17:00,2217m,55%,55.425,2331Mi,60%,1608,40,40.2
Wed 22:18:01,2080m,52%,52,2336Mi,60%,1608,40,40.2
Wed 22:19:00,2113m,52%,52.825,2321Mi,60%,1491,37,37.275
Wed 22:20:00,2066m,51%,51.65,2327Mi,60%,1413,35,35.325
Wed 22:21:00,2053m,51%,51.325,2306Mi,60%,1296,32,32.4
Wed 22:22:00,2070m,51%,51.75,2311Mi,60%,1335,33,33.375
Wed 22:23:00,2080m,52%,52,2309Mi,60%,1413,35,35.325
Wed 22:24:00,2030m,50%,50.75,2315Mi,60%,1374,34,34.35
Wed 22:25:00,2070m,51%,51.75,2316Mi,60%,1335,33,33.375
Wed 22:26:00,2018m,50%,50.45,2315Mi,60%,1413,35,35.325
Wed 22:27:00,2062m,51%,51.55,2323Mi,60%,1452,36,36.3
Wed 22:28:00,2074m,51%,51.85,2328Mi,60%,1413,35,35.325
Wed 22:29:00,2078m,51%,51.95,2322Mi,60%,1530,38,38.25
Wed 22:30:00,2078m,51%,51.95,2323Mi,60%,1569,39,39.225
Wed 22:31:00,2041m,51%,51.025,2324Mi,60%,1569,39,39.225
Wed 22:32:00,2106m,52%,52.65,2323Mi,60%,1569,39,39.225
Wed 22:33:00,2072m,51%,51.8,2328Mi,60%,1530,38,38.25
Wed 22:34:01,2109m,52%,52.725,2314Mi,60%,1608,40,40.2
Wed 22:35:00,2115m,52%,52.875,2329Mi,60%,1647,41,41.175
Wed 22:36:00,2112m,52%,52.8,2324Mi,60%,1647,41,41.175
Wed 22:37:00,2161m,54%,54.025,2316Mi,60%,1608,40,40.2
Wed 22:38:00,2116m,52%,52.9,2332Mi,60%,1491,37,37.275
Wed 22:39:00,2045m,51%,51.125,2311Mi,60%,1413,35,35.325
Wed 22:40:00,2046m,51%,51.15,2315Mi,60%,1296,32,32.4
Wed 22:41:00,2071m,51%,51.775,2299Mi,59%,1296,32,32.4
Wed 22:42:01,2084m,52%,52.1,2304Mi,59%,1374,34,34.35
Wed 22:43:00,2054m,51%,51.35,2300Mi,59%,1413,35,35.325
Wed 22:44:00,2044m,51%,51.1,2314Mi,60%,1530,38,38.25
Wed 22:45:00,2101m,52%,52.525,2320Mi,60%,1530,38,38.25
Wed 22:46:00,2039m,50%,50.975,2313Mi,60%,1491,37,37.275
Wed 22:47:00,2232m,55%,55.8,2319Mi,60%,1569,39,39.225
Wed 22:48:00,2046m,51%,51.15,2329Mi,60%,1491,37,37.275
Wed 22:49:00,2043m,51%,51.075,2325Mi,60%,1413,35,35.325
Wed 22:50:00,2077m,51%,51.925,2311Mi,60%,1374,34,34.35
Wed 22:51:00,2032m,50%,50.8,2312Mi,60%,1335,33,33.375
Wed 22:52:00,2080m,52%,52,2312Mi,60%,1296,32,32.4
Wed 22:53:00,2041m,51%,51.025,2314Mi,60%,1374,34,34.35
Wed 22:54:00,2056m,51%,51.4,2319Mi,60%,1374,34,34.35
Wed 22:55:00,2072m,51%,51.8,2315Mi,60%,1530,38,38.25
Wed 22:56:00,2142m,53%,53.55,2329Mi,60%,1647,41,41.175
Wed 22:57:00,2049m,51%,51.225,2329Mi,60%,1686,42,42.15
Wed 22:58:00,2114m,52%,52.85,2319Mi,60%,1569,39,39.225
Wed 22:59:01,2046m,51%,51.15,2324Mi,60%,1452,36,36.3
Wed 23:00:00,2054m,51%,51.35,2321Mi,60%,1296,32,32.4
Wed 23:01:00,2072m,51%,51.8,2297Mi,59%,1257,31,31.425
Wed 23:02:00,2067m,51%,51.675,2306Mi,60%,1218,30,30.45
Wed 23:03:00,2013m,50%,50.325,2308Mi,60%,1413,35,35.325
Wed 23:04:00,2076m,51%,51.9,2319Mi,60%,1413,35,35.325
Wed 23:05:00,1987m,49%,49.675,2323Mi,60%,1569,39,39.225
Wed 23:06:00,2133m,53%,53.325,2321Mi,60%,1530,38,38.25
Wed 23:07:00,2085m,52%,52.125,2327Mi,60%,1569,39,39.225
Wed 23:08:00,2015m,50%,50.375,2332Mi,60%,1452,36,36.3
Wed 23:09:00,2075m,51%,51.875,2325Mi,60%,1491,37,37.275
Wed 23:10:00,2064m,51%,51.6,2328Mi,60%,1413,35,35.325
Wed 23:11:00,2055m,51%,51.375,2325Mi,60%,1452,36,36.3
Wed 23:12:00,2077m,51%,51.925,2324Mi,60%,1530,38,38.25
Wed 23:13:00,2076m,51%,51.9,2333Mi,60%,1569,39,39.225
Wed 23:14:00,2059m,51%,51.475,2327Mi,60%,1491,37,37.275
Wed 23:15:00,2031m,50%,50.775,2328Mi,60%,1569,39,39.225
Wed 23:16:00,2097m,52%,52.425,2338Mi,60%,1491,37,37.275
Wed 23:17:00,2113m,52%,52.825,2319Mi,60%,1608,40,40.2
Wed 23:18:00,2177m,54%,54.425,2351Mi,61%,1530,38,38.25
Wed 23:19:00,2077m,51%,51.925,2330Mi,60%,1530,38,38.25
Wed 23:20:00,2072m,51%,51.8,2332Mi,60%,1452,36,36.3
Wed 23:21:00,2029m,50%,50.725,2327Mi,60%,1452,36,36.3
Wed 23:22:00,2058m,51%,51.45,2316Mi,60%,1335,33,33.375
Wed 23:23:00,2041m,51%,51.025,2322Mi,60%,1452,36,36.3
Wed 23:24:01,2107m,52%,52.675,2330Mi,60%,1452,36,36.3
Wed 23:25:00,2031m,50%,50.775,2330Mi,60%,1452,36,36.3
Wed 23:26:00,2009m,50%,50.225,2330Mi,60%,1530,38,38.25
Wed 23:27:00,2109m,52%,52.725,2339Mi,60%,1530,38,38.25
Wed 23:28:00,2085m,52%,52.125,2332Mi,60%,1530,38,38.25
Wed 23:29:00,2100m,52%,52.5,2333Mi,60%,1530,38,38.25
Wed 23:30:00,1988m,49%,49.7,2325Mi,60%,1491,37,37.275
Wed 23:31:00,2039m,50%,50.975,2329Mi,60%,1491,37,37.275
Wed 23:32:00,2095m,52%,52.375,2327Mi,60%,1491,37,37.275
Wed 23:33:00,2084m,52%,52.1,2327Mi,60%,1413,35,35.325
Wed 23:34:00,2048m,51%,51.2,2325Mi,60%,1491,37,37.275
Wed 23:35:00,2050m,51%,51.25,2320Mi,60%,1491,37,37.275
Wed 23:36:00,2071m,51%,51.775,2321Mi,60%,1530,38,38.25
Wed 23:37:00,2088m,52%,52.2,2333Mi,60%,1491,37,37.275
Wed 23:38:00,2099m,52%,52.475,2334Mi,60%,1530,38,38.25
Wed 23:39:00,2027m,50%,50.675,2333Mi,60%,1530,38,38.25
Wed 23:40:00,2079m,51%,51.975,2329Mi,60%,1413,35,35.325
Wed 23:41:00,2026m,50%,50.65,2324Mi,60%,1335,33,33.375
Wed 23:42:00,2001m,50%,50.025,2318Mi,60%,1257,31,31.425
Wed 23:43:00,2103m,52%,52.575,2315Mi,60%,1335,33,33.375
Wed 23:44:00,2069m,51%,51.725,2314Mi,60%,1374,34,34.35
Wed 23:45:00,2047m,51%,51.175,2324Mi,60%,1413,35,35.325
Wed 23:46:01,2056m,51%,51.4,2326Mi,60%,1413,35,35.325
Wed 23:47:00,1996m,49%,49.9,2318Mi,60%,1413,35,35.325
Wed 23:48:00,2178m,54%,54.45,2330Mi,60%,1374,34,34.35
Wed 23:49:01,2073m,51%,51.825,2330Mi,60%,1374,34,34.35
Wed 23:50:00,2085m,52%,52.125,2323Mi,60%,1413,35,35.325
Wed 23:51:00,2026m,50%,50.65,2332Mi,60%,1491,37,37.275
Wed 23:52:00,2077m,51%,51.925,2329Mi,60%,1530,38,38.25
Wed 23:53:00,2085m,52%,52.125,2346Mi,61%,1491,37,37.275
Wed 23:54:00,2057m,51%,51.425,2331Mi,60%,1530,38,38.25
Wed 23:55:00,2064m,51%,51.6,2345Mi,61%,1569,39,39.225
Wed 23:56:00,2095m,52%,52.375,2350Mi,61%,1647,41,41.175
Wed 23:57:00,2106m,52%,52.65,2352Mi,61%,1608,40,40.2
Wed 23:58:00,2066m,51%,51.65,2346Mi,61%,1764,44,44.1
Wed 23:59:00,2139m,53%,53.475,2348Mi,61%,1686,42,42.15
Thu 00:00:00,2094m,52%,52.35,2355Mi,61%,1647,41,41.175
Thu 00:01:00,2079m,51%,51.975,2354Mi,61%,1608,40,40.2
Thu 00:02:01,2127m,53%,53.175,2356Mi,61%,1608,40,40.2
Thu 00:03:00,2113m,52%,52.825,2352Mi,61%,1491,37,37.275
Thu 00:04:01,2062m,51%,51.55,2347Mi,61%,1530,38,38.25
Thu 00:05:00,2107m,52%,52.675,2353Mi,61%,1452,36,36.3
Thu 00:06:01,2079m,51%,51.975,2340Mi,60%,1374,34,34.35
Thu 00:07:00,2057m,51%,51.425,2338Mi,60%,1335,33,33.375
Thu 00:08:00,2094m,52%,52.35,2341Mi,60%,1374,34,34.35
Thu 00:09:00,2026m,50%,50.65,2345Mi,61%,1296,32,32.4
Thu 00:10:00,2093m,52%,52.325,2329Mi,60%,1257,31,31.425
Thu 00:11:00,2068m,51%,51.7,2338Mi,60%,1296,32,32.4
Thu 00:12:00,2015m,50%,50.375,2343Mi,60%,1413,35,35.325
Thu 00:13:00,2098m,52%,52.45,2352Mi,61%,1413,35,35.325
Thu 00:14:00,2108m,52%,52.7,2352Mi,61%,1530,38,38.25
Thu 00:15:00,2062m,51%,51.55,2352Mi,61%,1491,37,37.275
Thu 00:16:00,2049m,51%,51.225,2357Mi,61%,1374,34,34.35
Thu 00:17:00,2066m,51%,51.65,2351Mi,61%,1335,33,33.375
Thu 00:18:00,2181m,54%,54.525,2348Mi,61%,1335,33,33.375
Thu 00:19:00,2102m,52%,52.55,2348Mi,61%,1374,34,34.35
Thu 00:20:00,2069m,51%,51.725,2335Mi,60%,1413,35,35.325
Thu 00:21:00,2037m,50%,50.925,2355Mi,61%,1413,35,35.325
Thu 00:22:00,2038m,50%,50.95,2355Mi,61%,1413,35,35.325
Thu 00:23:00,2069m,51%,51.725,2344Mi,61%,1296,32,32.4
Thu 00:24:00,2018m,50%,50.45,2335Mi,60%,1296,32,32.4
Thu 00:25:00,2087m,52%,52.175,2336Mi,60%,1296,32,32.4
Thu 00:26:00,2052m,51%,51.3,2319Mi,60%,1335,33,33.375
Thu 00:27:00,2091m,52%,52.275,2326Mi,60%,1374,34,34.35
Thu 00:28:00,2037m,50%,50.925,2340Mi,60%,1491,37,37.275
Thu 00:29:00,2086m,52%,52.15,2335Mi,60%,1530,38,38.25
Thu 00:30:00,2075m,51%,51.875,2352Mi,61%,1530,38,38.25
Thu 00:31:01,2089m,52%,52.225,2335Mi,60%,1608,40,40.2
Thu 00:32:00,2134m,53%,53.35,2352Mi,61%,1530,38,38.25
Thu 00:33:00,2064m,51%,51.6,2338Mi,60%,1608,40,40.2
Thu 00:34:00,2133m,53%,53.325,2331Mi,60%,1647,41,41.175
Thu 00:35:00,2083m,52%,52.075,2342Mi,60%,1608,40,40.2
Thu 00:36:00,2146m,53%,53.65,2342Mi,60%,1569,39,39.225
Thu 00:37:00,2067m,51%,51.675,2332Mi,60%,1647,41,41.175
Thu 00:38:00,2119m,52%,52.975,2343Mi,60%,1647,41,41.175
Thu 00:39:00,2085m,52%,52.125,2345Mi,61%,1647,41,41.175
Thu 00:40:00,2113m,52%,52.825,2334Mi,60%,1569,39,39.225
Thu 00:41:01,2085m,52%,52.125,2337Mi,60%,1569,39,39.225
Thu 00:42:00,2030m,50%,50.75,2339Mi,60%,1530,38,38.25
Thu 00:43:00,2134m,53%,53.35,2339Mi,60%,1569,39,39.225
Thu 00:44:00,2145m,53%,53.625,2343Mi,60%,1491,37,37.275
Thu 00:45:00,2049m,51%,51.225,2334Mi,60%,1647,41,41.175
Thu 00:46:00,2110m,52%,52.75,2347Mi,61%,1608,40,40.2
Thu 00:47:00,2075m,51%,51.875,2336Mi,60%,1569,39,39.225
Thu 00:48:00,2167m,54%,54.175,2338Mi,60%,1530,38,38.25
Thu 00:49:00,2182m,54%,54.55,2342Mi,60%,1530,38,38.25
Thu 00:50:00,2127m,53%,53.175,2344Mi,61%,1530,38,38.25
Thu 00:51:01,2073m,51%,51.825,2342Mi,60%,1452,36,36.3
Thu 00:52:00,2094m,52%,52.35,2327Mi,60%,1413,35,35.325
Thu 00:53:00,2087m,52%,52.175,2324Mi,60%,1452,36,36.3
Thu 00:54:00,2111m,52%,52.775,2323Mi,60%,1374,34,34.35
Thu 00:55:00,2076m,51%,51.9,2336Mi,60%,1257,31,31.425
Thu 00:56:00,2017m,50%,50.425,2310Mi,60%,1374,34,34.35
Thu 00:57:00,2082m,52%,52.05,2331Mi,60%,1335,33,33.375
Thu 00:58:00,2108m,52%,52.7,2316Mi,60%,1374,34,34.35
Thu 00:59:00,2095m,52%,52.375,2334Mi,60%,1374,34,34.35
Thu 01:00:00,2036m,50%,50.9,2327Mi,60%,1374,34,34.35
Thu 01:01:00,2075m,51%,51.875,2331Mi,60%,1374,34,34.35
Thu 01:02:00,2070m,51%,51.75,2328Mi,60%,1296,32,32.4
Thu 01:03:01,2020m,50%,50.5,2325Mi,60%,1335,33,33.375
Thu 01:04:00,2100m,52%,52.5,2342Mi,60%,1335,33,33.375
Thu 01:05:00,2068m,51%,51.7,2336Mi,60%,1374,34,34.35
Thu 01:06:00,2024m,50%,50.6,2341Mi,60%,1452,36,36.3
Thu 01:07:00,2141m,53%,53.525,2339Mi,60%,1335,33,33.375
Thu 01:08:00,2024m,50%,50.6,2333Mi,60%,1296,32,32.4
Thu 01:09:00,2059m,51%,51.475,2338Mi,60%,1452,36,36.3
Thu 01:10:00,2101m,52%,52.525,2333Mi,60%,1335,33,33.375
Thu 01:11:00,2074m,51%,51.85,2341Mi,60%,1296,32,32.4
Thu 01:12:00,2008m,50%,50.2,2334Mi,60%,1374,34,34.35
Thu 01:13:00,2110m,52%,52.75,2338Mi,60%,1296,32,32.4
Thu 01:14:00,2077m,51%,51.925,2338Mi,60%,1296,32,32.4
Thu 01:15:00,2069m,51%,51.725,2337Mi,60%,1296,32,32.4
Thu 01:16:01,2033m,50%,50.825,2337Mi,60%,1374,34,34.35
Thu 01:17:00,2108m,52%,52.7,2343Mi,60%,1296,32,32.4
Thu 01:18:00,2043m,51%,51.075,2335Mi,60%,1218,30,30.45
Thu 01:19:00,2167m,54%,54.175,2331Mi,60%,1140,28,28.5
Thu 01:20:00,2065m,51%,51.625,2311Mi,60%,1101,27,27.525
Thu 01:21:00,2004m,50%,50.1,2312Mi,60%,1140,28,28.5
Thu 01:22:00,2072m,51%,51.8,2327Mi,60%,1179,29,29.475
Thu 01:23:00,2035m,50%,50.875,2324Mi,60%,1257,31,31.425
Thu 01:24:00,2053m,51%,51.325,2332Mi,60%,1296,32,32.4
Thu 01:25:00,2071m,51%,51.775,2326Mi,60%,1218,30,30.45
Thu 01:26:00,2084m,52%,52.1,2336Mi,60%,1257,31,31.425
Thu 01:27:00,2014m,50%,50.35,2338Mi,60%,1257,31,31.425
Thu 01:28:00,2071m,51%,51.775,2339Mi,60%,1335,33,33.375
Thu 01:29:00,2052m,51%,51.3,2344Mi,61%,1335,33,33.375
Thu 01:30:00,2061m,51%,51.525,2342Mi,60%,1296,32,32.4
Thu 01:31:00,2076m,51%,51.9,2340Mi,60%,1296,32,32.4
Thu 01:32:00,2067m,51%,51.675,2345Mi,61%,1296,32,32.4
Thu 01:33:01,2060m,51%,51.5,2347Mi,61%,1335,33,33.375
Thu 01:34:00,2113m,52%,52.825,2335Mi,60%,1374,34,34.35
Thu 01:35:01,2053m,51%,51.325,2350Mi,61%,1491,37,37.275
Thu 01:36:00,2075m,51%,51.875,2360Mi,61%,1374,34,34.35
Thu 01:37:00,2096m,52%,52.4,2349Mi,61%,1335,33,33.375
Thu 01:38:00,2116m,52%,52.9,2349Mi,61%,1491,37,37.275
Thu 01:39:00,2108m,52%,52.7,2343Mi,60%,1413,35,35.325
Thu 01:40:01,2102m,52%,52.55,2341Mi,60%,1452,36,36.3
Thu 01:41:00,2104m,52%,52.6,2340Mi,60%,1452,36,36.3
Thu 01:42:00,2046m,51%,51.15,2346Mi,61%,1374,34,34.35
Thu 01:43:00,2135m,53%,53.375,2342Mi,60%,1296,32,32.4
Thu 01:44:00,2104m,52%,52.6,2335Mi,60%,1218,30,30.45
Thu 01:45:00,2018m,50%,50.45,2328Mi,60%,1257,31,31.425
Thu 01:46:00,2101m,52%,52.525,2332Mi,60%,1296,32,32.4
Thu 01:47:00,2156m,53%,53.9,2335Mi,60%,1335,33,33.375
Thu 01:48:00,2040m,51%,51,2328Mi,60%,1413,35,35.325
Thu 01:49:00,2230m,55%,55.75,2333Mi,60%,1374,34,34.35
Thu 01:50:00,2087m,52%,52.175,2345Mi,61%,1452,36,36.3
Thu 01:51:00,2160m,54%,54,2351Mi,61%,1491,37,37.275
Thu 01:52:00,2091m,52%,52.275,2350Mi,61%,1374,34,34.35
Thu 01:53:00,2064m,51%,51.6,2340Mi,60%,1452,36,36.3
Thu 01:54:00,2041m,51%,51.025,2348Mi,61%,1335,33,33.375
Thu 01:55:00,2061m,51%,51.525,2342Mi,60%,1257,31,31.425
Thu 01:56:00,2145m,53%,53.625,2331Mi,60%,1335,33,33.375
Thu 01:57:00,2125m,53%,53.125,2325Mi,60%,1413,35,35.325
Thu 01:58:00,2093m,52%,52.325,2341Mi,60%,1452,36,36.3
Thu 01:59:00,2097m,52%,52.425,2345Mi,61%,1452,36,36.3
Thu 02:00:00,2084m,52%,52.1,2342Mi,60%,1335,33,33.375
Thu 02:01:00,2038m,50%,50.95,2343Mi,60%,1335,33,33.375
Thu 02:02:01,2129m,53%,53.225,2341Mi,60%,1296,32,32.4
Thu 02:03:00,2117m,52%,52.925,2327Mi,60%,1374,34,34.35
Thu 02:04:00,2113m,52%,52.825,2330Mi,60%,1491,37,37.275
Thu 02:05:00,2125m,53%,53.125,2341Mi,60%,1530,38,38.25
Thu 02:06:00,2095m,52%,52.375,2335Mi,60%,1608,40,40.2
Thu 02:07:00,2129m,53%,53.225,2346Mi,61%,1569,39,39.225
Thu 02:08:00,2146m,53%,53.65,2358Mi,61%,1569,39,39.225
Thu 02:09:00,2154m,53%,53.85,2357Mi,61%,1491,37,37.275
Thu 02:10:00,2145m,53%,53.625,2363Mi,61%,1491,37,37.275
Thu 02:11:00,2115m,52%,52.875,2371Mi,61%,1452,36,36.3
Thu 02:12:00,2132m,53%,53.3,2368Mi,61%,1452,36,36.3
Thu 02:13:00,2131m,53%,53.275,2361Mi,61%,1374,34,34.35
Thu 02:14:00,2122m,53%,53.05,2372Mi,61%,1374,34,34.35
Thu 02:15:00,2106m,52%,52.65,2346Mi,61%,1374,34,34.35
Thu 02:16:00,2122m,53%,53.05,2347Mi,61%,1296,32,32.4
Thu 02:17:00,2121m,53%,53.025,2344Mi,61%,1296,32,32.4
Thu 02:18:00,2083m,52%,52.075,2343Mi,60%,1296,32,32.4
Thu 02:19:00,2115m,52%,52.875,2344Mi,61%,1257,31,31.425
Thu 02:20:01,2176m,54%,54.4,2341Mi,60%,1257,31,31.425
Thu 02:21:00,2090m,52%,52.25,2341Mi,60%,1335,33,33.375
Thu 02:22:00,2124m,53%,53.1,2336Mi,60%,1335,33,33.375
Thu 02:23:00,2069m,51%,51.725,2355Mi,61%,1413,35,35.325
Thu 02:24:00,2145m,53%,53.625,2362Mi,61%,1374,34,34.35
Thu 02:25:00,2083m,52%,52.075,2354Mi,61%,1374,34,34.35
Thu 02:26:00,2104m,52%,52.6,2348Mi,61%,1218,30,30.45
Thu 02:27:00,2080m,52%,52,2344Mi,61%,1218,30,30.45
Thu 02:28:00,2120m,53%,53,2348Mi,61%,1257,31,31.425
Thu 02:29:00,2101m,52%,52.525,2334Mi,60%,1257,31,31.425
Thu 02:30:00,2096m,52%,52.4,2349Mi,61%,1335,33,33.375
Thu 02:31:00,2099m,52%,52.475,2343Mi,60%,1452,36,36.3
Thu 02:32:00,2154m,53%,53.85,2367Mi,61%,1413,35,35.325
Thu 02:33:00,2141m,53%,53.525,2362Mi,61%,1413,35,35.325
Thu 02:34:00,2122m,53%,53.05,2364Mi,61%,1491,37,37.275
Thu 02:35:00,2091m,52%,52.275,2371Mi,61%,1296,32,32.4
Thu 02:36:00,1528m,38%,38.2,2356Mi,61%,1218,30,30.45
Thu 02:37:01,2070m,51%,51.75,2343Mi,60%,1179,29,29.475
Thu 02:38:00,2148m,53%,53.7,2330Mi,60%,1257,31,31.425
Thu 02:39:00,2137m,53%,53.425,2352Mi,61%,1257,31,31.425
Thu 02:40:00,2079m,51%,51.975,2350Mi,61%,1296,32,32.4
Thu 02:41:00,2063m,51%,51.575,2347Mi,61%,1335,33,33.375
Thu 02:42:01,2078m,51%,51.95,2346Mi,61%,1218,30,30.45
Thu 02:43:00,2076m,51%,51.9,2345Mi,61%,1140,28,28.5
Thu 02:44:01,2146m,53%,53.65,2337Mi,60%,1179,29,29.475
Thu 02:45:00,2096m,52%,52.4,2331Mi,60%,1140,28,28.5
Thu 02:46:00,2111m,52%,52.775,2332Mi,60%,1140,28,28.5
Thu 02:47:00,2040m,51%,51,2333Mi,60%,1179,29,29.475
Thu 02:48:00,2120m,53%,53,2324Mi,60%,1179,29,29.475
Thu 02:49:00,2111m,52%,52.775,2339Mi,60%,1140,28,28.5
Thu 02:50:00,2175m,54%,54.375,2333Mi,60%,1179,29,29.475
Thu 02:51:00,2075m,51%,51.875,2339Mi,60%,1140,28,28.5
Thu 02:52:00,2074m,51%,51.85,2336Mi,60%,1101,27,27.525
Thu 02:53:00,2099m,52%,52.475,2332Mi,60%,1140,28,28.5
Thu 02:54:00,2102m,52%,52.55,2340Mi,60%,1218,30,30.45
Thu 02:55:00,2103m,52%,52.575,2344Mi,61%,1296,32,32.4
Thu 02:56:00,2144m,53%,53.6,2355Mi,61%,1335,33,33.375
Thu 02:57:00,2067m,51%,51.675,2354Mi,61%,1296,32,32.4
Thu 02:58:00,2074m,51%,51.85,2354Mi,61%,1218,30,30.45
Thu 02:59:00,2129m,53%,53.225,2343Mi,60%,1257,31,31.425
Thu 03:00:01,2119m,52%,52.975,2347Mi,61%,1257,31,31.425
Thu 03:01:00,2077m,51%,51.925,2350Mi,61%,1296,32,32.4
Thu 03:02:01,2104m,52%,52.6,2352Mi,61%,1179,29,29.475
Thu 03:03:00,2109m,52%,52.725,2345Mi,61%,1218,30,30.45
Thu 03:04:00,2047m,51%,51.175,2345Mi,61%,1179,29,29.475
Thu 03:05:00,2137m,53%,53.425,2347Mi,61%,1335,33,33.375
Thu 03:06:00,2115m,52%,52.875,2353Mi,61%,1296,32,32.4
Thu 03:07:00,2077m,51%,51.925,2356Mi,61%,1374,34,34.35
Thu 03:08:00,2089m,52%,52.225,2358Mi,61%,1335,33,33.375
Thu 03:09:00,2130m,53%,53.25,2348Mi,61%,1296,32,32.4
Thu 03:10:00,2080m,52%,52,2355Mi,61%,1218,30,30.45
Thu 03:11:00,2102m,52%,52.55,2351Mi,61%,1218,30,30.45
Thu 03:12:00,2094m,52%,52.35,2350Mi,61%,1218,30,30.45
Thu 03:13:00,2071m,51%,51.775,2346Mi,61%,1179,29,29.475
Thu 03:14:00,2070m,51%,51.75,2348Mi,61%,1179,29,29.475
Thu 03:15:00,2117m,52%,52.925,2349Mi,61%,1257,31,31.425
Thu 03:16:00,2082m,52%,52.05,2339Mi,60%,1296,32,32.4
Thu 03:17:00,2107m,52%,52.675,2358Mi,61%,1296,32,32.4
Thu 03:18:01,2115m,52%,52.875,2348Mi,61%,1374,34,34.35
Thu 03:19:00,2078m,51%,51.95,2365Mi,61%,1374,34,34.35
Thu 03:20:00,2170m,54%,54.25,2365Mi,61%,1335,33,33.375
Thu 03:21:00,2156m,53%,53.9,2362Mi,61%,1257,31,31.425
Thu 03:22:00,2049m,51%,51.225,2356Mi,61%,1257,31,31.425
Thu 03:23:00,2118m,52%,52.95,2359Mi,61%,1257,31,31.425
Thu 03:24:00,2130m,53%,53.25,2356Mi,61%,1179,29,29.475
Thu 03:25:00,2055m,51%,51.375,2352Mi,61%,1101,27,27.525
Thu 03:26:00,2077m,51%,51.925,2346Mi,61%,1140,28,28.5
Thu 03:27:00,2075m,51%,51.875,2350Mi,61%,1140,28,28.5
Thu 03:28:00,2118m,52%,52.95,2348Mi,61%,1140,28,28.5
Thu 03:29:01,2107m,52%,52.675,2341Mi,60%,1257,31,31.425
Thu 03:30:00,2089m,52%,52.225,2347Mi,61%,1335,33,33.375
Thu 03:31:00,2116m,52%,52.9,2348Mi,61%,1374,34,34.35
Thu 03:32:00,2125m,53%,53.125,2357Mi,61%,1374,34,34.35
Thu 03:33:00,2105m,52%,52.625,2356Mi,61%,1335,33,33.375
Thu 03:34:01,2107m,52%,52.675,2366Mi,61%,1257,31,31.425
Thu 03:35:00,2113m,52%,52.825,2357Mi,61%,1296,32,32.4
Thu 03:36:01,2125m,53%,53.125,2352Mi,61%,1296,32,32.4
Thu 03:37:00,2111m,52%,52.775,2365Mi,61%,1296,32,32.4
Thu 03:38:01,2083m,52%,52.075,2352Mi,61%,1335,33,33.375
Thu 03:39:00,2136m,53%,53.4,2370Mi,61%,1296,32,32.4
Thu 03:40:00,2077m,51%,51.925,2368Mi,61%,1218,30,30.45
Thu 03:41:00,2053m,51%,51.325,2361Mi,61%,1218,30,30.45
Thu 03:42:00,2099m,52%,52.475,2361Mi,61%,1218,30,30.45
Thu 03:43:00,2095m,52%,52.375,2361Mi,61%,1257,31,31.425
Thu 03:44:00,2125m,53%,53.125,2364Mi,61%,1296,32,32.4
Thu 03:45:00,2069m,51%,51.725,2367Mi,61%,1296,32,32.4
Thu 03:46:00,2092m,52%,52.3,2363Mi,61%,1296,32,32.4
Thu 03:47:00,2091m,52%,52.275,2369Mi,61%,1257,31,31.425
Thu 03:48:00,2102m,52%,52.55,2361Mi,61%,1257,31,31.425
Thu 03:49:00,2088m,52%,52.2,2367Mi,61%,1257,31,31.425
Thu 03:50:00,2081m,52%,52.025,2355Mi,61%,1335,33,33.375
Thu 03:51:00,2120m,53%,53,2374Mi,61%,1374,34,34.35
Thu 03:52:00,2119m,52%,52.975,2378Mi,61%,1413,35,35.325
Thu 03:53:00,2059m,51%,51.475,2380Mi,61%,1374,34,34.35
Thu 03:54:00,2105m,52%,52.625,2380Mi,61%,1374,34,34.35
Thu 03:55:00,2105m,52%,52.625,2381Mi,61%,1296,32,32.4
Thu 03:56:01,2066m,51%,51.65,2376Mi,61%,1257,31,31.425
Thu 03:57:00,2123m,53%,53.075,2372Mi,61%,1296,32,32.4
Thu 03:58:01,2144m,53%,53.6,2358Mi,61%,1218,30,30.45
Thu 03:59:00,2047m,51%,51.175,2369Mi,61%,1218,30,30.45
Thu 04:00:00,2113m,52%,52.825,2373Mi,61%,1296,32,32.4
Thu 04:01:00,2136m,53%,53.4,2382Mi,62%,1296,32,32.4
Thu 04:02:00,2071m,51%,51.775,2384Mi,62%,1218,30,30.45
Thu 04:03:00,2109m,52%,52.725,2372Mi,61%,1296,32,32.4
Thu 04:04:00,2085m,52%,52.125,2381Mi,61%,1257,31,31.425
Thu 04:05:00,2048m,51%,51.2,2378Mi,61%,1179,29,29.475
Thu 04:06:00,2104m,52%,52.6,2376Mi,61%,1140,28,28.5
Thu 04:07:00,2071m,51%,51.775,2369Mi,61%,1179,29,29.475
Thu 04:08:00,2117m,52%,52.925,2384Mi,62%,1218,30,30.45
Thu 04:09:00,2105m,52%,52.625,2385Mi,62%,1257,31,31.425
Thu 04:10:00,2077m,51%,51.925,2375Mi,61%,1257,31,31.425
Thu 04:11:00,2094m,52%,52.35,2393Mi,62%,1257,31,31.425
Thu 04:12:00,2085m,52%,52.125,2381Mi,61%,1218,30,30.45
Thu 04:13:00,2073m,51%,51.825,2383Mi,62%,1296,32,32.4
Thu 04:14:00,2142m,53%,53.55,2369Mi,61%,1218,30,30.45
Thu 04:15:00,2087m,52%,52.175,2377Mi,61%,1257,31,31.425
Thu 04:16:00,2126m,53%,53.15,2382Mi,61%,1257,31,31.425
Thu 04:17:00,2105m,52%,52.625,2385Mi,62%,1296,32,32.4
Thu 04:18:00,2119m,52%,52.975,2373Mi,61%,1296,32,32.4
Thu 04:19:00,2087m,52%,52.175,2389Mi,62%,1296,32,32.4
Thu 04:20:00,2128m,53%,53.2,2389Mi,62%,1257,31,31.425
Thu 04:21:00,2056m,51%,51.4,2382Mi,61%,1179,29,29.475
Thu 04:22:00,2101m,52%,52.525,2384Mi,62%,1257,31,31.425
Thu 04:23:00,2134m,53%,53.35,2387Mi,62%,1257,31,31.425
Thu 04:24:00,2055m,51%,51.375,2381Mi,61%,1179,29,29.475
Thu 04:25:00,2097m,52%,52.425,2376Mi,61%,1179,29,29.475
Thu 04:26:01,2076m,51%,51.9,2382Mi,62%,1218,30,30.45
Thu 04:27:00,2104m,52%,52.6,2371Mi,61%,1179,29,29.475
Thu 04:28:00,2057m,51%,51.425,2367Mi,61%,1179,29,29.475
Thu 04:29:00,2099m,52%,52.475,2369Mi,61%,1257,31,31.425
Thu 04:30:00,2074m,51%,51.85,2372Mi,61%,1218,30,30.45
Thu 04:31:00,2102m,52%,52.55,2368Mi,61%,1179,29,29.475
Thu 04:32:00,2073m,51%,51.825,2370Mi,61%,1179,29,29.475
Thu 04:33:00,2101m,52%,52.525,2382Mi,61%,1218,30,30.45
Thu 04:34:00,2103m,52%,52.575,2380Mi,61%,1218,30,30.45
Thu 04:35:00,2075m,51%,51.875,2382Mi,61%,1179,29,29.475
Thu 04:36:00,2147m,53%,53.675,2372Mi,61%,1218,30,30.45
Thu 04:37:01,2119m,52%,52.975,2386Mi,62%,1257,31,31.425
Thu 04:38:00,2063m,51%,51.575,2384Mi,62%,1296,32,32.4
Thu 04:39:00,2144m,53%,53.6,2392Mi,62%,1296,32,32.4
Thu 04:40:00,2084m,52%,52.1,2393Mi,62%,1374,34,34.35
Thu 04:41:00,2142m,53%,53.55,2401Mi,62%,1335,33,33.375
Thu 04:42:00,2054m,51%,51.35,2397Mi,62%,1296,32,32.4
Thu 04:43:00,2107m,52%,52.675,2393Mi,62%,1257,31,31.425
Thu 04:44:00,2089m,52%,52.225,2391Mi,62%,1101,27,27.525
Thu 04:45:00,2068m,51%,51.7,2379Mi,61%,984,24,24.6
Thu 04:46:00,2040m,51%,51,2370Mi,61%,1062,26,26.55
Thu 04:47:00,2050m,51%,51.25,2365Mi,61%,1062,26,26.55
Thu 04:48:00,2088m,52%,52.2,2381Mi,61%,1140,28,28.5
Thu 04:49:00,2060m,51%,51.5,2382Mi,62%,1179,29,29.475
Thu 04:50:00,2078m,51%,51.95,2384Mi,62%,1218,30,30.45
Thu 04:51:00,2100m,52%,52.5,2399Mi,62%,1296,32,32.4
Thu 04:52:00,2110m,52%,52.75,2393Mi,62%,1335,33,33.375
Thu 04:53:00,2102m,52%,52.55,2409Mi,62%,1335,33,33.375
Thu 04:54:01,2089m,52%,52.225,2393Mi,62%,1374,34,34.35
Thu 04:55:00,2112m,52%,52.8,2411Mi,62%,1413,35,35.325
Thu 04:56:00,2130m,53%,53.25,2398Mi,62%,1257,31,31.425
Thu 04:57:00,2058m,51%,51.45,2398Mi,62%,1179,29,29.475
Thu 04:58:00,2087m,52%,52.175,2393Mi,62%,1140,28,28.5
Thu 04:59:00,2070m,51%,51.75,2382Mi,61%,1101,27,27.525
Thu 05:00:00,2124m,53%,53.1,2386Mi,62%,1140,28,28.5
Thu 05:01:00,2116m,52%,52.9,2395Mi,62%,1296,32,32.4
Thu 05:02:01,2073m,51%,51.825,2403Mi,62%,1335,33,33.375
Thu 05:03:00,2104m,52%,52.6,2410Mi,62%,1335,33,33.375
Thu 05:04:00,2065m,51%,51.625,2412Mi,62%,1257,31,31.425
Thu 05:05:00,2077m,51%,51.925,2410Mi,62%,1179,29,29.475
Thu 05:06:00,2092m,52%,52.3,2407Mi,62%,1218,30,30.45
Thu 05:07:00,2083m,52%,52.075,2407Mi,62%,1296,32,32.4
Thu 05:08:00,2125m,53%,53.125,2414Mi,62%,1296,32,32.4
Thu 05:09:00,2130m,53%,53.25,2417Mi,62%,1374,34,34.35
Thu 05:10:00,2058m,51%,51.45,2412Mi,62%,1413,35,35.325
Thu 05:11:00,2120m,53%,53,2413Mi,62%,1452,36,36.3
Thu 05:12:00,2116m,52%,52.9,2429Mi,63%,1374,34,34.35
Thu 05:13:00,2116m,52%,52.9,2427Mi,63%,1335,33,33.375
Thu 05:14:00,2149m,53%,53.725,2411Mi,62%,1413,35,35.325
Thu 05:15:00,2121m,53%,53.025,2423Mi,63%,1374,34,34.35
Thu 05:16:00,2111m,52%,52.775,2422Mi,63%,1374,34,34.35
Thu 05:17:00,2140m,53%,53.5,2424Mi,63%,1374,34,34.35
Thu 05:18:00,2090m,52%,52.25,2424Mi,63%,1374,34,34.35
Thu 05:19:00,2136m,53%,53.4,2409Mi,62%,1296,32,32.4
Thu 05:20:00,2106m,52%,52.65,2420Mi,62%,1335,33,33.375
Thu 05:21:00,2089m,52%,52.225,2417Mi,62%,1374,34,34.35
Thu 05:22:00,2127m,53%,53.175,2427Mi,63%,1374,34,34.35
Thu 05:23:01,2106m,52%,52.65,2417Mi,62%,1335,33,33.375
Thu 05:24:00,2092m,52%,52.3,2424Mi,63%,1335,33,33.375
Thu 05:25:00,2119m,52%,52.975,2424Mi,63%,1413,35,35.325
Thu 05:26:00,2136m,53%,53.4,2431Mi,63%,1374,34,34.35
Thu 05:27:00,2097m,52%,52.425,2416Mi,62%,1335,33,33.375
Thu 05:28:00,2085m,52%,52.125,2418Mi,62%,1335,33,33.375
Thu 05:29:00,2094m,52%,52.35,2426Mi,63%,1296,32,32.4
Thu 05:30:00,2089m,52%,52.225,2418Mi,62%,1257,31,31.425
Thu 05:31:00,2105m,52%,52.625,2418Mi,62%,1218,30,30.45
Thu 05:32:01,2100m,52%,52.5,2416Mi,62%,1296,32,32.4
Thu 05:33:00,2105m,52%,52.625,2422Mi,63%,1218,30,30.45
Thu 05:34:00,2039m,50%,50.975,2415Mi,62%,1257,31,31.425
Thu 05:35:00,2112m,52%,52.8,2412Mi,62%,1257,31,31.425
Thu 05:36:00,2097m,52%,52.425,2420Mi,63%,1218,30,30.45
Thu 05:37:00,2067m,51%,51.675,2403Mi,62%,1101,27,27.525
Thu 05:38:00,2076m,51%,51.9,2410Mi,62%,1140,28,28.5
Thu 05:39:00,2083m,52%,52.075,2410Mi,62%,1179,29,29.475
Thu 05:40:00,2047m,51%,51.175,2415Mi,62%,1179,29,29.475
Thu 05:41:00,2130m,53%,53.25,2414Mi,62%,1257,31,31.425
Thu 05:42:00,2095m,52%,52.375,2405Mi,62%,1296,32,32.4
Thu 05:43:00,2088m,52%,52.2,2426Mi,63%,1335,33,33.375
Thu 05:44:00,2107m,52%,52.675,2415Mi,62%,1413,35,35.325
Thu 05:45:00,2047m,51%,51.175,2422Mi,63%,1335,33,33.375
Thu 05:46:00,2126m,53%,53.15,2421Mi,63%,1335,33,33.375
Thu 05:47:00,2105m,52%,52.625,2422Mi,63%,1335,33,33.375
Thu 05:48:00,2127m,53%,53.175,2424Mi,63%,1296,32,32.4
Thu 05:49:00,2115m,52%,52.875,2420Mi,62%,1257,31,31.425
Thu 05:50:00,2065m,51%,51.625,2417Mi,62%,1179,29,29.475
Thu 05:51:00,2131m,53%,53.275,2410Mi,62%,1218,30,30.45
Thu 05:52:00,2126m,53%,53.15,2411Mi,62%,1179,29,29.475
Thu 05:53:00,2116m,52%,52.9,2408Mi,62%,1179,29,29.475
Thu 05:54:00,2108m,52%,52.7,2398Mi,62%,1257,31,31.425
Thu 05:55:01,2075m,51%,51.875,2415Mi,62%,1335,33,33.375
Thu 05:56:00,2160m,54%,54,2423Mi,63%,1335,33,33.375
Thu 05:57:00,2074m,51%,51.85,2422Mi,63%,1413,35,35.325
Thu 05:58:00,2153m,53%,53.825,2410Mi,62%,1335,33,33.375
Thu 05:59:00,2105m,52%,52.625,2412Mi,62%,1296,32,32.4
Thu 06:00:00,2028m,50%,50.7,2418Mi,62%,1296,32,32.4
Thu 06:01:00,2158m,53%,53.95,2417Mi,62%,1296,32,32.4
Thu 06:02:01,2053m,51%,51.325,2410Mi,62%,1179,29,29.475
Thu 06:03:00,2107m,52%,52.675,2413Mi,62%,1257,31,31.425
Thu 06:04:00,2140m,53%,53.5,2415Mi,62%,1374,34,34.35
Thu 06:05:01,2074m,51%,51.85,2409Mi,62%,1296,32,32.4
Thu 06:06:00,2100m,52%,52.5,2422Mi,63%,1413,35,35.325
Thu 06:07:00,2108m,52%,52.7,2425Mi,63%,1452,36,36.3
Thu 06:08:00,2129m,53%,53.225,2430Mi,63%,1452,36,36.3
Thu 06:09:00,2125m,53%,53.125,2434Mi,63%,1413,35,35.325
Thu 06:10:00,2089m,52%,52.225,2432Mi,63%,1413,35,35.325
Thu 06:11:00,2100m,52%,52.5,2430Mi,63%,1413,35,35.325
Thu 06:12:00,2099m,52%,52.475,2427Mi,63%,1296,32,32.4
Thu 06:13:01,2090m,52%,52.25,2418Mi,62%,1374,34,34.35
Thu 06:14:00,2093m,52%,52.325,2416Mi,62%,1335,33,33.375
Thu 06:15:00,2129m,53%,53.225,2418Mi,62%,1296,32,32.4
Thu 06:16:01,2126m,53%,53.15,2422Mi,63%,1296,32,32.4
Thu 06:17:00,2060m,51%,51.5,2421Mi,63%,1296,32,32.4
Thu 06:18:00,2091m,52%,52.275,2419Mi,62%,1296,32,32.4
Thu 06:19:00,2065m,51%,51.625,2419Mi,62%,1257,31,31.425
Thu 06:20:00,2127m,53%,53.175,2404Mi,62%,1257,31,31.425
Thu 06:21:00,2104m,52%,52.6,2417Mi,62%,1374,34,34.35
Thu 06:22:00,2137m,53%,53.425,2427Mi,63%,1452,36,36.3
Thu 06:23:01,2118m,52%,52.95,2433Mi,63%,1452,36,36.3
Thu 06:24:00,2100m,52%,52.5,2436Mi,63%,1530,38,38.25
Thu 06:25:00,2121m,53%,53.025,2439Mi,63%,1491,37,37.275
Thu 06:26:00,2130m,53%,53.25,2424Mi,63%,1374,34,34.35
Thu 06:27:00,2109m,52%,52.725,2427Mi,63%,1296,32,32.4
Thu 06:28:01,2100m,52%,52.5,2422Mi,63%,1257,31,31.425
Thu 06:29:00,2130m,53%,53.25,2430Mi,63%,1257,31,31.425
Thu 06:30:00,2115m,52%,52.875,2423Mi,63%,1296,32,32.4
Thu 06:31:00,2126m,53%,53.15,2419Mi,62%,1374,34,34.35
Thu 06:32:00,2143m,53%,53.575,2434Mi,63%,1452,36,36.3
Thu 06:33:00,2087m,52%,52.175,2440Mi,63%,1530,38,38.25
Thu 06:34:00,2155m,53%,53.875,2448Mi,63%,1452,36,36.3
Thu 06:35:01,2094m,52%,52.35,2442Mi,63%,1374,34,34.35
Thu 06:36:00,2090m,52%,52.25,2432Mi,63%,1257,31,31.425
Thu 06:37:00,2075m,51%,51.875,2428Mi,63%,1296,32,32.4
Thu 06:38:00,2140m,53%,53.5,2429Mi,63%,1257,31,31.425
Thu 06:39:00,2137m,53%,53.425,2420Mi,62%,1218,30,30.45
Thu 06:40:00,2046m,51%,51.15,2421Mi,63%,1218,30,30.45
Thu 06:41:00,2082m,52%,52.05,2424Mi,63%,1257,31,31.425
Thu 06:42:00,2109m,52%,52.725,2423Mi,63%,1257,31,31.425
Thu 06:43:00,2098m,52%,52.45,2416Mi,62%,1179,29,29.475
Thu 06:44:00,2082m,52%,52.05,2413Mi,62%,1218,30,30.45
Thu 06:45:00,2113m,52%,52.825,2419Mi,62%,1257,31,31.425
Thu 06:46:00,2038m,50%,50.95,2422Mi,63%,1218,30,30.45
Thu 06:47:00,2118m,52%,52.95,2420Mi,62%,1257,31,31.425
Thu 06:48:00,2121m,53%,53.025,2406Mi,62%,1296,32,32.4
Thu 06:49:00,2086m,52%,52.15,2422Mi,63%,1335,33,33.375
Thu 06:50:00,2130m,53%,53.25,2431Mi,63%,1335,33,33.375
Thu 06:51:00,2097m,52%,52.425,2421Mi,63%,1413,35,35.325
Thu 06:52:00,2063m,51%,51.575,2437Mi,63%,1374,34,34.35
Thu 06:53:00,2107m,52%,52.675,2435Mi,63%,1257,31,31.425
Thu 06:54:00,2120m,53%,53,2426Mi,63%,1296,32,32.4
Thu 06:55:00,2101m,52%,52.525,2433Mi,63%,1218,30,30.45
Thu 06:56:00,2087m,52%,52.175,2424Mi,63%,1179,29,29.475
Thu 06:57:00,2072m,51%,51.8,2413Mi,62%,1179,29,29.475
Thu 06:58:01,2090m,52%,52.25,2415Mi,62%,1257,31,31.425
Thu 06:59:00,2111m,52%,52.775,2419Mi,62%,1140,28,28.5
Thu 07:00:00,2068m,51%,51.7,2416Mi,62%,1062,26,26.55
Thu 07:01:00,2067m,51%,51.675,2408Mi,62%,1062,26,26.55
Thu 07:02:00,2056m,51%,51.4,2395Mi,62%,1140,28,28.5
Thu 07:03:00,2093m,52%,52.325,2418Mi,62%,1101,27,27.525
Thu 07:04:00,2115m,52%,52.875,2407Mi,62%,1101,27,27.525
Thu 07:05:00,2103m,52%,52.575,2413Mi,62%,1257,31,31.425
Thu 07:06:00,2099m,52%,52.475,2422Mi,63%,1335,33,33.375
Thu 07:07:01,2137m,53%,53.425,2430Mi,63%,1257,31,31.425
Thu 07:08:00,2128m,53%,53.2,2422Mi,63%,1335,33,33.375
Thu 07:09:00,2115m,52%,52.875,2424Mi,63%,1335,33,33.375
Thu 07:10:00,2127m,53%,53.175,2428Mi,63%,1335,33,33.375
Thu 07:11:00,2112m,52%,52.8,2429Mi,63%,1335,33,33.375
Thu 07:12:01,2127m,53%,53.175,2430Mi,63%,1335,33,33.375
Thu 07:13:00,2117m,52%,52.925,2413Mi,62%,1335,33,33.375
Thu 07:14:00,2121m,53%,53.025,2410Mi,62%,1413,35,35.325
Thu 07:15:00,2146m,53%,53.65,2420Mi,63%,1374,34,34.35
Thu 07:16:01,2096m,52%,52.4,2422Mi,63%,1335,33,33.375
Thu 07:17:00,2137m,53%,53.425,2421Mi,63%,1374,34,34.35
Thu 07:18:00,2131m,53%,53.275,2420Mi,62%,1374,34,34.35
Thu 07:19:00,2171m,54%,54.275,2423Mi,63%,1413,35,35.325
Thu 07:20:00,2162m,54%,54.05,2414Mi,62%,1374,34,34.35
Thu 07:21:00,2093m,52%,52.325,2418Mi,62%,1413,35,35.325
Thu 07:22:00,2121m,53%,53.025,2424Mi,63%,1452,36,36.3
Thu 07:23:00,2143m,53%,53.575,2420Mi,62%,1413,35,35.325
Thu 07:24:00,2101m,52%,52.525,2421Mi,63%,1413,35,35.325
Thu 07:25:00,2194m,54%,54.85,2424Mi,63%,1452,36,36.3
Thu 07:26:01,2099m,52%,52.475,2426Mi,63%,1452,36,36.3
Thu 07:27:00,2129m,53%,53.225,2434Mi,63%,1491,37,37.275
Thu 07:28:00,2167m,54%,54.175,2427Mi,63%,1452,36,36.3
Thu 07:29:00,2097m,52%,52.425,2411Mi,62%,1413,35,35.325
Thu 07:30:00,2166m,54%,54.15,2414Mi,62%,1413,35,35.325
Thu 07:31:00,2100m,52%,52.5,2426Mi,63%,1452,36,36.3
Thu 07:32:01,2135m,53%,53.375,2431Mi,63%,1335,33,33.375
Thu 07:33:00,2111m,52%,52.775,2417Mi,62%,1452,36,36.3
Thu 07:34:00,2134m,53%,53.35,2420Mi,62%,1413,35,35.325
Thu 07:35:00,2133m,53%,53.325,2418Mi,62%,1413,35,35.325
Thu 07:36:00,2102m,52%,52.55,2425Mi,63%,1335,33,33.375
Thu 07:37:00,2107m,52%,52.675,2409Mi,62%,1335,33,33.375
Thu 07:38:00,2070m,51%,51.75,2422Mi,63%,1296,32,32.4
Thu 07:39:00,2159m,53%,53.975,2419Mi,62%,1257,31,31.425
Thu 07:40:00,2125m,53%,53.125,2416Mi,62%,1257,31,31.425
Thu 07:41:00,2074m,51%,51.85,2409Mi,62%,1257,31,31.425
Thu 07:42:00,2128m,53%,53.2,2419Mi,62%,1296,32,32.4
Thu 07:43:00,2139m,53%,53.475,2406Mi,62%,1257,31,31.425
Thu 07:44:01,2139m,53%,53.475,2419Mi,62%,1296,32,32.4
Thu 07:45:00,2092m,52%,52.3,2421Mi,63%,1296,32,32.4
Thu 07:46:00,2136m,53%,53.4,2418Mi,62%,1374,34,34.35
Thu 07:47:00,2147m,53%,53.675,2430Mi,63%,1374,34,34.35
Thu 07:48:00,2104m,52%,52.6,2433Mi,63%,1374,34,34.35
Thu 07:49:00,2137m,53%,53.425,2430Mi,63%,1335,33,33.375
Thu 07:50:00,2111m,52%,52.775,2431Mi,63%,1335,33,33.375
Thu 07:51:01,2106m,52%,52.65,2432Mi,63%,1179,29,29.475
Thu 07:52:00,2077m,51%,51.925,2410Mi,62%,1101,27,27.525
Thu 07:53:00,2093m,52%,52.325,2420Mi,62%,1062,26,26.55
Thu 07:54:00,2056m,51%,51.4,2398Mi,62%,1140,28,28.5
Thu 07:55:00,2131m,53%,53.275,2422Mi,63%,1179,29,29.475
Thu 07:56:00,2139m,53%,53.475,2425Mi,63%,1296,32,32.4
Thu 07:57:00,2063m,51%,51.575,2431Mi,63%,1413,35,35.325
Thu 07:58:00,2147m,53%,53.675,2434Mi,63%,1452,36,36.3
Thu 07:59:00,2094m,52%,52.35,2436Mi,63%,1374,34,34.35
Thu 08:00:00,2122m,53%,53.05,2434Mi,63%,1296,32,32.4
Thu 08:01:00,2089m,52%,52.225,2438Mi,63%,1296,32,32.4
Thu 08:02:00,2120m,53%,53,2439Mi,63%,1335,33,33.375
Thu 08:03:00,2169m,54%,54.225,2431Mi,63%,1257,31,31.425
Thu 08:04:01,2063m,51%,51.575,2423Mi,63%,1335,33,33.375
Thu 08:05:00,2128m,53%,53.2,2426Mi,63%,1374,34,34.35
Thu 08:06:01,2098m,52%,52.45,2441Mi,63%,1413,35,35.325
Thu 08:07:00,2139m,53%,53.475,2437Mi,63%,1569,39,39.225
Thu 08:08:00,2181m,54%,54.525,2456Mi,63%,1608,40,40.2
Thu 08:09:00,2106m,52%,52.65,2463Mi,64%,1725,43,43.125
Thu 08:10:00,2183m,54%,54.575,2469Mi,64%,1686,42,42.15
Thu 08:11:00,2158m,53%,53.95,2467Mi,64%,1764,44,44.1
Thu 08:12:00,2150m,53%,53.75,2474Mi,64%,1569,39,39.225
Thu 08:13:00,2141m,53%,53.525,2461Mi,64%,1569,39,39.225
Thu 08:14:00,2138m,53%,53.45,2451Mi,63%,1491,37,37.275
Thu 08:15:00,2130m,53%,53.25,2454Mi,63%,1569,39,39.225
Thu 08:16:00,2174m,54%,54.35,2458Mi,63%,1569,39,39.225
Thu 08:17:00,2197m,54%,54.925,2455Mi,63%,1608,40,40.2
Thu 08:18:00,2135m,53%,53.375,2459Mi,64%,1569,39,39.225
Thu 08:19:00,2105m,52%,52.625,2448Mi,63%,1608,40,40.2
Thu 08:20:00,2162m,54%,54.05,2459Mi,64%,1530,38,38.25
Thu 08:21:00,2169m,54%,54.225,2434Mi,63%,1452,36,36.3
Thu 08:22:01,2133m,53%,53.325,2446Mi,63%,1530,38,38.25
Thu 08:23:00,2192m,54%,54.8,2454Mi,63%,1647,41,41.175
Thu 08:24:00,2193m,54%,54.825,2444Mi,63%,1647,41,41.175
Thu 08:25:01,2179m,54%,54.475,2459Mi,64%,1647,41,41.175
Thu 08:26:00,2180m,54%,54.5,2459Mi,64%,1686,42,42.15
Thu 08:27:00,2119m,52%,52.975,2456Mi,63%,1686,42,42.15
Thu 08:28:01,2204m,55%,55.1,2447Mi,63%,1608,40,40.2
Thu 08:29:00,2136m,53%,53.4,2452Mi,63%,1569,39,39.225
Thu 08:30:00,2186m,54%,54.65,2446Mi,63%,1569,39,39.225
Thu 08:31:00,2196m,54%,54.9,2435Mi,63%,1686,42,42.15
Thu 08:32:00,2118m,52%,52.95,2446Mi,63%,1569,39,39.225
Thu 08:33:00,2163m,54%,54.075,2445Mi,63%,1569,39,39.225
Thu 08:34:00,2124m,53%,53.1,2450Mi,63%,1608,40,40.2
Thu 08:35:00,2198m,54%,54.95,2448Mi,63%,1569,39,39.225
Thu 08:36:00,2140m,53%,53.5,2440Mi,63%,1569,39,39.225
Thu 08:37:00,2178m,54%,54.45,2448Mi,63%,1569,39,39.225
Thu 08:38:00,2180m,54%,54.5,2435Mi,63%,1569,39,39.225
Thu 08:39:00,2090m,52%,52.25,2438Mi,63%,1491,37,37.275
Thu 08:40:00,2159m,53%,53.975,2443Mi,63%,1491,37,37.275
Thu 08:41:00,2151m,53%,53.775,2447Mi,63%,1452,36,36.3
Thu 08:42:00,2124m,53%,53.1,2435Mi,63%,1335,33,33.375
Thu 08:43:00,2116m,52%,52.9,2429Mi,63%,1413,35,35.325
Thu 08:44:00,2128m,53%,53.2,2434Mi,63%,1452,36,36.3
Thu 08:45:00,2128m,53%,53.2,2436Mi,63%,1374,34,34.35
Thu 08:46:00,2110m,52%,52.75,2434Mi,63%,1296,32,32.4
Thu 08:47:00,2097m,52%,52.425,2416Mi,62%,1335,33,33.375
Thu 08:48:00,2113m,52%,52.825,2427Mi,63%,1296,32,32.4
Thu 08:49:00,2083m,52%,52.075,2424Mi,63%,1218,30,30.45
Thu 08:50:00,2102m,52%,52.55,2416Mi,62%,1335,33,33.375
Thu 08:51:00,2133m,53%,53.325,2424Mi,63%,1413,35,35.325
Thu 08:52:00,2116m,52%,52.9,2417Mi,62%,1452,36,36.3
Thu 08:53:00,2115m,52%,52.875,2433Mi,63%,1452,36,36.3
Thu 08:54:00,2121m,53%,53.025,2432Mi,63%,1413,35,35.325
Thu 08:55:00,2091m,52%,52.275,2436Mi,63%,1452,36,36.3
Thu 08:56:00,2152m,53%,53.8,2437Mi,63%,1491,37,37.275
Thu 08:57:00,2190m,54%,54.75,2438Mi,63%,1452,36,36.3
Thu 08:58:01,2123m,53%,53.075,2430Mi,63%,1452,36,36.3
Thu 08:59:01,2129m,53%,53.225,2434Mi,63%,1452,36,36.3
Thu 09:00:00,2139m,53%,53.475,2441Mi,63%,1491,37,37.275
Thu 09:01:00,2148m,53%,53.7,2444Mi,63%,1452,36,36.3
Thu 09:02:00,2101m,52%,52.525,2434Mi,63%,1413,35,35.325
Thu 09:03:00,2165m,54%,54.125,2442Mi,63%,1491,37,37.275
Thu 09:04:00,2158m,53%,53.95,2447Mi,63%,1530,38,38.25
Thu 09:05:00,2133m,53%,53.325,2451Mi,63%,1530,38,38.25
Thu 09:06:01,2186m,54%,54.65,2458Mi,63%,1530,38,38.25
Thu 09:07:00,2118m,52%,52.95,2453Mi,63%,1569,39,39.225
Thu 09:08:00,2172m,54%,54.3,2445Mi,63%,1608,40,40.2
Thu 09:09:00,2167m,54%,54.175,2456Mi,63%,1491,37,37.275
Thu 09:10:00,2115m,52%,52.875,2433Mi,63%,1530,38,38.25
Thu 09:11:00,2186m,54%,54.65,2438Mi,63%,1452,36,36.3
Thu 09:12:00,2089m,52%,52.225,2445Mi,63%,1569,39,39.225
Thu 09:13:01,2168m,54%,54.2,2443Mi,63%,1491,37,37.275
Thu 09:14:00,2146m,53%,53.65,2447Mi,63%,1569,39,39.225
Thu 09:15:01,2134m,53%,53.35,2443Mi,63%,1530,38,38.25
Thu 09:16:00,2186m,54%,54.65,2443Mi,63%,1569,39,39.225
Thu 09:17:00,2119m,52%,52.975,2457Mi,63%,1608,40,40.2
Thu 09:18:00,2172m,54%,54.3,2460Mi,64%,1452,36,36.3
Thu 09:19:00,2137m,53%,53.425,2442Mi,63%,1491,37,37.275
Thu 09:20:00,2154m,53%,53.85,2452Mi,63%,1530,38,38.25
Thu 09:21:00,2122m,53%,53.05,2456Mi,63%,1452,36,36.3
Thu 09:22:00,2132m,53%,53.3,2447Mi,63%,1374,34,34.35
Thu 09:23:00,2146m,53%,53.65,2444Mi,63%,1413,35,35.325
Thu 09:24:00,2155m,53%,53.875,2448Mi,63%,1452,36,36.3
Thu 09:25:01,2128m,53%,53.2,2444Mi,63%,1530,38,38.25
Thu 09:26:00,2172m,54%,54.3,2461Mi,64%,1491,37,37.275
Thu 09:27:01,2127m,53%,53.175,2458Mi,63%,1569,39,39.225
Thu 09:28:00,2145m,53%,53.625,2458Mi,63%,1569,39,39.225
Thu 09:29:00,2149m,53%,53.725,2447Mi,63%,1491,37,37.275
Thu 09:30:00,2114m,52%,52.85,2460Mi,64%,1530,38,38.25
Thu 09:31:00,2187m,54%,54.675,2463Mi,64%,1569,39,39.225
Thu 09:32:00,2161m,54%,54.025,2464Mi,64%,1647,41,41.175
Thu 09:33:00,2180m,54%,54.5,2461Mi,64%,1569,39,39.225
Thu 09:34:00,2169m,54%,54.225,2457Mi,63%,1725,43,43.125
Thu 09:35:00,2166m,54%,54.15,2462Mi,64%,1647,41,41.175
Thu 09:36:00,2172m,54%,54.3,2459Mi,64%,1569,39,39.225
Thu 09:37:01,2154m,53%,53.85,2453Mi,63%,1530,38,38.25
Thu 09:38:00,2167m,54%,54.175,2456Mi,63%,1647,41,41.175
Thu 09:39:00,2192m,54%,54.8,2465Mi,64%,1569,39,39.225
Thu 09:40:00,2150m,53%,53.75,2455Mi,63%,1569,39,39.225
Thu 09:41:00,2162m,54%,54.05,2459Mi,63%,1530,38,38.25
Thu 09:42:00,2125m,53%,53.125,2455Mi,63%,1530,38,38.25
Thu 09:43:00,2139m,53%,53.475,2443Mi,63%,1530,38,38.25
Thu 09:44:01,2136m,53%,53.4,2448Mi,63%,1374,34,34.35
Thu 09:45:00,2173m,54%,54.325,2454Mi,63%,1335,33,33.375
Thu 09:46:00,2115m,52%,52.875,2450Mi,63%,1374,34,34.35
Thu 09:47:00,2176m,54%,54.4,2451Mi,63%,1452,36,36.3
Thu 09:48:00,2119m,52%,52.975,2457Mi,63%,1374,34,34.35
Thu 09:49:00,2128m,53%,53.2,2455Mi,63%,1374,34,34.35
Thu 09:50:00,2131m,53%,53.275,2450Mi,63%,1335,33,33.375
Thu 09:51:00,2068m,51%,51.7,2449Mi,63%,1335,33,33.375
Thu 09:52:00,2159m,53%,53.975,2452Mi,63%,1335,33,33.375
Thu 09:53:00,2142m,53%,53.55,2449Mi,63%,1374,34,34.35
Thu 09:54:01,2123m,53%,53.075,2454Mi,63%,1452,36,36.3
Thu 09:55:00,2145m,53%,53.625,2460Mi,64%,1491,37,37.275
Thu 09:56:00,2144m,53%,53.6,2464Mi,64%,1569,39,39.225
Thu 09:57:00,2157m,53%,53.925,2474Mi,64%,1530,38,38.25
Thu 09:58:00,2127m,53%,53.175,2466Mi,64%,1647,41,41.175
Thu 09:59:00,2200m,55%,55,2478Mi,64%,1725,43,43.125
Thu 10:00:00,2189m,54%,54.725,2472Mi,64%,1764,44,44.1
Thu 10:01:01,2227m,55%,55.675,2534Mi,65%,3636,90,90.9
Thu 10:02:00,2981m,74%,74.525,2570Mi,66%,3831,95,95.775
Thu 10:03:00,2517m,62%,62.925,2558Mi,66%,3597,89,89.925
Thu 10:04:00,2262m,56%,56.55,2605Mi,67%,3675,91,91.875
Thu 10:05:00,2315m,57%,57.875,2561Mi,66%,3636,90,90.9
Thu 10:06:00,2375m,59%,59.375,2571Mi,66%,3636,90,90.9
Thu 10:07:01,2937m,73%,73.425,2546Mi,66%,3636,90,90.9
Thu 10:08:00,2829m,70%,70.725,2569Mi,66%,3714,92,92.85
Thu 10:09:00,2604m,65%,65.1,2575Mi,67%,3753,93,93.825
Thu 10:10:00,2316m,57%,57.9,2579Mi,67%,3636,90,90.9
Thu 10:11:00,2505m,62%,62.625,2581Mi,67%,3636,90,90.9
Thu 10:12:00,2807m,70%,70.175,2571Mi,66%,3597,89,89.925
Thu 10:13:00,2829m,70%,70.725,2578Mi,67%,3636,90,90.9
Thu 10:14:00,2571m,64%,64.275,2578Mi,67%,3636,90,90.9
Thu 10:15:00,2342m,58%,58.55,2584Mi,67%,3636,90,90.9
Thu 10:16:00,2432m,60%,60.8,2598Mi,67%,3636,90,90.9
Thu 10:17:00,2830m,70%,70.75,2574Mi,67%,3636,90,90.9
Thu 10:18:00,2953m,73%,73.825,2577Mi,67%,3714,92,92.85
Thu 10:19:00,2518m,62%,62.95,2597Mi,67%,3636,90,90.9
Thu 10:20:00,2376m,59%,59.4,2563Mi,66%,3636,90,90.9
Thu 10:21:00,2406m,60%,60.15,2576Mi,67%,3597,89,89.925
Thu 10:22:00,3011m,75%,75.275,2557Mi,66%,3597,89,89.925
Thu 10:23:00,3011m,75%,75.275,2557Mi,66%,3636,90,90.9
Thu 10:24:00,2580m,64%,64.5,2560Mi,66%,3675,91,91.875
Thu 10:25:00,2369m,59%,59.225,2555Mi,66%,3636,90,90.9
Thu 10:26:00,2453m,61%,61.325,2569Mi,66%,3597,89,89.925
Thu 10:27:00,2607m,65%,65.175,2566Mi,66%,3636,90,90.9
Thu 10:28:00,2971m,74%,74.275,2550Mi,66%,3636,90,90.9
Thu 10:29:00,2566m,64%,64.15,2562Mi,66%,3636,90,90.9
Thu 10:30:00,2379m,59%,59.475,2564Mi,66%,3636,90,90.9
Thu 10:31:00,2397m,59%,59.925,2552Mi,66%,3636,90,90.9
Thu 10:32:00,2683m,67%,67.075,2565Mi,66%,3675,91,91.875
Thu 10:33:00,2885m,72%,72.125,2584Mi,67%,3636,90,90.9
Thu 10:34:00,2626m,65%,65.65,2573Mi,66%,3636,90,90.9
Thu 10:35:00,2365m,59%,59.125,2575Mi,67%,3597,89,89.925
Thu 10:36:00,2518m,62%,62.95,2582Mi,67%,3636,90,90.9
Thu 10:37:00,2613m,65%,65.325,2564Mi,66%,3636,90,90.9
Thu 10:38:00,2943m,73%,73.575,2543Mi,66%,3558,88,88.95
Thu 10:39:00,2611m,65%,65.275,2545Mi,66%,3636,90,90.9
Thu 10:40:01,2441m,61%,61.025,2560Mi,66%,3675,91,91.875
Thu 10:41:00,2549m,63%,63.725,2569Mi,66%,3597,89,89.925
Thu 10:42:00,2568m,64%,64.2,2607Mi,67%,3636,90,90.9
Thu 10:43:00,2718m,67%,67.95,2540Mi,66%,3636,90,90.9
Thu 10:44:00,2755m,68%,68.875,2562Mi,66%,3675,91,91.875
Thu 10:45:00,2461m,61%,61.525,2561Mi,66%,3636,90,90.9
Thu 10:46:01,2412m,60%,60.3,2564Mi,66%,3636,90,90.9
Thu 10:47:00,2558m,63%,63.95,2566Mi,66%,3597,89,89.925
Thu 10:48:00,2917m,72%,72.925,2541Mi,66%,3636,90,90.9
Thu 10:49:01,2694m,67%,67.35,2548Mi,66%,3636,90,90.9
Thu 10:50:00,2491m,62%,62.275,2568Mi,66%,3636,90,90.9
Thu 10:51:00,2342m,58%,58.55,2573Mi,66%,3636,90,90.9
Thu 10:52:00,2530m,63%,63.25,2557Mi,66%,3636,90,90.9
Thu 10:53:00,2792m,69%,69.8,2561Mi,66%,3636,90,90.9
Thu 10:54:00,2684m,67%,67.1,2559Mi,66%,3675,91,91.875
Thu 10:55:00,2480m,62%,62,2575Mi,67%,3636,90,90.9
Thu 10:56:00,2443m,61%,61.075,2569Mi,66%,3636,90,90.9
Thu 10:57:00,2550m,63%,63.75,2576Mi,67%,3636,90,90.9
Thu 10:58:00,2697m,67%,67.425,2584Mi,67%,3636,90,90.9
Thu 10:59:00,2596m,64%,64.9,2582Mi,67%,3597,89,89.925
Thu 11:00:00,2560m,64%,64,2576Mi,67%,3675,91,91.875
Thu 11:01:00,2503m,62%,62.575,2601Mi,67%,3597,89,89.925
Thu 11:02:01,2539m,63%,63.475,2537Mi,66%,3636,90,90.9
Thu 11:03:00,2710m,67%,67.75,2558Mi,66%,3636,90,90.9
Thu 11:04:00,2648m,66%,66.2,2562Mi,66%,3636,90,90.9
Thu 11:05:00,2638m,65%,65.95,2567Mi,66%,3636,90,90.9
Thu 11:06:00,2495m,62%,62.375,2562Mi,66%,3636,90,90.9
Thu 11:07:00,2490m,62%,62.25,2574Mi,66%,3675,91,91.875
Thu 11:08:00,2877m,71%,71.925,2630Mi,68%,3675,91,91.875
Thu 11:09:00,2498m,62%,62.45,2585Mi,67%,3636,90,90.9
Thu 11:10:00,2657m,66%,66.425,2600Mi,67%,3636,90,90.9
Thu 11:11:00,2470m,61%,61.75,2604Mi,67%,3636,90,90.9
Thu 11:12:00,2589m,64%,64.725,2573Mi,66%,3636,90,90.9
Thu 11:13:00,2653m,66%,66.325,2589Mi,67%,3636,90,90.9
Thu 11:14:00,2671m,66%,66.775,2599Mi,67%,3675,91,91.875
Thu 11:15:00,2695m,67%,67.375,2579Mi,67%,3636,90,90.9
Thu 11:16:00,2495m,62%,62.375,2580Mi,67%,3636,90,90.9
Thu 11:17:01,2628m,65%,65.7,2590Mi,67%,3636,90,90.9
Thu 11:18:00,2617m,65%,65.425,2604Mi,67%,3675,91,91.875
Thu 11:19:00,2710m,67%,67.75,2609Mi,67%,3636,90,90.9
Thu 11:20:00,2668m,66%,66.7,2584Mi,67%,3636,90,90.9
Thu 11:21:00,2561m,64%,64.025,2595Mi,67%,3636,90,90.9
Thu 11:22:01,2499m,62%,62.475,2603Mi,67%,3636,90,90.9
Thu 11:23:00,2553m,63%,63.825,2608Mi,67%,3636,90,90.9
Thu 11:24:00,2563m,64%,64.075,2578Mi,67%,3636,90,90.9
Thu 11:25:00,2712m,67%,67.8,2581Mi,67%,3636,90,90.9
Thu 11:26:00,2545m,63%,63.625,2581Mi,67%,3675,91,91.875
Thu 11:27:00,2609m,65%,65.225,2599Mi,67%,3597,89,89.925
Thu 11:28:00,2486m,62%,62.15,2597Mi,67%,3675,91,91.875
Thu 11:29:00,2648m,66%,66.2,2603Mi,67%,3636,90,90.9
Thu 11:30:00,2601m,65%,65.025,2603Mi,67%,3636,90,90.9
Thu 11:31:00,2659m,66%,66.475,2610Mi,67%,3636,90,90.9
Thu 11:32:00,2655m,66%,66.375,2616Mi,68%,3636,90,90.9
Thu 11:33:00,2400m,60%,60,2578Mi,67%,3636,90,90.9
Thu 11:34:00,2675m,66%,66.875,2590Mi,67%,3636,90,90.9
Thu 11:35:00,2609m,65%,65.225,2578Mi,67%,3636,90,90.9
Thu 11:36:00,2669m,66%,66.725,2588Mi,67%,3675,91,91.875
Thu 11:37:00,2580m,64%,64.5,2605Mi,67%,3636,90,90.9
Thu 11:38:00,2523m,63%,63.075,2569Mi,66%,3675,91,91.875
Thu 11:39:00,2583m,64%,64.575,2575Mi,67%,3597,89,89.925
Thu 11:40:00,2654m,66%,66.35,2591Mi,67%,3675,91,91.875
Thu 11:41:00,2457m,61%,61.425,2589Mi,67%,3597,89,89.925
Thu 11:42:00,2523m,63%,63.075,2594Mi,67%,3675,91,91.875
Thu 11:43:00,2498m,62%,62.45,2601Mi,67%,3636,90,90.9
Thu 11:44:01,2633m,65%,65.825,2577Mi,67%,3636,90,90.9
Thu 11:45:00,2600m,65%,65,2592Mi,67%,3558,88,88.95
Thu 11:46:00,2655m,66%,66.375,2599Mi,67%,3558,88,88.95
Thu 11:47:00,2042m,51%,51.05,2621Mi,68%,3675,91,91.875
Thu 11:48:00,2574m,64%,64.35,2619Mi,68%,3636,90,90.9
Thu 11:49:00,2566m,64%,64.15,2596Mi,67%,3636,90,90.9
Thu 11:50:00,2730m,68%,68.25,2592Mi,67%,3675,91,91.875
Thu 11:51:00,2561m,64%,64.025,2608Mi,67%,3636,90,90.9
Thu 11:52:00,2573m,64%,64.325,2651Mi,69%,3675,91,91.875
Thu 11:53:00,2515m,62%,62.875,2612Mi,67%,3636,90,90.9
Thu 11:54:00,2622m,65%,65.55,2601Mi,67%,3636,90,90.9
Thu 11:55:00,2628m,65%,65.7,2588Mi,67%,3597,89,89.925
Thu 11:56:00,2663m,66%,66.575,2592Mi,67%,3636,90,90.9
Thu 11:57:00,2550m,63%,63.75,2591Mi,67%,3675,91,91.875
Thu 11:58:00,2474m,61%,61.85,2587Mi,67%,3675,91,91.875
Thu 11:59:00,2692m,67%,67.3,2595Mi,67%,3675,91,91.875
Thu 12:00:00,2580m,64%,64.5,2582Mi,67%,3636,90,90.9
Thu 12:01:00,2694m,67%,67.35,2605Mi,67%,3636,90,90.9
Thu 12:02:01,2551m,63%,63.775,2607Mi,67%,3636,90,90.9
Thu 12:03:00,2467m,61%,61.675,2596Mi,67%,3636,90,90.9
Thu 12:04:00,2636m,65%,65.9,2597Mi,67%,3675,91,91.875
Thu 12:05:00,2599m,64%,64.975,2616Mi,68%,3675,91,91.875
Thu 12:06:00,2595m,64%,64.875,2614Mi,68%,3597,89,89.925
Thu 12:07:00,2633m,65%,65.825,2577Mi,67%,3636,90,90.9
Thu 12:08:00,2558m,63%,63.95,2589Mi,67%,3636,90,90.9
Thu 12:09:00,2594m,64%,64.85,2588Mi,67%,3636,90,90.9
Thu 12:10:00,2439m,60%,60.975,2601Mi,67%,3597,89,89.925
Thu 12:11:00,2627m,65%,65.675,2600Mi,67%,3675,91,91.875
Thu 12:12:00,2665m,66%,66.625,2574Mi,67%,3597,89,89.925
Thu 12:13:00,2566m,64%,64.15,2594Mi,67%,3636,90,90.9
Thu 12:14:00,2615m,65%,65.375,2600Mi,67%,3597,89,89.925
Thu 12:15:00,2496m,62%,62.4,2603Mi,67%,3636,90,90.9
Thu 12:16:00,2418m,60%,60.45,2613Mi,68%,3675,91,91.875
Thu 12:17:00,2806m,70%,70.15,2575Mi,67%,3636,90,90.9
Thu 12:18:00,2681m,67%,67.025,2569Mi,66%,3675,91,91.875
Thu 12:19:00,2421m,60%,60.525,2581Mi,67%,3636,90,90.9
Thu 12:20:00,2518m,62%,62.95,2574Mi,66%,3675,91,91.875
Thu 12:21:00,2481m,62%,62.025,2590Mi,67%,3636,90,90.9
Thu 12:22:00,2731m,68%,68.275,2604Mi,67%,3675,91,91.875
Thu 12:23:00,2653m,66%,66.325,2581Mi,67%,3636,90,90.9
Thu 12:24:00,2522m,63%,63.05,2580Mi,67%,3675,91,91.875
Thu 12:25:00,2509m,62%,62.725,2587Mi,67%,3675,91,91.875
Thu 12:26:00,2445m,61%,61.125,2581Mi,67%,3636,90,90.9
Thu 12:27:00,2797m,69%,69.925,2573Mi,66%,3636,90,90.9
Thu 12:28:00,2663m,66%,66.575,2576Mi,67%,3636,90,90.9
Thu 12:29:00,2556m,63%,63.9,2582Mi,67%,3636,90,90.9
Thu 12:30:00,2513m,62%,62.825,2588Mi,67%,3597,89,89.925
Thu 12:31:01,2569m,64%,64.225,2594Mi,67%,3636,90,90.9
Thu 12:32:00,2658m,66%,66.45,2591Mi,67%,3636,90,90.9
Thu 12:33:00,2692m,67%,67.3,2591Mi,67%,3636,90,90.9
Thu 12:34:00,2550m,63%,63.75,2609Mi,67%,3675,91,91.875
Thu 12:35:00,2489m,62%,62.225,2615Mi,68%,3636,90,90.9
Thu 12:36:00,2618m,65%,65.45,2596Mi,67%,3636,90,90.9
Thu 12:37:00,2694m,67%,67.35,2607Mi,67%,3636,90,90.9
Thu 12:38:00,2668m,66%,66.7,2594Mi,67%,3675,91,91.875
Thu 12:39:00,2610m,65%,65.25,2562Mi,66%,3636,90,90.9
Thu 12:40:00,2473m,61%,61.825,2577Mi,67%,3675,91,91.875
Thu 12:41:00,2481m,62%,62.025,2577Mi,67%,3597,89,89.925
Thu 12:42:00,2642m,66%,66.05,2585Mi,67%,3636,90,90.9
Thu 12:43:00,2718m,67%,67.95,2589Mi,67%,3597,89,89.925
Thu 12:44:00,2642m,66%,66.05,2591Mi,67%,3675,91,91.875
Thu 12:45:00,2418m,60%,60.45,2601Mi,67%,3636,90,90.9
Thu 12:46:01,2452m,61%,61.3,2591Mi,67%,3636,90,90.9
Thu 12:47:00,2603m,65%,65.075,2592Mi,67%,3597,89,89.925
Thu 12:48:00,2742m,68%,68.55,2577Mi,67%,3636,90,90.9
Thu 12:49:00,2607m,65%,65.175,2593Mi,67%,3636,90,90.9
Thu 12:50:00,2419m,60%,60.475,2606Mi,67%,3636,90,90.9
Thu 12:51:00,2515m,62%,62.875,2635Mi,68%,3597,89,89.925
Thu 12:52:00,2496m,62%,62.4,2615Mi,68%,3597,89,89.925
Thu 12:53:00,2819m,70%,70.475,2607Mi,67%,3636,90,90.9
Thu 12:54:00,2683m,67%,67.075,2615Mi,68%,3636,90,90.9
Thu 12:55:00,2403m,60%,60.075,2620Mi,68%,3636,90,90.9
Thu 12:56:00,2441m,61%,61.025,2616Mi,68%,3636,90,90.9
Thu 12:57:00,2604m,65%,65.1,2598Mi,67%,3636,90,90.9
Thu 12:58:00,2661m,66%,66.525,2585Mi,67%,3597,89,89.925
Thu 12:59:00,2727m,68%,68.175,2589Mi,67%,3636,90,90.9
Thu 13:00:00,2517m,62%,62.925,2593Mi,67%,3636,90,90.9
Thu 13:01:00,2463m,61%,61.575,2604Mi,67%,3636,90,90.9
Thu 13:02:00,2577m,64%,64.425,2584Mi,67%,3636,90,90.9
Thu 13:03:00,2682m,67%,67.05,2596Mi,67%,3636,90,90.9
Thu 13:04:00,2641m,66%,66.025,2596Mi,67%,3636,90,90.9
Thu 13:05:00,2625m,65%,65.625,2577Mi,67%,3636,90,90.9
Thu 13:06:00,2414m,60%,60.35,2597Mi,67%,3636,90,90.9
Thu 13:07:00,2508m,62%,62.7,2581Mi,67%,3636,90,90.9
Thu 13:08:00,2604m,65%,65.1,2587Mi,67%,3636,90,90.9
Thu 13:09:00,2683m,67%,67.075,2588Mi,67%,3597,89,89.925
Thu 13:10:00,2676m,66%,66.9,2599Mi,67%,3675,91,91.875
Thu 13:11:00,2531m,63%,63.275,2581Mi,67%,3636,90,90.9
Thu 13:12:00,2406m,60%,60.15,2583Mi,67%,3636,90,90.9
Thu 13:13:00,2544m,63%,63.6,2579Mi,67%,3636,90,90.9
Thu 13:14:00,2711m,67%,67.775,2585Mi,67%,3636,90,90.9
Thu 13:15:00,2662m,66%,66.55,2568Mi,66%,3636,90,90.9
Thu 13:16:00,2505m,62%,62.625,2588Mi,67%,3675,91,91.875
Thu 13:17:00,2449m,61%,61.225,2595Mi,67%,3636,90,90.9
Thu 13:18:00,2524m,63%,63.1,2598Mi,67%,3636,90,90.9
Thu 13:19:00,2663m,66%,66.575,2561Mi,66%,3597,89,89.925
Thu 13:20:00,2657m,66%,66.425,2559Mi,66%,3675,91,91.875
Thu 13:21:00,2639m,65%,65.975,2572Mi,66%,3636,90,90.9
Thu 13:22:00,2457m,61%,61.425,2588Mi,67%,3636,90,90.9
Thu 13:23:00,2586m,64%,64.65,2593Mi,67%,3636,90,90.9
Thu 13:24:00,2840m,71%,71,2559Mi,66%,3597,89,89.925
Thu 13:25:00,2638m,65%,65.95,2553Mi,66%,3636,90,90.9
Thu 13:26:00,2621m,65%,65.525,2562Mi,66%,3675,91,91.875
Thu 13:27:00,2516m,62%,62.9,2583Mi,67%,3597,89,89.925
Thu 13:28:00,2562m,64%,64.05,2584Mi,67%,3636,90,90.9
Thu 13:29:00,2611m,65%,65.275,2597Mi,67%,3636,90,90.9
Thu 13:30:00,2736m,68%,68.4,2592Mi,67%,3636,90,90.9
Thu 13:31:00,2518m,62%,62.95,2595Mi,67%,3636,90,90.9
Thu 13:32:00,2540m,63%,63.5,2579Mi,67%,3636,90,90.9
Thu 13:33:00,2588m,64%,64.7,2603Mi,67%,3636,90,90.9
Thu 13:34:00,2668m,66%,66.7,2580Mi,67%,3636,90,90.9
Thu 13:35:00,2705m,67%,67.625,2589Mi,67%,3675,91,91.875
Thu 13:36:00,2544m,63%,63.6,2642Mi,68%,3636,90,90.9
Thu 13:37:00,2552m,63%,63.8,2608Mi,67%,3636,90,90.9
Thu 13:38:01,2543m,63%,63.575,2592Mi,67%,3558,88,88.95
Thu 13:39:00,2545m,63%,63.625,2608Mi,67%,3636,90,90.9
Thu 13:40:00,2824m,70%,70.6,2519Mi,65%,3675,91,91.875
Thu 13:41:00,2554m,63%,63.85,2528Mi,65%,3636,90,90.9
Thu 13:42:00,2554m,63%,63.85,2534Mi,65%,3636,90,90.9
Thu 13:43:00,2451m,61%,61.275,2541Mi,66%,3675,91,91.875
Thu 13:44:00,2664m,66%,66.6,2538Mi,66%,3636,90,90.9
Thu 13:45:00,2740m,68%,68.5,2531Mi,65%,3636,90,90.9
Thu 13:46:00,2476m,61%,61.9,2551Mi,66%,3636,90,90.9
Thu 13:47:00,2545m,63%,63.625,2551Mi,66%,3636,90,90.9
Thu 13:48:00,2445m,61%,61.125,2533Mi,65%,3636,90,90.9
Thu 13:49:00,2603m,65%,65.075,2538Mi,66%,3636,90,90.9
Thu 13:50:00,2711m,67%,67.775,2544Mi,66%,3714,92,92.85
Thu 13:51:00,2647m,66%,66.175,2558Mi,66%,3636,90,90.9
Thu 13:52:00,2518m,62%,62.95,2549Mi,66%,3636,90,90.9
Thu 13:53:00,2526m,63%,63.15,2569Mi,66%,3558,88,88.95
Thu 13:54:00,2503m,62%,62.575,2552Mi,66%,3636,90,90.9
Thu 13:55:00,2709m,67%,67.725,2562Mi,66%,3636,90,90.9
Thu 13:56:00,2548m,63%,63.7,2565Mi,66%,3636,90,90.9
Thu 13:57:00,2628m,65%,65.7,2573Mi,66%,3636,90,90.9
Thu 13:58:00,2482m,62%,62.05,2572Mi,66%,3597,89,89.925
Thu 13:59:00,2644m,66%,66.1,2594Mi,67%,3636,90,90.9
Thu 14:00:00,2640m,66%,66,2577Mi,67%,3675,91,91.875
Thu 14:01:00,2531m,63%,63.275,2597Mi,67%,3636,90,90.9
Thu 14:02:01,2569m,64%,64.225,2593Mi,67%,3636,90,90.9
Thu 14:03:00,2436m,60%,60.9,2590Mi,67%,3636,90,90.9
Thu 14:04:00,2611m,65%,65.275,2584Mi,67%,3675,91,91.875
Thu 14:05:00,2763m,69%,69.075,2581Mi,67%,3636,90,90.9
Thu 14:06:00,2506m,62%,62.65,2601Mi,67%,3636,90,90.9
Thu 14:07:00,2468m,61%,61.7,2587Mi,67%,3636,90,90.9
Thu 14:08:00,2497m,62%,62.425,2588Mi,67%,3636,90,90.9
Thu 14:09:00,2741m,68%,68.525,2598Mi,67%,3636,90,90.9
Thu 14:10:00,2505m,62%,62.625,2626Mi,68%,3636,90,90.9
Thu 14:11:00,2596m,64%,64.9,2581Mi,67%,3636,90,90.9
Thu 14:12:00,2401m,60%,60.025,2595Mi,67%,3636,90,90.9
Thu 14:13:01,2608m,65%,65.2,2575Mi,67%,3597,89,89.925
Thu 14:14:00,2570m,64%,64.25,2583Mi,67%,3636,90,90.9
Thu 14:15:00,2589m,64%,64.725,2588Mi,67%,3636,90,90.9
Thu 14:16:00,2549m,63%,63.725,2595Mi,67%,3597,89,89.925
Thu 14:17:00,2473m,61%,61.825,2598Mi,67%,3636,90,90.9
Thu 14:18:00,2723m,68%,68.075,2601Mi,67%,3636,90,90.9
Thu 14:19:01,2483m,62%,62.075,2582Mi,67%,3636,90,90.9
Thu 14:20:00,2610m,65%,65.25,2584Mi,67%,3597,89,89.925
Thu 14:21:00,2522m,63%,63.05,2589Mi,67%,3636,90,90.9
Thu 14:22:00,2463m,61%,61.575,2586Mi,67%,3597,89,89.925
Thu 14:23:00,2650m,66%,66.25,2595Mi,67%,3636,90,90.9
Thu 14:24:01,2576m,64%,64.4,2593Mi,67%,3675,91,91.875
Thu 14:25:00,2554m,63%,63.85,2595Mi,67%,3636,90,90.9
Thu 14:26:00,2517m,62%,62.925,2581Mi,67%,3636,90,90.9
Thu 14:27:00,2475m,61%,61.875,2586Mi,67%,3636,90,90.9
Thu 14:28:00,2674m,66%,66.85,2587Mi,67%,3597,89,89.925
Thu 14:29:00,2563m,64%,64.075,2642Mi,68%,3636,90,90.9
Thu 14:30:00,2557m,63%,63.925,2592Mi,67%,3636,90,90.9
Thu 14:31:00,2418m,60%,60.45,2584Mi,67%,3636,90,90.9
Thu 14:32:00,2640m,66%,66,2560Mi,66%,3636,90,90.9
Thu 14:33:00,2654m,66%,66.35,2574Mi,67%,3636,90,90.9
Thu 14:34:00,2477m,61%,61.925,2556Mi,66%,3636,90,90.9
Thu 14:35:00,2646m,66%,66.15,2579Mi,67%,3636,90,90.9
Thu 14:36:00,2448m,61%,61.2,2567Mi,66%,3636,90,90.9
Thu 14:37:00,2644m,66%,66.1,2589Mi,67%,3597,89,89.925
Thu 14:38:00,2579m,64%,64.475,2534Mi,65%,3636,90,90.9
Thu 14:39:00,2512m,62%,62.8,2533Mi,65%,3636,90,90.9
Thu 14:40:00,2551m,63%,63.775,2539Mi,66%,3597,89,89.925
Thu 14:41:00,2490m,62%,62.25,2528Mi,65%,3636,90,90.9
Thu 14:42:00,2496m,62%,62.4,2550Mi,66%,3597,89,89.925
Thu 14:43:01,2627m,65%,65.675,2551Mi,66%,3675,91,91.875
Thu 14:44:00,2580m,64%,64.5,2552Mi,66%,3636,90,90.9
Thu 14:45:01,2465m,61%,61.625,2556Mi,66%,3636,90,90.9
Thu 14:46:00,2509m,62%,62.725,2580Mi,67%,3636,90,90.9
Thu 14:47:00,2543m,63%,63.575,2585Mi,67%,3597,89,89.925
Thu 14:48:00,2481m,62%,62.025,2578Mi,67%,3636,90,90.9
Thu 14:49:00,2620m,65%,65.5,2570Mi,66%,3675,91,91.875
Thu 14:50:00,2446m,61%,61.15,2584Mi,67%,3636,90,90.9
Thu 14:51:00,2613m,65%,65.325,2533Mi,65%,3636,90,90.9
Thu 14:52:00,2522m,63%,63.05,2543Mi,66%,3636,90,90.9
Thu 14:53:00,2471m,61%,61.775,2523Mi,65%,3636,90,90.9
Thu 14:54:00,2609m,65%,65.225,2554Mi,66%,3636,90,90.9
Thu 14:55:00,2450m,61%,61.25,2535Mi,65%,3636,90,90.9
Thu 14:56:00,2525m,63%,63.125,2530Mi,65%,3636,90,90.9
Thu 14:57:01,2573m,64%,64.325,2553Mi,66%,3636,90,90.9
Thu 14:58:00,2568m,64%,64.2,2542Mi,66%,3636,90,90.9
Thu 14:59:00,2577m,64%,64.425,2564Mi,66%,3636,90,90.9
Thu 15:00:00,2462m,61%,61.55,2557Mi,66%,3636,90,90.9
Thu 15:01:01,2490m,62%,62.25,2573Mi,66%,3636,90,90.9
Thu 15:02:00,2577m,64%,64.425,2583Mi,67%,3636,90,90.9
Thu 15:03:00,2599m,64%,64.975,2537Mi,66%,3636,90,90.9
Thu 15:04:00,2546m,63%,63.65,2541Mi,66%,3636,90,90.9
Thu 15:05:00,2523m,63%,63.075,2539Mi,66%,3636,90,90.9
Thu 15:06:00,2429m,60%,60.725,2547Mi,66%,3636,90,90.9
Thu 15:07:00,2569m,64%,64.225,2544Mi,66%,3636,90,90.9
Thu 15:08:00,2512m,62%,62.8,2563Mi,66%,3636,90,90.9
Thu 15:09:00,2622m,65%,65.55,2554Mi,66%,3597,89,89.925
Thu 15:10:00,2566m,64%,64.15,2550Mi,66%,3675,91,91.875
Thu 15:11:00,2445m,61%,61.125,2538Mi,66%,3636,90,90.9
Thu 15:12:00,2500m,62%,62.5,2535Mi,65%,3636,90,90.9
Thu 15:13:00,2583m,64%,64.575,2535Mi,65%,3597,89,89.925
Thu 15:14:00,2592m,64%,64.8,2552Mi,66%,3675,91,91.875
Thu 15:15:01,2531m,63%,63.275,2571Mi,66%,3597,89,89.925
Thu 15:16:00,2490m,62%,62.25,2588Mi,67%,3636,90,90.9
Thu 15:17:00,2493m,62%,62.325,2569Mi,66%,3636,90,90.9
Thu 15:18:00,2524m,63%,63.1,2568Mi,66%,3675,91,91.875
Thu 15:19:00,2750m,68%,68.75,2553Mi,66%,3636,90,90.9
Thu 15:20:00,2663m,66%,66.575,2559Mi,66%,3675,91,91.875
Thu 15:21:00,2499m,62%,62.475,2561Mi,66%,3636,90,90.9
Thu 15:22:01,2413m,60%,60.325,2547Mi,66%,3636,90,90.9
Thu 15:23:00,2879m,71%,71.975,2555Mi,66%,3636,90,90.9
Thu 15:24:00,2640m,66%,66,2558Mi,66%,3636,90,90.9
Thu 15:25:00,2498m,62%,62.45,2558Mi,66%,3636,90,90.9
Thu 15:26:00,2503m,62%,62.575,2552Mi,66%,3636,90,90.9
Thu 15:27:00,2456m,61%,61.4,2553Mi,66%,3636,90,90.9
Thu 15:28:00,2454m,61%,61.35,2592Mi,67%,3636,90,90.9
Thu 15:29:00,2593m,64%,64.825,2552Mi,66%,3636,90,90.9
Thu 15:30:00,2608m,65%,65.2,2561Mi,66%,3636,90,90.9
Thu 15:31:00,2507m,62%,62.675,2567Mi,66%,3636,90,90.9
Thu 15:32:00,2433m,60%,60.825,2521Mi,65%,3675,91,91.875
Thu 15:33:00,2506m,62%,62.65,2538Mi,66%,3636,90,90.9
Thu 15:34:00,2495m,62%,62.375,2539Mi,66%,3675,91,91.875
Thu 15:35:00,2564m,64%,64.1,2533Mi,65%,3636,90,90.9
Thu 15:36:00,2250m,56%,56.25,2557Mi,66%,3636,90,90.9
Thu 15:37:00,1854m,46%,46.35,2542Mi,66%,3636,90,90.9
Thu 15:38:00,1409m,35%,35.225,2548Mi,66%,3558,88,88.95
Thu 15:39:00,1172m,29%,29.3,2526Mi,65%,3090,77,77.25
Thu 15:40:00,967m,24%,24.175,2489Mi,64%,2973,74,74.325
Thu 15:41:00,903m,22%,22.575,2474Mi,64%,2661,66,66.525
Thu 15:42:00,842m,21%,21.05,2456Mi,63%,2466,61,61.65
Thu 15:43:00,846m,21%,21.15,2420Mi,62%,2310,57,57.75
Thu 15:44:00,790m,19%,19.75,2406Mi,62%,2349,58,58.725
Thu 15:45:00,713m,17%,17.825,2397Mi,62%,2310,57,57.75
Thu 15:46:00,745m,18%,18.625,2389Mi,62%,2349,58,58.725
Thu 15:47:00,713m,17%,17.825,2387Mi,62%,2310,57,57.75
Thu 15:48:00,746m,18%,18.65,2387Mi,62%,2349,58,58.725
Thu 15:49:00,734m,18%,18.35,2385Mi,62%,2310,57,57.75
Thu 15:50:00,735m,18%,18.375,2388Mi,62%,2349,58,58.725
Thu 15:51:00,733m,18%,18.325,2385Mi,62%,2310,57,57.75
Thu 15:52:00,726m,18%,18.15,2390Mi,62%,2349,58,58.725
Thu 15:53:00,744m,18%,18.6,2385Mi,62%,2310,57,57.75
Thu 15:54:00,708m,17%,17.7,2387Mi,62%,2349,58,58.725
Thu 15:55:00,710m,17%,17.75,2389Mi,62%,2310,57,57.75
Thu 15:56:00,712m,17%,17.8,2387Mi,62%,2349,58,58.725
Thu 15:57:01,723m,18%,18.075,2390Mi,62%,2310,57,57.75
Thu 15:58:00,725m,18%,18.125,2389Mi,62%,2349,58,58.725
Thu 15:59:00,697m,17%,17.425,2386Mi,62%,2310,57,57.75
Thu 16:00:00,735m,18%,18.375,2389Mi,62%,2349,58,58.725
Thu 16:01:00,709m,17%,17.725,2387Mi,62%,2310,57,57.75
Thu 16:02:00,728m,18%,18.2,2396Mi,62%,2349,58,58.725
Thu 16:03:00,699m,17%,17.475,2394Mi,62%,2349,58,58.725
Thu 16:04:00,720m,18%,18,2402Mi,62%,2349,58,58.725
Thu 16:05:00,719m,17%,17.975,2396Mi,62%,2310,57,57.75
Thu 16:06:01,712m,17%,17.8,2397Mi,62%,2310,57,57.75
Thu 16:07:00,740m,18%,18.5,2395Mi,62%,2310,57,57.75
Thu 16:08:00,690m,17%,17.25,2397Mi,62%,2310,57,57.75
Thu 16:09:00,738m,18%,18.45,2407Mi,62%,2310,57,57.75
Thu 16:10:00,704m,17%,17.6,2393Mi,62%,2310,57,57.75
Thu 16:11:00,728m,18%,18.2,2395Mi,62%,2310,57,57.75
Thu 16:12:00,722m,18%,18.05,2402Mi,62%,2310,57,57.75
Thu 16:13:00,685m,17%,17.125,2397Mi,62%,2310,57,57.75
Thu 16:14:00,707m,17%,17.675,2396Mi,62%,2310,57,57.75
Thu 16:15:00,718m,17%,17.95,2396Mi,62%,2310,57,57.75
Thu 16:16:00,721m,18%,18.025,2397Mi,62%,2310,57,57.75
Thu 16:17:00,689m,17%,17.225,2397Mi,62%,2310,57,57.75
Thu 16:18:00,752m,18%,18.8,2390Mi,62%,2310,57,57.75
Thu 16:19:00,1008m,25%,25.2,2386Mi,62%,2310,57,57.75
Thu 16:20:00,1000m,25%,25,2389Mi,62%,2310,57,57.75
Thu 16:21:00,749m,18%,18.725,2389Mi,62%,2310,57,57.75
Thu 16:22:01,718m,17%,17.95,2389Mi,62%,2310,57,57.75
Thu 16:23:00,746m,18%,18.65,2390Mi,62%,2310,57,57.75
Thu 16:24:00,700m,17%,17.5,2390Mi,62%,2310,57,57.75
Thu 16:25:00,742m,18%,18.55,2390Mi,62%,2310,57,57.75
Thu 16:26:00,745m,18%,18.625,2389Mi,62%,2310,57,57.75
Thu 16:27:00,701m,17%,17.525,2391Mi,62%,2310,57,57.75
Thu 16:28:00,743m,18%,18.575,2387Mi,62%,2310,57,57.75
Thu 16:29:00,695m,17%,17.375,2389Mi,62%,2310,57,57.75
Thu 16:30:00,725m,18%,18.125,2388Mi,62%,2310,57,57.75
Thu 16:31:00,700m,17%,17.5,2389Mi,62%,2310,57,57.75
Thu 16:32:00,721m,18%,18.025,2389Mi,62%,2310,57,57.75
Thu 16:33:00,712m,17%,17.8,2400Mi,62%,2310,57,57.75
Thu 16:34:00,721m,18%,18.025,2395Mi,62%,2310,57,57.75
Thu 16:35:00,723m,18%,18.075,2394Mi,62%,2310,57,57.75
Thu 16:36:00,696m,17%,17.4,2394Mi,62%,2310,57,57.75
Thu 16:37:00,721m,18%,18.025,2396Mi,62%,2310,57,57.75
Thu 16:38:00,709m,17%,17.725,2395Mi,62%,2310,57,57.75
Thu 16:39:00,702m,17%,17.55,2402Mi,62%,2310,57,57.75
Thu 16:40:00,731m,18%,18.275,2394Mi,62%,2310,57,57.75
Thu 16:41:00,680m,17%,17,2397Mi,62%,2310,57,57.75
Thu 16:42:00,721m,18%,18.025,2393Mi,62%,2310,57,57.75
Thu 16:43:00,697m,17%,17.425,2395Mi,62%,2310,57,57.75
Thu 16:44:00,727m,18%,18.175,2396Mi,62%,2310,57,57.75
Thu 16:45:00,710m,17%,17.75,2393Mi,62%,2310,57,57.75
Thu 16:46:00,736m,18%,18.4,2396Mi,62%,2310,57,57.75
Thu 16:47:00,723m,18%,18.075,2394Mi,62%,2310,57,57.75
Thu 16:48:00,649m,16%,16.225,2392Mi,62%,2310,57,57.75
Thu 16:49:00,807m,20%,20.175,2422Mi,63%,2310,57,57.75
Thu 16:50:00,708m,17%,17.7,2388Mi,62%,2310,57,57.75
Thu 16:51:00,739m,18%,18.475,2389Mi,62%,2310,57,57.75
Thu 16:52:00,746m,18%,18.65,2388Mi,62%,2310,57,57.75
Thu 16:53:01,703m,17%,17.575,2388Mi,62%,2310,57,57.75
Thu 16:54:00,719m,17%,17.975,2390Mi,62%,2310,57,57.75
Thu 16:55:00,710m,17%,17.75,2389Mi,62%,2310,57,57.75
Thu 16:56:00,725m,18%,18.125,2389Mi,62%,2310,57,57.75
Thu 16:57:00,684m,17%,17.1,2391Mi,62%,2310,57,57.75
Thu 16:58:00,723m,18%,18.075,2391Mi,62%,2310,57,57.75
Thu 16:59:00,677m,16%,16.925,2403Mi,62%,2310,57,57.75
Thu 17:00:00,723m,18%,18.075,2391Mi,62%,2310,57,57.75
Thu 17:01:00,713m,17%,17.825,2391Mi,62%,2037,50,50.925
Thu 17:02:00,560m,14%,14,2369Mi,61%,1725,43,43.125
Thu 17:03:00,516m,12%,12.9,2343Mi,60%,1452,36,36.3
Thu 17:04:00,412m,10%,10.3,2317Mi,60%,1140,28,28.5
Thu 17:05:00,378m,9%,9.45,2290Mi,59%,867,21,21.675
Thu 17:06:00,328m,8%,8.2,2265Mi,58%,750,18,18.75
Thu 17:07:00,271m,6%,6.775,2252Mi,58%,750,18,18.75
Thu 17:08:00,240m,6%,6,2245Mi,58%,750,18,18.75
Thu 17:09:00,222m,5%,5.55,2244Mi,58%,750,18,18.75
Thu 17:10:01,238m,5%,5.95,2243Mi,58%,750,18,18.75
