Fri 17:00:00,261m,6%,6.525,1319Mi,34%,750,18,18.75
Fri 17:01:01,348m,8%,8.7,1322Mi,34%,1062,26,26.55
Fri 17:02:01,527m,13%,13.175,1357Mi,35%,1374,34,34.35
Fri 17:03:00,536m,13%,13.4,1395Mi,36%,1647,41,41.175
Fri 17:04:00,542m,13%,13.55,1459Mi,37%,1920,48,48
Fri 17:05:00,570m,14%,14.25,1467Mi,38%,2232,55,55.8
Fri 17:06:00,578m,14%,14.45,1502Mi,39%,2310,57,57.75
Fri 17:07:00,700m,17%,17.5,1524Mi,39%,2271,56,56.775
Fri 17:08:00,705m,17%,17.625,1530Mi,39%,2310,57,57.75
Fri 17:09:01,737m,18%,18.425,1537Mi,40%,2271,56,56.775
Fri 17:10:00,740m,18%,18.5,1540Mi,40%,2271,56,56.775
Fri 17:11:00,699m,17%,17.475,1545Mi,40%,2271,56,56.775
Fri 17:12:00,742m,18%,18.55,1548Mi,40%,2271,56,56.775
Fri 17:13:00,686m,17%,17.15,1552Mi,40%,2271,56,56.775
Fri 17:14:00,714m,17%,17.85,1556Mi,40%,2310,57,57.75
Fri 17:15:00,715m,17%,17.875,1557Mi,40%,2271,56,56.775
Fri 17:16:00,672m,16%,16.8,1561Mi,40%,2310,57,57.75
Fri 17:17:00,724m,18%,18.1,1574Mi,40%,2271,56,56.775
Fri 17:18:00,724m,18%,18.1,1576Mi,41%,2310,57,57.75
Fri 17:19:00,701m,17%,17.525,1576Mi,41%,2271,56,56.775
Fri 17:20:00,679m,16%,16.975,1581Mi,41%,2310,57,57.75
Fri 17:21:00,724m,18%,18.1,1585Mi,41%,2271,56,56.775
Fri 17:22:00,760m,19%,19,1585Mi,41%,2310,57,57.75
Fri 17:23:00,800m,20%,20,1589Mi,41%,2271,56,56.775
Fri 17:24:00,789m,19%,19.725,1589Mi,41%,2310,57,57.75
Fri 17:25:00,789m,19%,19.725,1592Mi,41%,2271,56,56.775
Fri 17:26:00,821m,20%,20.525,1596Mi,41%,2271,56,56.775
Fri 17:27:00,732m,18%,18.3,1594Mi,41%,2271,56,56.775
Fri 17:28:00,769m,19%,19.225,1598Mi,41%,2271,56,56.775
Fri 17:29:00,704m,17%,17.6,1601Mi,41%,2271,56,56.775
Fri 17:30:00,685m,17%,17.125,1602Mi,41%,2310,57,57.75
Fri 17:31:00,723m,18%,18.075,1606Mi,41%,2271,56,56.775
Fri 17:32:00,673m,16%,16.825,1606Mi,41%,2310,57,57.75
Fri 17:33:00,714m,17%,17.85,1614Mi,42%,2271,56,56.775
Fri 17:34:00,699m,17%,17.475,1617Mi,42%,2271,56,56.775
Fri 17:35:00,713m,17%,17.825,1619Mi,42%,2271,56,56.775
Fri 17:36:00,730m,18%,18.25,1620Mi,42%,2310,57,57.75
Fri 17:37:01,688m,17%,17.2,1622Mi,42%,2271,56,56.775
Fri 17:38:00,724m,18%,18.1,1623Mi,42%,2310,57,57.75
Fri 17:39:00,685m,17%,17.125,1626Mi,42%,2271,56,56.775
Fri 17:40:00,704m,17%,17.6,1627Mi,42%,2310,57,57.75
Fri 17:41:01,706m,17%,17.65,1629Mi,42%,2271,56,56.775
Fri 17:42:00,731m,18%,18.275,1631Mi,42%,2271,56,56.775
Fri 17:43:00,730m,18%,18.25,1631Mi,42%,2271,56,56.775
Fri 17:44:00,670m,16%,16.75,1634Mi,42%,2271,56,56.775
Fri 17:45:01,737m,18%,18.425,1642Mi,42%,2271,56,56.775
Fri 17:46:01,678m,16%,16.95,1639Mi,42%,2310,57,57.75
Fri 17:47:00,714m,17%,17.85,1640Mi,42%,2271,56,56.775
Fri 17:48:00,704m,17%,17.6,1642Mi,42%,2271,56,56.775
Fri 17:49:00,702m,17%,17.55,1653Mi,43%,2271,56,56.775
Fri 17:50:00,682m,17%,17.05,1651Mi,42%,2310,57,57.75
Fri 17:51:00,718m,17%,17.95,1655Mi,43%,2271,56,56.775
Fri 17:52:00,731m,18%,18.275,1656Mi,43%,2310,57,57.75
Fri 17:53:00,760m,19%,19,1659Mi,43%,2271,56,56.775
Fri 17:54:00,732m,18%,18.3,1663Mi,43%,2310,57,57.75
Fri 17:55:00,685m,17%,17.125,1663Mi,43%,2271,56,56.775
Fri 17:56:00,741m,18%,18.525,1666Mi,43%,2310,57,57.75
Fri 17:57:00,731m,18%,18.275,1667Mi,43%,2271,56,56.775
Fri 17:58:00,681m,17%,17.025,1667Mi,43%,2310,57,57.75
Fri 17:59:00,731m,18%,18.275,1668Mi,43%,2271,56,56.775
Fri 18:00:00,657m,16%,16.425,1669Mi,43%,2271,56,56.775
Fri 18:01:00,716m,17%,17.9,1672Mi,43%,2271,56,56.775
Fri 18:02:00,718m,17%,17.95,1672Mi,43%,2310,57,57.75
Fri 18:03:00,714m,17%,17.85,1675Mi,43%,2271,56,56.775
Fri 18:04:00,715m,17%,17.875,1678Mi,43%,2271,56,56.775
Fri 18:05:00,696m,17%,17.4,1685Mi,43%,2271,56,56.775
Fri 18:06:01,713m,17%,17.825,1686Mi,43%,2310,57,57.75
Fri 18:07:00,724m,18%,18.1,1688Mi,43%,2310,57,57.75
Fri 18:08:00,732m,18%,18.3,1694Mi,44%,2310,57,57.75
Fri 18:09:00,697m,17%,17.425,1694Mi,44%,2310,57,57.75
Fri 18:10:00,725m,18%,18.125,1697Mi,44%,2271,56,56.775
Fri 18:11:00,716m,17%,17.9,1697Mi,44%,2310,57,57.75
Fri 18:12:00,685m,17%,17.125,1696Mi,44%,2310,57,57.75
Fri 18:13:00,718m,17%,17.95,1698Mi,44%,2310,57,57.75
Fri 18:14:00,698m,17%,17.45,1698Mi,44%,2310,57,57.75
Fri 18:15:00,716m,17%,17.9,1696Mi,44%,2310,57,57.75
Fri 18:16:00,700m,17%,17.5,1694Mi,44%,2271,56,56.775
Fri 18:17:00,711m,17%,17.775,1697Mi,44%,2310,57,57.75
Fri 18:18:00,750m,18%,18.75,1697Mi,44%,2310,57,57.75
Fri 18:19:00,687m,17%,17.175,1697Mi,44%,2310,57,57.75
Fri 18:20:00,749m,18%,18.725,1699Mi,44%,2310,57,57.75
Fri 18:21:00,753m,18%,18.825,1697Mi,44%,2310,57,57.75
Fri 18:22:00,725m,18%,18.125,1696Mi,44%,2310,57,57.75
Fri 18:23:00,761m,19%,19.025,1699Mi,44%,2310,57,57.75
Fri 18:24:00,719m,17%,17.975,1695Mi,44%,2310,57,57.75
Fri 18:25:00,723m,18%,18.075,1698Mi,44%,2310,57,57.75
Fri 18:26:00,735m,18%,18.375,1697Mi,44%,2310,57,57.75
Fri 18:27:00,745m,18%,18.625,1700Mi,44%,2310,57,57.75
Fri 18:28:00,804m,20%,20.1,1699Mi,44%,2310,57,57.75
Fri 18:29:00,696m,17%,17.4,1701Mi,44%,2310,57,57.75
Fri 18:30:00,773m,19%,19.325,1699Mi,44%,2310,57,57.75
Fri 18:31:00,677m,16%,16.925,1698Mi,44%,2310,57,57.75
Fri 18:32:00,766m,19%,19.15,1699Mi,44%,2271,56,56.775
Fri 18:33:00,746m,18%,18.65,1699Mi,44%,2310,57,57.75
Fri 18:34:00,694m,17%,17.35,1701Mi,44%,2349,58,58.725
Fri 18:35:01,712m,17%,17.8,1702Mi,44%,2310,57,57.75
Fri 18:36:00,683m,17%,17.075,1699Mi,44%,2310,57,57.75
Fri 18:37:00,718m,17%,17.95,1709Mi,44%,2310,57,57.75
Fri 18:38:00,711m,17%,17.775,1708Mi,44%,2271,56,56.775
Fri 18:39:00,717m,17%,17.925,1710Mi,44%,2310,57,57.75
Fri 18:40:00,729m,18%,18.225,1709Mi,44%,2310,57,57.75
Fri 18:41:00,676m,16%,16.9,1710Mi,44%,2310,57,57.75
Fri 18:42:00,757m,18%,18.925,1709Mi,44%,2271,56,56.775
Fri 18:43:01,796m,19%,19.9,1708Mi,44%,2310,57,57.75
Fri 18:44:00,740m,18%,18.5,1711Mi,44%,2271,56,56.775
Fri 18:45:00,762m,19%,19.05,1708Mi,44%,2310,57,57.75
Fri 18:46:00,765m,19%,19.125,1711Mi,44%,2271,56,56.775
Fri 18:47:00,909m,22%,22.725,1711Mi,44%,2310,57,57.75
Fri 18:48:00,786m,19%,19.65,1711Mi,44%,2310,57,57.75
Fri 18:49:00,753m,18%,18.825,1713Mi,44%,2310,57,57.75
Fri 18:50:00,767m,19%,19.175,1712Mi,44%,2310,57,57.75
Fri 18:51:00,720m,18%,18,1713Mi,44%,2310,57,57.75
Fri 18:52:00,771m,19%,19.275,1713Mi,44%,2310,57,57.75
Fri 18:53:00,743m,18%,18.575,1713Mi,44%,2310,57,57.75
Fri 18:54:00,715m,17%,17.875,1724Mi,44%,2271,56,56.775
Fri 18:55:00,702m,17%,17.55,1721Mi,44%,2310,57,57.75
Fri 18:56:00,723m,18%,18.075,1723Mi,44%,2271,56,56.775
Fri 18:57:01,723m,18%,18.075,1723Mi,44%,2310,57,57.75
Fri 18:58:00,689m,17%,17.225,1724Mi,44%,2271,56,56.775
Fri 18:59:00,730m,18%,18.25,1725Mi,44%,2310,57,57.75
Fri 19:00:00,682m,17%,17.05,1724Mi,44%,2310,57,57.75
Fri 19:01:01,725m,18%,18.125,1723Mi,44%,2271,56,56.775
Fri 19:02:00,703m,17%,17.575,1720Mi,44%,2232,55,55.8
Fri 19:03:00,672m,16%,16.8,1718Mi,44%,2232,55,55.8
Fri 19:04:00,679m,16%,16.975,1715Mi,44%,2154,53,53.85
Fri 19:05:01,676m,16%,16.9,1717Mi,44%,2076,51,51.9
Fri 19:06:00,682m,17%,17.05,1707Mi,44%,1998,49,49.95
Fri 19:07:00,657m,16%,16.425,1699Mi,44%,1998,49,49.95
Fri 19:08:00,667m,16%,16.675,1700Mi,44%,1998,49,49.95
Fri 19:09:01,649m,16%,16.225,1698Mi,44%,1998,49,49.95
Fri 19:10:00,667m,16%,16.675,1706Mi,44%,1998,49,49.95
Fri 19:11:00,633m,15%,15.825,1706Mi,44%,1998,49,49.95
Fri 19:12:00,648m,16%,16.2,1706Mi,44%,1998,49,49.95
Fri 19:13:01,669m,16%,16.725,1704Mi,44%,1998,49,49.95
Fri 19:14:01,643m,16%,16.075,1706Mi,44%,1998,49,49.95
Fri 19:15:00,626m,15%,15.65,1705Mi,44%,2037,50,50.925
Fri 19:16:00,663m,16%,16.575,1706Mi,44%,1998,49,49.95
Fri 19:17:00,663m,16%,16.575,1699Mi,44%,1998,49,49.95
Fri 19:18:01,660m,16%,16.5,1700Mi,44%,1998,49,49.95
Fri 19:19:00,663m,16%,16.575,1698Mi,44%,1998,49,49.95
Fri 19:20:00,668m,16%,16.7,1700Mi,44%,1998,49,49.95
Fri 19:21:00,654m,16%,16.35,1701Mi,44%,2037,50,50.925
Fri 19:22:00,661m,16%,16.525,1700Mi,44%,1998,49,49.95
Fri 19:23:00,642m,16%,16.05,1699Mi,44%,1998,49,49.95
Fri 19:24:00,662m,16%,16.55,1699Mi,44%,1998,49,49.95
Fri 19:25:00,690m,17%,17.25,1698Mi,44%,1998,49,49.95
Fri 19:26:00,638m,15%,15.95,1700Mi,44%,1998,49,49.95
Fri 19:27:00,631m,15%,15.775,1699Mi,44%,2037,50,50.925
Fri 19:28:00,1004m,25%,25.1,1699Mi,44%,1998,49,49.95
Fri 19:29:00,674m,16%,16.85,1707Mi,44%,1998,49,49.95
Fri 19:30:00,621m,15%,15.525,1707Mi,44%,2037,50,50.925
Fri 19:31:00,666m,16%,16.65,1707Mi,44%,2037,50,50.925
Fri 19:32:00,662m,16%,16.55,1711Mi,44%,1998,49,49.95
Fri 19:33:00,670m,16%,16.75,1707Mi,44%,2037,50,50.925
Fri 19:34:00,636m,15%,15.9,1708Mi,44%,1998,49,49.95
Fri 19:35:00,671m,16%,16.775,1708Mi,44%,1998,49,49.95
Fri 19:36:00,659m,16%,16.475,1707Mi,44%,1998,49,49.95
Fri 19:37:00,655m,16%,16.375,1707Mi,44%,1998,49,49.95
Fri 19:38:00,656m,16%,16.4,1707Mi,44%,1998,49,49.95
Fri 19:39:00,615m,15%,15.375,1707Mi,44%,1998,49,49.95
Fri 19:40:00,662m,16%,16.55,1709Mi,44%,1998,49,49.95
Fri 19:41:00,702m,17%,17.55,1707Mi,44%,1998,49,49.95
Fri 19:42:00,626m,15%,15.65,1708Mi,44%,2037,50,50.925
Fri 19:43:00,681m,17%,17.025,1707Mi,44%,1998,49,49.95
Fri 19:44:00,661m,16%,16.525,1709Mi,44%,1998,49,49.95
Fri 19:45:00,663m,16%,16.575,1708Mi,44%,1998,49,49.95
Fri 19:46:00,632m,15%,15.8,1714Mi,44%,1998,49,49.95
Fri 19:47:00,662m,16%,16.55,1716Mi,44%,1998,49,49.95
Fri 19:48:00,706m,17%,17.65,1716Mi,44%,2037,50,50.925
Fri 19:49:00,679m,16%,16.975,1717Mi,44%,1998,49,49.95
Fri 19:50:00,632m,15%,15.8,1716Mi,44%,1998,49,49.95
Fri 19:51:00,660m,16%,16.5,1716Mi,44%,2037,50,50.925
Fri 19:52:00,664m,16%,16.6,1717Mi,44%,1998,49,49.95
Fri 19:53:00,662m,16%,16.55,1716Mi,44%,1998,49,49.95
Fri 19:54:00,631m,15%,15.775,1715Mi,44%,1998,49,49.95
Fri 19:55:00,645m,16%,16.125,1716Mi,44%,1998,49,49.95
Fri 19:56:00,654m,16%,16.35,1716Mi,44%,1998,49,49.95
Fri 19:57:01,639m,15%,15.975,1716Mi,44%,2037,50,50.925
Fri 19:58:00,607m,15%,15.175,1716Mi,44%,1998,49,49.95
Fri 19:59:00,669m,16%,16.725,1716Mi,44%,1998,49,49.95
Fri 20:00:00,649m,16%,16.225,1717Mi,44%,2037,50,50.925
Fri 20:01:00,652m,16%,16.3,1715Mi,44%,1998,49,49.95
Fri 20:02:00,626m,15%,15.65,1715Mi,44%,1959,48,48.975
Fri 20:03:00,655m,16%,16.375,1713Mi,44%,1920,48,48
Fri 20:04:00,621m,15%,15.525,1711Mi,44%,1920,48,48
Fri 20:05:01,622m,15%,15.55,1716Mi,44%,1881,47,47.025
Fri 20:06:00,588m,14%,14.7,1714Mi,44%,1881,47,47.025
Fri 20:07:00,611m,15%,15.275,1712Mi,44%,1881,47,47.025
Fri 20:08:00,593m,14%,14.825,1712Mi,44%,1881,47,47.025
Fri 20:09:00,630m,15%,15.75,1712Mi,44%,1881,47,47.025
Fri 20:10:00,594m,14%,14.85,1719Mi,44%,1842,46,46.05
Fri 20:11:00,666m,16%,16.65,1711Mi,44%,1881,47,47.025
Fri 20:12:00,614m,15%,15.35,1717Mi,44%,1881,47,47.025
Fri 20:13:00,649m,16%,16.225,1717Mi,44%,1842,46,46.05
Fri 20:14:00,625m,15%,15.625,1713Mi,44%,1881,47,47.025
Fri 20:15:00,633m,15%,15.825,1707Mi,44%,1842,46,46.05
Fri 20:16:00,633m,15%,15.825,1708Mi,44%,1842,46,46.05
Fri 20:17:00,653m,16%,16.325,1706Mi,44%,1842,46,46.05
Fri 20:18:00,679m,16%,16.975,1708Mi,44%,1881,47,47.025
Fri 20:19:00,645m,16%,16.125,1708Mi,44%,1842,46,46.05
Fri 20:20:00,617m,15%,15.425,1708Mi,44%,1881,47,47.025
Fri 20:21:00,655m,16%,16.375,1709Mi,44%,1842,46,46.05
Fri 20:22:00,563m,14%,14.075,1705Mi,44%,1842,46,46.05
Fri 20:23:00,695m,17%,17.375,1706Mi,44%,1881,47,47.025
Fri 20:24:00,625m,15%,15.625,1704Mi,44%,1881,47,47.025
Fri 20:25:00,629m,15%,15.725,1712Mi,44%,1881,47,47.025
Fri 20:26:01,627m,15%,15.675,1711Mi,44%,1881,47,47.025
Fri 20:27:00,636m,15%,15.9,1712Mi,44%,1842,46,46.05
Fri 20:28:00,766m,19%,19.15,1711Mi,44%,1881,47,47.025
Fri 20:29:00,628m,15%,15.7,1711Mi,44%,1842,46,46.05
Fri 20:30:00,624m,15%,15.6,1711Mi,44%,1881,47,47.025
Fri 20:31:00,631m,15%,15.775,1711Mi,44%,1881,47,47.025
Fri 20:32:00,650m,16%,16.25,1709Mi,44%,1842,46,46.05
Fri 20:33:00,665m,16%,16.625,1709Mi,44%,1881,47,47.025
Fri 20:34:00,669m,16%,16.725,1712Mi,44%,1881,47,47.025
Fri 20:35:00,665m,16%,16.625,1711Mi,44%,1842,46,46.05
Fri 20:36:00,654m,16%,16.35,1736Mi,45%,1881,47,47.025
Fri 20:37:00,653m,16%,16.325,1710Mi,44%,1881,47,47.025
Fri 20:38:00,653m,16%,16.325,1711Mi,44%,1881,47,47.025
Fri 20:39:00,665m,16%,16.625,1711Mi,44%,1881,47,47.025
Fri 20:40:00,652m,16%,16.3,1711Mi,44%,1881,47,47.025
Fri 20:41:00,669m,16%,16.725,1711Mi,44%,1881,47,47.025
Fri 20:42:00,671m,16%,16.775,1711Mi,44%,1881,47,47.025
Fri 20:43:00,645m,16%,16.125,1711Mi,44%,1881,47,47.025
Fri 20:44:00,669m,16%,16.725,1713Mi,44%,1881,47,47.025
Fri 20:45:00,659m,16%,16.475,1711Mi,44%,1842,46,46.05
Fri 20:46:00,673m,16%,16.825,1719Mi,44%,1881,47,47.025
Fri 20:47:00,652m,16%,16.3,1719Mi,44%,1881,47,47.025
Fri 20:48:00,679m,16%,16.975,1719Mi,44%,1842,46,46.05
Fri 20:49:00,708m,17%,17.7,1720Mi,44%,1842,46,46.05
Fri 20:50:00,642m,16%,16.05,1720Mi,44%,1881,47,47.025
Fri 20:51:00,657m,16%,16.425,1720Mi,44%,1842,46,46.05
Fri 20:52:00,671m,16%,16.775,1721Mi,44%,1881,47,47.025
Fri 20:53:00,628m,15%,15.7,1718Mi,44%,1881,47,47.025
Fri 20:54:00,660m,16%,16.5,1719Mi,44%,1842,46,46.05
Fri 20:55:01,672m,16%,16.8,1719Mi,44%,1881,47,47.025
Fri 20:56:00,638m,15%,15.95,1719Mi,44%,1842,46,46.05
Fri 20:57:00,685m,17%,17.125,1719Mi,44%,1842,46,46.05
Fri 20:58:00,612m,15%,15.3,1719Mi,44%,1842,46,46.05
Fri 20:59:00,607m,15%,15.175,1720Mi,44%,1842,46,46.05
Fri 21:00:00,621m,15%,15.525,1720Mi,44%,1842,46,46.05
Fri 21:01:00,597m,14%,14.925,1719Mi,44%,1881,47,47.025
Fri 21:02:01,603m,15%,15.075,1719Mi,44%,1881,47,47.025
Fri 21:03:00,624m,15%,15.6,1720Mi,44%,1881,47,47.025
Fri 21:04:00,643m,16%,16.075,1722Mi,44%,1881,47,47.025
Fri 21:05:01,623m,15%,15.575,1729Mi,45%,1881,47,47.025
Fri 21:06:00,605m,15%,15.125,1729Mi,45%,1881,47,47.025
Fri 21:07:00,623m,15%,15.575,1729Mi,45%,1881,47,47.025
Fri 21:08:00,642m,16%,16.05,1731Mi,45%,1881,47,47.025
Fri 21:09:00,605m,15%,15.125,1731Mi,45%,1920,48,48
Fri 21:10:00,640m,16%,16,1730Mi,45%,1881,47,47.025
Fri 21:11:00,626m,15%,15.65,1730Mi,45%,1842,46,46.05
Fri 21:12:00,632m,15%,15.8,1731Mi,45%,1881,47,47.025
Fri 21:13:00,631m,15%,15.775,1731Mi,45%,1920,48,48
Fri 21:14:00,638m,15%,15.95,1731Mi,45%,1881,47,47.025
Fri 21:15:00,626m,15%,15.65,1730Mi,45%,1881,47,47.025
Fri 21:16:00,636m,15%,15.9,1730Mi,45%,1881,47,47.025
Fri 21:17:00,643m,16%,16.075,1726Mi,44%,1881,47,47.025
Fri 21:18:00,670m,16%,16.75,1726Mi,44%,1842,46,46.05
Fri 21:19:00,633m,15%,15.825,1724Mi,44%,1881,47,47.025
Fri 21:20:00,640m,16%,16,1723Mi,44%,1881,47,47.025
Fri 21:21:00,640m,16%,16,1726Mi,44%,1920,48,48
Fri 21:22:01,620m,15%,15.5,1726Mi,44%,1881,47,47.025
Fri 21:23:00,629m,15%,15.725,1728Mi,44%,1881,47,47.025
Fri 21:24:00,648m,16%,16.2,1728Mi,44%,1920,48,48
Fri 21:25:00,597m,14%,14.925,1728Mi,44%,1881,47,47.025
Fri 21:26:00,633m,15%,15.825,1735Mi,45%,1881,47,47.025
Fri 21:27:00,629m,15%,15.725,1740Mi,45%,1881,47,47.025
Fri 21:28:00,685m,17%,17.125,1741Mi,45%,1881,47,47.025
Fri 21:29:00,625m,15%,15.625,1735Mi,45%,1920,48,48
Fri 21:30:00,637m,15%,15.925,1736Mi,45%,1881,47,47.025
Fri 21:31:00,644m,16%,16.1,1735Mi,45%,1881,47,47.025
Fri 21:32:00,631m,15%,15.775,1735Mi,45%,1842,46,46.05
Fri 21:33:00,613m,15%,15.325,1735Mi,45%,1881,47,47.025
Fri 21:34:00,631m,15%,15.775,1735Mi,45%,1881,47,47.025
Fri 21:35:00,630m,15%,15.75,1740Mi,45%,1881,47,47.025
Fri 21:36:01,646m,16%,16.15,1732Mi,45%,1881,47,47.025
Fri 21:37:00,660m,16%,16.5,1733Mi,45%,1881,47,47.025
Fri 21:38:00,623m,15%,15.575,1733Mi,45%,1881,47,47.025
Fri 21:39:01,637m,15%,15.925,1733Mi,45%,1881,47,47.025
Fri 21:40:00,630m,15%,15.75,1735Mi,45%,1881,47,47.025
Fri 21:41:00,607m,15%,15.175,1735Mi,45%,1881,47,47.025
Fri 21:42:00,623m,15%,15.575,1734Mi,45%,1881,47,47.025
Fri 21:43:00,648m,16%,16.2,1734Mi,45%,1881,47,47.025
Fri 21:44:00,638m,15%,15.95,1735Mi,45%,1881,47,47.025
Fri 21:45:00,650m,16%,16.25,1735Mi,45%,1881,47,47.025
Fri 21:46:00,628m,15%,15.7,1743Mi,45%,1881,47,47.025
Fri 21:47:00,634m,15%,15.85,1742Mi,45%,1881,47,47.025
Fri 21:48:01,619m,15%,15.475,1742Mi,45%,1881,47,47.025
Fri 21:49:00,633m,15%,15.825,1743Mi,45%,1881,47,47.025
Fri 21:50:00,623m,15%,15.575,1742Mi,45%,1881,47,47.025
Fri 21:51:00,644m,16%,16.1,1741Mi,45%,1842,46,46.05
Fri 21:52:00,651m,16%,16.275,1740Mi,45%,1881,47,47.025
Fri 21:53:00,696m,17%,17.4,1740Mi,45%,1920,48,48
Fri 21:54:00,679m,16%,16.975,1742Mi,45%,1881,47,47.025
Fri 21:55:00,636m,15%,15.9,1743Mi,45%,1881,47,47.025
Fri 21:56:01,632m,15%,15.8,1743Mi,45%,1881,47,47.025
Fri 21:57:00,631m,15%,15.775,1743Mi,45%,1881,47,47.025
Fri 21:58:00,591m,14%,14.775,1744Mi,45%,1920,48,48
Fri 21:59:01,640m,16%,16,1743Mi,45%,1920,48,48
Fri 22:00:00,629m,15%,15.725,1742Mi,45%,1881,47,47.025
Fri 22:01:00,638m,15%,15.95,1742Mi,45%,1881,47,47.025
Fri 22:02:01,641m,16%,16.025,1764Mi,45%,1959,48,48.975
Fri 22:03:00,629m,15%,15.725,1746Mi,45%,1959,48,48.975
Fri 22:04:00,644m,16%,16.1,1749Mi,45%,1998,49,49.95
Fri 22:05:00,660m,16%,16.5,1752Mi,45%,1920,48,48
Fri 22:06:00,674m,16%,16.85,1754Mi,45%,1959,48,48.975
Fri 22:07:00,661m,16%,16.525,1753Mi,45%,1920,48,48
Fri 22:08:00,664m,16%,16.6,1754Mi,45%,1920,48,48
Fri 22:09:00,663m,16%,16.575,1755Mi,45%,1881,47,47.025
Fri 22:10:00,683m,17%,17.075,1754Mi,45%,1920,48,48
Fri 22:11:00,654m,16%,16.35,1753Mi,45%,1920,48,48
Fri 22:12:00,655m,16%,16.375,1754Mi,45%,1920,48,48
Fri 22:13:00,661m,16%,16.525,1756Mi,45%,1920,48,48
Fri 22:14:00,670m,16%,16.75,1753Mi,45%,1920,48,48
Fri 22:15:00,654m,16%,16.35,1754Mi,45%,1920,48,48
Fri 22:16:00,660m,16%,16.5,1755Mi,45%,1920,48,48
Fri 22:17:00,694m,17%,17.35,1752Mi,45%,1920,48,48
Fri 22:18:00,714m,17%,17.85,1752Mi,45%,1959,48,48.975
Fri 22:19:00,631m,15%,15.775,1753Mi,45%,1920,48,48
Fri 22:20:00,669m,16%,16.725,1753Mi,45%,1920,48,48
Fri 22:21:00,659m,16%,16.475,1753Mi,45%,1959,48,48.975
Fri 22:22:01,648m,16%,16.2,1753Mi,45%,1920,48,48
Fri 22:23:00,683m,17%,17.075,1753Mi,45%,1920,48,48
Fri 22:24:00,683m,17%,17.075,1762Mi,45%,1920,48,48
Fri 22:25:00,688m,17%,17.2,1761Mi,45%,1920,48,48
Fri 22:26:00,636m,15%,15.9,1759Mi,45%,1920,48,48
Fri 22:27:00,731m,18%,18.275,1761Mi,45%,1920,48,48
Fri 22:28:00,673m,16%,16.825,1762Mi,45%,1920,48,48
Fri 22:29:00,688m,17%,17.2,1761Mi,45%,1920,48,48
Fri 22:30:00,626m,15%,15.65,1761Mi,45%,1920,48,48
Fri 22:31:00,680m,17%,17,1761Mi,45%,1920,48,48
Fri 22:32:00,697m,17%,17.425,1763Mi,45%,1920,48,48
Fri 22:33:00,664m,16%,16.6,1761Mi,45%,1959,48,48.975
Fri 22:34:00,627m,15%,15.675,1760Mi,45%,1920,48,48
Fri 22:35:00,688m,17%,17.2,1761Mi,45%,1920,48,48
Fri 22:36:00,658m,16%,16.45,1761Mi,45%,1920,48,48
Fri 22:37:00,660m,16%,16.5,1759Mi,45%,1920,48,48
Fri 22:38:00,697m,17%,17.425,1761Mi,45%,1920,48,48
Fri 22:39:00,667m,16%,16.675,1761Mi,45%,1920,48,48
Fri 22:40:01,679m,16%,16.975,1761Mi,45%,1920,48,48
Fri 22:41:00,643m,16%,16.075,1758Mi,45%,1920,48,48
Fri 22:42:00,658m,16%,16.45,1761Mi,45%,1959,48,48.975
Fri 22:43:00,671m,16%,16.775,1770Mi,46%,1920,48,48
Fri 22:44:00,686m,17%,17.15,1769Mi,46%,1920,48,48
Fri 22:45:00,652m,16%,16.3,1769Mi,46%,1959,48,48.975
Fri 22:46:01,668m,16%,16.7,1769Mi,46%,1920,48,48
Fri 22:47:00,686m,17%,17.15,1771Mi,46%,1920,48,48
Fri 22:48:00,661m,16%,16.525,1769Mi,46%,1881,47,47.025
Fri 22:49:01,659m,16%,16.475,1770Mi,46%,1920,48,48
Fri 22:50:00,665m,16%,16.625,1770Mi,46%,1920,48,48
Fri 22:51:00,684m,17%,17.1,1770Mi,46%,1920,48,48
Fri 22:52:01,683m,17%,17.075,1769Mi,46%,1920,48,48
Fri 22:53:00,632m,15%,15.8,1771Mi,46%,1920,48,48
Fri 22:54:00,693m,17%,17.325,1770Mi,46%,1881,47,47.025
Fri 22:55:00,680m,17%,17,1769Mi,46%,1920,48,48
Fri 22:56:00,661m,16%,16.525,1776Mi,46%,1920,48,48
Fri 22:57:00,647m,16%,16.175,1770Mi,46%,1881,47,47.025
Fri 22:58:01,675m,16%,16.875,1770Mi,46%,1920,48,48
Fri 22:59:00,667m,16%,16.675,1770Mi,46%,1920,48,48
Fri 23:00:00,635m,15%,15.875,1778Mi,46%,1920,48,48
Fri 23:01:00,686m,17%,17.15,1777Mi,46%,1920,48,48
Fri 23:02:00,681m,17%,17.025,1778Mi,46%,1920,48,48
Fri 23:03:00,709m,17%,17.725,1777Mi,46%,1959,48,48.975
Fri 23:04:00,713m,17%,17.825,1776Mi,46%,1920,48,48
Fri 23:05:00,677m,16%,16.925,1778Mi,46%,2037,50,50.925
Fri 23:06:00,647m,16%,16.175,1786Mi,46%,2037,50,50.925
Fri 23:07:00,671m,16%,16.775,1787Mi,46%,1998,49,49.95
Fri 23:08:00,652m,16%,16.3,1786Mi,46%,2037,50,50.925
Fri 23:09:00,678m,16%,16.95,1786Mi,46%,2037,50,50.925
Fri 23:10:00,661m,16%,16.525,1790Mi,46%,1998,49,49.95
Fri 23:11:00,681m,17%,17.025,1788Mi,46%,2037,50,50.925
Fri 23:12:00,645m,16%,16.125,1786Mi,46%,2037,50,50.925
Fri 23:13:00,667m,16%,16.675,1787Mi,46%,1998,49,49.95
Fri 23:14:00,668m,16%,16.7,1788Mi,46%,2037,50,50.925
Fri 23:15:00,664m,16%,16.6,1787Mi,46%,2037,50,50.925
Fri 23:16:01,637m,15%,15.925,1786Mi,46%,1998,49,49.95
Fri 23:17:00,686m,17%,17.15,1786Mi,46%,2037,50,50.925
Fri 23:18:00,690m,17%,17.25,1789Mi,46%,1998,49,49.95
Fri 23:19:00,659m,16%,16.475,1794Mi,46%,2037,50,50.925
Fri 23:20:00,667m,16%,16.675,1794Mi,46%,2037,50,50.925
Fri 23:21:00,662m,16%,16.55,1794Mi,46%,2037,50,50.925
Fri 23:22:00,682m,17%,17.05,1797Mi,46%,1998,49,49.95
Fri 23:23:00,629m,15%,15.725,1793Mi,46%,2037,50,50.925
Fri 23:24:00,666m,16%,16.65,1794Mi,46%,2037,50,50.925
Fri 23:25:00,682m,17%,17.05,1794Mi,46%,1998,49,49.95
Fri 23:26:00,661m,16%,16.525,1795Mi,46%,2037,50,50.925
Fri 23:27:00,655m,16%,16.375,1793Mi,46%,2037,50,50.925
Fri 23:28:01,731m,18%,18.275,1793Mi,46%,1998,49,49.95
Fri 23:29:00,687m,17%,17.175,1794Mi,46%,2037,50,50.925
Fri 23:30:00,1026m,25%,25.65,1796Mi,46%,2037,50,50.925
Fri 23:31:00,1378m,34%,34.45,1796Mi,46%,2037,50,50.925
Fri 23:32:00,1378m,34%,34.45,1794Mi,46%,2037,50,50.925
Fri 23:33:00,985m,24%,24.625,1794Mi,46%,2037,50,50.925
Fri 23:34:00,749m,18%,18.725,1794Mi,46%,2037,50,50.925
Fri 23:35:00,699m,17%,17.475,1795Mi,46%,2037,50,50.925
Fri 23:36:00,682m,17%,17.05,1794Mi,46%,2037,50,50.925
Fri 23:37:00,693m,17%,17.325,1802Mi,46%,1998,49,49.95
Fri 23:38:00,751m,18%,18.775,1804Mi,46%,2037,50,50.925
Fri 23:39:01,703m,17%,17.575,1806Mi,47%,2037,50,50.925
Fri 23:40:00,638m,15%,15.95,1801Mi,46%,1998,49,49.95
Fri 23:41:00,673m,16%,16.825,1801Mi,46%,2037,50,50.925
Fri 23:42:00,679m,16%,16.975,1801Mi,46%,1998,49,49.95
Fri 23:43:00,667m,16%,16.675,1803Mi,46%,1998,49,49.95
Fri 23:44:01,665m,16%,16.625,1803Mi,46%,2037,50,50.925
Fri 23:45:00,635m,15%,15.875,1802Mi,46%,1998,49,49.95
Fri 23:46:00,661m,16%,16.525,1803Mi,46%,1998,49,49.95
Fri 23:47:00,658m,16%,16.45,1804Mi,46%,2037,50,50.925
Fri 23:48:00,626m,15%,15.65,1802Mi,46%,2037,50,50.925
Fri 23:49:00,667m,16%,16.675,1801Mi,46%,2037,50,50.925
Fri 23:50:00,664m,16%,16.6,1805Mi,46%,2037,50,50.925
Fri 23:51:00,644m,16%,16.1,1803Mi,46%,1998,49,49.95
Fri 23:52:00,639m,15%,15.975,1800Mi,46%,1998,49,49.95
Fri 23:53:00,665m,16%,16.625,1802Mi,46%,2037,50,50.925
Fri 23:54:00,644m,16%,16.1,1817Mi,47%,2037,50,50.925
Fri 23:55:00,689m,17%,17.225,1811Mi,47%,1998,49,49.95
Fri 23:56:01,625m,15%,15.625,1809Mi,47%,2037,50,50.925
Fri 23:57:00,661m,16%,16.525,1810Mi,47%,2037,50,50.925
Fri 23:58:00,638m,15%,15.95,1813Mi,47%,1998,49,49.95
Fri 23:59:00,657m,16%,16.425,1811Mi,47%,2037,50,50.925
Sat 00:00:01,629m,15%,15.725,1808Mi,47%,2037,50,50.925
Sat 00:01:00,654m,16%,16.35,1809Mi,47%,1959,48,48.975
Sat 00:02:00,625m,15%,15.625,1809Mi,47%,1998,49,49.95
Sat 00:03:00,618m,15%,15.45,1806Mi,47%,1959,48,48.975
Sat 00:04:00,644m,16%,16.1,1804Mi,46%,1920,48,48
Sat 00:05:00,633m,15%,15.825,1800Mi,46%,1842,46,46.05
Sat 00:06:00,641m,16%,16.025,1793Mi,46%,1803,45,45.075
Sat 00:07:00,619m,15%,15.475,1793Mi,46%,1842,46,46.05
Sat 00:08:00,608m,15%,15.2,1793Mi,46%,1842,46,46.05
Sat 00:09:00,691m,17%,17.275,1800Mi,46%,1842,46,46.05
Sat 00:10:00,636m,15%,15.9,1795Mi,46%,1842,46,46.05
Sat 00:11:00,635m,15%,15.875,1816Mi,47%,1803,45,45.075
Sat 00:12:00,654m,16%,16.35,1797Mi,46%,1842,46,46.05
Sat 00:13:00,617m,15%,15.425,1796Mi,46%,1842,46,46.05
Sat 00:14:00,642m,16%,16.05,1803Mi,46%,1803,45,45.075
Sat 00:15:00,698m,17%,17.45,1801Mi,46%,1842,46,46.05
Sat 00:16:00,670m,16%,16.75,1800Mi,46%,1842,46,46.05
Sat 00:17:00,638m,15%,15.95,1801Mi,46%,1803,45,45.075
Sat 00:18:00,668m,16%,16.7,1800Mi,46%,1842,46,46.05
Sat 00:19:00,640m,16%,16,1800Mi,46%,1803,45,45.075
Sat 00:20:01,648m,16%,16.2,1799Mi,46%,1842,46,46.05
Sat 00:21:00,627m,15%,15.675,1800Mi,46%,1803,45,45.075
Sat 00:22:00,608m,15%,15.2,1799Mi,46%,1842,46,46.05
Sat 00:23:01,609m,15%,15.225,1799Mi,46%,1842,46,46.05
Sat 00:24:00,604m,15%,15.1,1800Mi,46%,1842,46,46.05
Sat 00:25:00,652m,16%,16.3,1801Mi,46%,1803,45,45.075
Sat 00:26:00,600m,15%,15,1801Mi,46%,1842,46,46.05
Sat 00:27:00,664m,16%,16.6,1801Mi,46%,1803,45,45.075
Sat 00:28:00,627m,15%,15.675,1804Mi,46%,1842,46,46.05
Sat 00:29:00,584m,14%,14.6,1804Mi,46%,1842,46,46.05
Sat 00:30:00,607m,15%,15.175,1802Mi,46%,1842,46,46.05
Sat 00:31:00,611m,15%,15.275,1801Mi,46%,1842,46,46.05
Sat 00:32:00,604m,15%,15.1,1802Mi,46%,1842,46,46.05
Sat 00:33:01,631m,15%,15.775,1802Mi,46%,1842,46,46.05
Sat 00:34:00,621m,15%,15.525,1801Mi,46%,1842,46,46.05
Sat 00:35:00,609m,15%,15.225,1809Mi,47%,1803,45,45.075
Sat 00:36:00,608m,15%,15.2,1809Mi,47%,1803,45,45.075
Sat 00:37:00,591m,14%,14.775,1809Mi,47%,1803,45,45.075
Sat 00:38:00,597m,14%,14.925,1809Mi,47%,1803,45,45.075
Sat 00:39:00,593m,14%,14.825,1809Mi,47%,1842,46,46.05
Sat 00:40:01,604m,15%,15.1,1807Mi,47%,1842,46,46.05
Sat 00:41:00,627m,15%,15.675,1816Mi,47%,1803,45,45.075
Sat 00:42:00,617m,15%,15.425,1810Mi,47%,1842,46,46.05
Sat 00:43:00,595m,14%,14.875,1810Mi,47%,1803,45,45.075
Sat 00:44:00,613m,15%,15.325,1811Mi,47%,1842,46,46.05
Sat 00:45:01,596m,14%,14.9,1812Mi,47%,1842,46,46.05
Sat 00:46:00,610m,15%,15.25,1810Mi,47%,1803,45,45.075
Sat 00:47:00,603m,15%,15.075,1810Mi,47%,1842,46,46.05
Sat 00:48:01,610m,15%,15.25,1809Mi,47%,1842,46,46.05
Sat 00:49:00,600m,15%,15,1809Mi,47%,1803,45,45.075
Sat 00:50:00,602m,15%,15.05,1810Mi,47%,1803,45,45.075
Sat 00:51:00,591m,14%,14.775,1809Mi,47%,1803,45,45.075
Sat 00:52:00,612m,15%,15.3,1810Mi,47%,1842,46,46.05
Sat 00:53:00,607m,15%,15.175,1809Mi,47%,1842,46,46.05
Sat 00:54:00,606m,15%,15.15,1801Mi,46%,1842,46,46.05
Sat 00:55:00,609m,15%,15.225,1801Mi,46%,1842,46,46.05
Sat 00:56:00,621m,15%,15.525,1801Mi,46%,1842,46,46.05
Sat 00:57:00,642m,16%,16.05,1803Mi,46%,1842,46,46.05
Sat 00:58:00,598m,14%,14.95,1803Mi,46%,1803,45,45.075
Sat 00:59:01,614m,15%,15.35,1803Mi,46%,1842,46,46.05
Sat 01:00:00,591m,14%,14.775,1803Mi,46%,1803,45,45.075
Sat 01:01:00,613m,15%,15.325,1805Mi,46%,1842,46,46.05
Sat 01:02:00,590m,14%,14.75,1803Mi,46%,1803,45,45.075
Sat 01:03:00,618m,15%,15.45,1808Mi,47%,1803,45,45.075
Sat 01:04:00,604m,15%,15.1,1807Mi,47%,1842,46,46.05
Sat 01:05:00,612m,15%,15.3,1801Mi,46%,1764,44,44.1
Sat 01:06:00,595m,14%,14.875,1801Mi,46%,1764,44,44.1
Sat 01:07:00,602m,15%,15.05,1800Mi,46%,1803,45,45.075
Sat 01:08:01,598m,14%,14.95,1799Mi,46%,1803,45,45.075
Sat 01:09:00,613m,15%,15.325,1798Mi,46%,1764,44,44.1
Sat 01:10:00,588m,14%,14.7,1798Mi,46%,1764,44,44.1
Sat 01:11:00,604m,15%,15.1,1798Mi,46%,1803,45,45.075
Sat 01:12:00,602m,15%,15.05,1799Mi,46%,1764,44,44.1
Sat 01:13:00,619m,15%,15.475,1798Mi,46%,1803,45,45.075
Sat 01:14:00,627m,15%,15.675,1801Mi,46%,1803,45,45.075
Sat 01:15:00,601m,15%,15.025,1807Mi,47%,1764,44,44.1
Sat 01:16:00,606m,15%,15.15,1807Mi,47%,1803,45,45.075
Sat 01:17:00,606m,15%,15.15,1807Mi,47%,1803,45,45.075
Sat 01:18:00,644m,16%,16.1,1806Mi,47%,1764,44,44.1
Sat 01:19:00,605m,15%,15.125,1807Mi,47%,1803,45,45.075
Sat 01:20:00,601m,15%,15.025,1806Mi,47%,1803,45,45.075
Sat 01:21:00,599m,14%,14.975,1806Mi,47%,1764,44,44.1
Sat 01:22:00,604m,15%,15.1,1806Mi,47%,1803,45,45.075
Sat 01:23:00,591m,14%,14.775,1806Mi,47%,1764,44,44.1
Sat 01:24:01,608m,15%,15.2,1806Mi,47%,1803,45,45.075
Sat 01:25:00,600m,15%,15,1804Mi,46%,1764,44,44.1
Sat 01:26:00,600m,15%,15,1803Mi,46%,1803,45,45.075
Sat 01:27:00,614m,15%,15.35,1804Mi,46%,1764,44,44.1
Sat 01:28:00,663m,16%,16.575,1804Mi,46%,1803,45,45.075
Sat 01:29:01,595m,14%,14.875,1804Mi,46%,1803,45,45.075
Sat 01:30:00,599m,14%,14.975,1805Mi,46%,1764,44,44.1
Sat 01:31:00,637m,15%,15.925,1806Mi,47%,1764,44,44.1
Sat 01:32:00,593m,14%,14.825,1806Mi,47%,1764,44,44.1
Sat 01:33:00,610m,15%,15.25,1807Mi,47%,1803,45,45.075
Sat 01:34:00,609m,15%,15.225,1808Mi,47%,1803,45,45.075
Sat 01:35:01,619m,15%,15.475,1801Mi,46%,1803,45,45.075
Sat 01:36:00,580m,14%,14.5,1801Mi,46%,1764,44,44.1
Sat 01:37:00,605m,15%,15.125,1799Mi,46%,1764,44,44.1
Sat 01:38:00,578m,14%,14.45,1800Mi,46%,1764,44,44.1
Sat 01:39:01,594m,14%,14.85,1799Mi,46%,1803,45,45.075
Sat 01:40:00,588m,14%,14.7,1800Mi,46%,1764,44,44.1
Sat 01:41:00,611m,15%,15.275,1799Mi,46%,1803,45,45.075
Sat 01:42:00,594m,14%,14.85,1799Mi,46%,1764,44,44.1
Sat 01:43:00,614m,15%,15.35,1798Mi,46%,1764,44,44.1
Sat 01:44:00,596m,14%,14.9,1797Mi,46%,1803,45,45.075
Sat 01:45:00,610m,15%,15.25,1797Mi,46%,1803,45,45.075
Sat 01:46:00,603m,15%,15.075,1797Mi,46%,1803,45,45.075
Sat 01:47:00,622m,15%,15.55,1796Mi,46%,1764,44,44.1
Sat 01:48:00,606m,15%,15.15,1796Mi,46%,1764,44,44.1
Sat 01:49:00,623m,15%,15.575,1799Mi,46%,1803,45,45.075
Sat 01:50:00,610m,15%,15.25,1799Mi,46%,1803,45,45.075
Sat 01:51:00,604m,15%,15.1,1799Mi,46%,1764,44,44.1
Sat 01:52:00,618m,15%,15.45,1800Mi,46%,1803,45,45.075
Sat 01:53:00,578m,14%,14.45,1801Mi,46%,1764,44,44.1
Sat 01:54:00,602m,15%,15.05,1800Mi,46%,1764,44,44.1
Sat 01:55:00,605m,15%,15.125,1800Mi,46%,1803,45,45.075
Sat 01:56:00,625m,15%,15.625,1808Mi,47%,1764,44,44.1
Sat 01:57:00,607m,15%,15.175,1809Mi,47%,1803,45,45.075
Sat 01:58:00,602m,15%,15.05,1815Mi,47%,1803,45,45.075
Sat 01:59:01,607m,15%,15.175,1807Mi,47%,1803,45,45.075
Sat 02:00:00,613m,15%,15.325,1806Mi,47%,1764,44,44.1
Sat 02:01:00,587m,14%,14.675,1807Mi,47%,1764,44,44.1
Sat 02:02:00,607m,15%,15.175,1806Mi,47%,1725,43,43.125
Sat 02:03:00,582m,14%,14.55,1802Mi,46%,1725,43,43.125
Sat 02:04:00,593m,14%,14.825,1803Mi,46%,1686,42,42.15
Sat 02:05:00,553m,13%,13.825,1798Mi,46%,1686,42,42.15
Sat 02:06:00,587m,14%,14.675,1798Mi,46%,1647,41,41.175
Sat 02:07:00,559m,13%,13.975,1801Mi,46%,1686,42,42.15
Sat 02:08:00,549m,13%,13.725,1797Mi,46%,1686,42,42.15
Sat 02:09:00,570m,14%,14.25,1795Mi,46%,1686,42,42.15
Sat 02:10:00,544m,13%,13.6,1795Mi,46%,1686,42,42.15
Sat 02:11:00,572m,14%,14.3,1795Mi,46%,1686,42,42.15
Sat 02:12:00,549m,13%,13.725,1794Mi,46%,1686,42,42.15
Sat 02:13:00,596m,14%,14.9,1795Mi,46%,1647,41,41.175
Sat 02:14:01,548m,13%,13.7,1793Mi,46%,1686,42,42.15
Sat 02:15:00,578m,14%,14.45,1793Mi,46%,1647,41,41.175
Sat 02:16:00,554m,13%,13.85,1785Mi,46%,1686,42,42.15
Sat 02:17:00,568m,14%,14.2,1786Mi,46%,1686,42,42.15
Sat 02:18:00,591m,14%,14.775,1790Mi,46%,1686,42,42.15
Sat 02:19:00,566m,14%,14.15,1793Mi,46%,1686,42,42.15
Sat 02:20:00,558m,13%,13.95,1785Mi,46%,1686,42,42.15
Sat 02:21:00,568m,14%,14.2,1788Mi,46%,1686,42,42.15
Sat 02:22:00,543m,13%,13.575,1785Mi,46%,1647,41,41.175
Sat 02:23:00,571m,14%,14.275,1788Mi,46%,1686,42,42.15
Sat 02:24:00,572m,14%,14.3,1787Mi,46%,1647,41,41.175
Sat 02:25:00,552m,13%,13.8,1788Mi,46%,1686,42,42.15
Sat 02:26:00,555m,13%,13.875,1784Mi,46%,1647,41,41.175
Sat 02:27:00,574m,14%,14.35,1788Mi,46%,1686,42,42.15
Sat 02:28:00,608m,15%,15.2,1787Mi,46%,1686,42,42.15
Sat 02:29:00,541m,13%,13.525,1788Mi,46%,1686,42,42.15
Sat 02:30:00,557m,13%,13.925,1787Mi,46%,1686,42,42.15
Sat 02:31:00,560m,14%,14,1790Mi,46%,1686,42,42.15
Sat 02:32:00,579m,14%,14.475,1785Mi,46%,1686,42,42.15
Sat 02:33:00,554m,13%,13.85,1786Mi,46%,1686,42,42.15
Sat 02:34:00,582m,14%,14.55,1785Mi,46%,1686,42,42.15
Sat 02:35:00,546m,13%,13.65,1784Mi,46%,1647,41,41.175
Sat 02:36:00,572m,14%,14.3,1784Mi,46%,1686,42,42.15
Sat 02:37:00,572m,14%,14.3,1783Mi,46%,1647,41,41.175
Sat 02:38:00,566m,14%,14.15,1787Mi,46%,1686,42,42.15
Sat 02:39:00,543m,13%,13.575,1791Mi,46%,1686,42,42.15
Sat 02:40:00,583m,14%,14.575,1795Mi,46%,1686,42,42.15
Sat 02:41:00,542m,13%,13.55,1792Mi,46%,1686,42,42.15
Sat 02:42:00,589m,14%,14.725,1796Mi,46%,1686,42,42.15
Sat 02:43:00,551m,13%,13.775,1792Mi,46%,1686,42,42.15
Sat 02:44:00,572m,14%,14.3,1795Mi,46%,1647,41,41.175
Sat 02:45:00,567m,14%,14.175,1792Mi,46%,1686,42,42.15
Sat 02:46:00,580m,14%,14.5,1796Mi,46%,1647,41,41.175
Sat 02:47:00,562m,14%,14.05,1792Mi,46%,1686,42,42.15
Sat 02:48:00,552m,13%,13.8,1794Mi,46%,1647,41,41.175
Sat 02:49:00,565m,14%,14.125,1792Mi,46%,1686,42,42.15
Sat 02:50:00,560m,14%,14,1795Mi,46%,1647,41,41.175
Sat 02:51:00,545m,13%,13.625,1792Mi,46%,1686,42,42.15
Sat 02:52:00,575m,14%,14.375,1794Mi,46%,1686,42,42.15
Sat 02:53:00,554m,13%,13.85,1791Mi,46%,1686,42,42.15
Sat 02:54:00,559m,13%,13.975,1794Mi,46%,1686,42,42.15
Sat 02:55:00,563m,14%,14.075,1796Mi,46%,1686,42,42.15
Sat 02:56:01,566m,14%,14.15,1794Mi,46%,1686,42,42.15
Sat 02:57:00,583m,14%,14.575,1793Mi,46%,1647,41,41.175
Sat 02:58:00,558m,13%,13.95,1794Mi,46%,1686,42,42.15
Sat 02:59:00,573m,14%,14.325,1793Mi,46%,1647,41,41.175
Sat 03:00:00,550m,13%,13.75,1794Mi,46%,1686,42,42.15
Sat 03:01:00,555m,13%,13.875,1785Mi,46%,1686,42,42.15
Sat 03:02:00,547m,13%,13.675,1787Mi,46%,1647,41,41.175
Sat 03:03:00,559m,13%,13.975,1784Mi,46%,1647,41,41.175
Sat 03:04:00,555m,13%,13.875,1783Mi,46%,1608,40,40.2
Sat 03:05:00,541m,13%,13.525,1780Mi,46%,1725,43,43.125
Sat 03:06:00,504m,12%,12.6,1789Mi,46%,1725,43,43.125
Sat 03:07:00,544m,13%,13.6,1790Mi,46%,1725,43,43.125
Sat 03:08:01,539m,13%,13.475,1790Mi,46%,1725,43,43.125
Sat 03:09:01,537m,13%,13.425,1788Mi,46%,1725,43,43.125
Sat 03:10:00,534m,13%,13.35,1787Mi,46%,1725,43,43.125
Sat 03:11:00,539m,13%,13.475,1787Mi,46%,1725,43,43.125
Sat 03:12:00,540m,13%,13.5,1787Mi,46%,1725,43,43.125
Sat 03:13:00,539m,13%,13.475,1787Mi,46%,1725,43,43.125
Sat 03:14:00,554m,13%,13.85,1795Mi,46%,1725,43,43.125
Sat 03:15:00,558m,13%,13.95,1789Mi,46%,1725,43,43.125
Sat 03:16:00,538m,13%,13.45,1789Mi,46%,1725,43,43.125
Sat 03:17:00,552m,13%,13.8,1791Mi,46%,1725,43,43.125
Sat 03:18:00,576m,14%,14.4,1791Mi,46%,1725,43,43.125
Sat 03:19:00,537m,13%,13.425,1790Mi,46%,1725,43,43.125
Sat 03:20:00,547m,13%,13.675,1789Mi,46%,1725,43,43.125
Sat 03:21:00,535m,13%,13.375,1789Mi,46%,1725,43,43.125
Sat 03:22:00,547m,13%,13.675,1789Mi,46%,1725,43,43.125
Sat 03:23:00,542m,13%,13.55,1789Mi,46%,1725,43,43.125
Sat 03:24:00,532m,13%,13.3,1787Mi,46%,1725,43,43.125
Sat 03:25:00,552m,13%,13.8,1787Mi,46%,1725,43,43.125
Sat 03:26:00,531m,13%,13.275,1794Mi,46%,1725,43,43.125
Sat 03:27:00,549m,13%,13.725,1795Mi,46%,1725,43,43.125
Sat 03:28:00,601m,15%,15.025,1796Mi,46%,1725,43,43.125
Sat 03:29:00,572m,14%,14.3,1797Mi,46%,1725,43,43.125
Sat 03:30:00,536m,13%,13.4,1797Mi,46%,1725,43,43.125
Sat 03:31:00,536m,13%,13.4,1797Mi,46%,1725,43,43.125
Sat 03:32:00,547m,13%,13.675,1797Mi,46%,1725,43,43.125
Sat 03:33:00,552m,13%,13.8,1798Mi,46%,1725,43,43.125
Sat 03:34:00,535m,13%,13.375,1799Mi,46%,1725,43,43.125
Sat 03:35:00,543m,13%,13.575,1797Mi,46%,1725,43,43.125
Sat 03:36:00,547m,13%,13.675,1798Mi,46%,1725,43,43.125
Sat 03:37:00,543m,13%,13.575,1797Mi,46%,1725,43,43.125
Sat 03:38:00,538m,13%,13.45,1797Mi,46%,1725,43,43.125
Sat 03:39:00,556m,13%,13.9,1803Mi,46%,1725,43,43.125
Sat 03:40:00,544m,13%,13.6,1795Mi,46%,1725,43,43.125
Sat 03:41:00,548m,13%,13.7,1795Mi,46%,1725,43,43.125
Sat 03:42:01,548m,13%,13.7,1796Mi,46%,1725,43,43.125
Sat 03:43:01,536m,13%,13.4,1795Mi,46%,1725,43,43.125
Sat 03:44:00,562m,14%,14.05,1797Mi,46%,1725,43,43.125
Sat 03:45:00,548m,13%,13.7,1796Mi,46%,1725,43,43.125
Sat 03:46:00,532m,13%,13.3,1796Mi,46%,1725,43,43.125
Sat 03:47:00,558m,13%,13.95,1796Mi,46%,1725,43,43.125
Sat 03:48:00,563m,14%,14.075,1797Mi,46%,1725,43,43.125
Sat 03:49:00,602m,15%,15.05,1798Mi,46%,1725,43,43.125
Sat 03:50:00,603m,15%,15.075,1789Mi,46%,1725,43,43.125
Sat 03:51:00,595m,14%,14.875,1789Mi,46%,1725,43,43.125
Sat 03:52:00,535m,13%,13.375,1789Mi,46%,1725,43,43.125
Sat 03:53:00,550m,13%,13.75,1789Mi,46%,1725,43,43.125
Sat 03:54:00,532m,13%,13.3,1786Mi,46%,1725,43,43.125
Sat 03:55:00,554m,13%,13.85,1786Mi,46%,1725,43,43.125
Sat 03:56:00,548m,13%,13.7,1786Mi,46%,1725,43,43.125
Sat 03:57:00,556m,13%,13.9,1786Mi,46%,1725,43,43.125
Sat 03:58:00,540m,13%,13.5,1785Mi,46%,1725,43,43.125
Sat 03:59:00,560m,14%,14,1788Mi,46%,1725,43,43.125
Sat 04:00:00,552m,13%,13.8,1788Mi,46%,1725,43,43.125
Sat 04:01:01,538m,13%,13.45,1789Mi,46%,1686,42,42.15
Sat 04:02:00,526m,13%,13.15,1786Mi,46%,1647,41,41.175
Sat 04:03:00,518m,12%,12.95,1783Mi,46%,1647,41,41.175
Sat 04:04:00,542m,13%,13.55,1784Mi,46%,1608,40,40.2
Sat 04:05:00,499m,12%,12.475,1780Mi,46%,1530,38,38.25
Sat 04:06:00,510m,12%,12.75,1774Mi,46%,1569,39,39.225
Sat 04:07:00,539m,13%,13.475,1775Mi,46%,1530,38,38.25
Sat 04:08:00,483m,12%,12.075,1777Mi,46%,1530,38,38.25
Sat 04:09:00,489m,12%,12.225,1779Mi,46%,1530,38,38.25
Sat 04:10:00,498m,12%,12.45,1773Mi,46%,1530,38,38.25
Sat 04:11:00,493m,12%,12.325,1778Mi,46%,1530,38,38.25
Sat 04:12:00,525m,13%,13.125,1773Mi,46%,1530,38,38.25
Sat 04:13:00,496m,12%,12.4,1768Mi,46%,1569,39,39.225
Sat 04:14:00,473m,11%,11.825,1768Mi,46%,1530,38,38.25
Sat 04:15:00,522m,13%,13.05,1769Mi,46%,1530,38,38.25
Sat 04:16:00,477m,11%,11.925,1776Mi,46%,1569,39,39.225
Sat 04:17:00,498m,12%,12.45,1776Mi,46%,1530,38,38.25
Sat 04:18:00,559m,13%,13.975,1776Mi,46%,1530,38,38.25
Sat 04:19:00,490m,12%,12.25,1775Mi,46%,1530,38,38.25
Sat 04:20:00,486m,12%,12.15,1775Mi,46%,1569,39,39.225
Sat 04:21:00,503m,12%,12.575,1778Mi,46%,1530,38,38.25
Sat 04:22:00,522m,13%,13.05,1775Mi,46%,1530,38,38.25
Sat 04:23:00,486m,12%,12.15,1775Mi,46%,1569,39,39.225
Sat 04:24:00,501m,12%,12.525,1777Mi,46%,1530,38,38.25
Sat 04:25:01,518m,12%,12.95,1775Mi,46%,1530,38,38.25
Sat 04:26:01,485m,12%,12.125,1775Mi,46%,1530,38,38.25
Sat 04:27:00,521m,13%,13.025,1773Mi,46%,1569,39,39.225
Sat 04:28:00,566m,14%,14.15,1774Mi,46%,1530,38,38.25
Sat 04:29:00,520m,13%,13,1776Mi,46%,1530,38,38.25
Sat 04:30:00,499m,12%,12.475,1775Mi,46%,1569,39,39.225
Sat 04:31:00,495m,12%,12.375,1774Mi,46%,1530,38,38.25
Sat 04:32:00,515m,12%,12.875,1774Mi,46%,1530,38,38.25
Sat 04:33:00,514m,12%,12.85,1775Mi,46%,1530,38,38.25
Sat 04:34:00,486m,12%,12.15,1774Mi,46%,1569,39,39.225
Sat 04:35:00,483m,12%,12.075,1775Mi,46%,1530,38,38.25
Sat 04:36:00,525m,13%,13.125,1776Mi,46%,1530,38,38.25
Sat 04:37:01,494m,12%,12.35,1775Mi,46%,1569,39,39.225
Sat 04:38:00,480m,12%,12,1775Mi,46%,1530,38,38.25
Sat 04:39:00,545m,13%,13.625,1776Mi,46%,1530,38,38.25
Sat 04:40:00,479m,11%,11.975,1774Mi,46%,1530,38,38.25
Sat 04:41:00,486m,12%,12.15,1775Mi,46%,1530,38,38.25
Sat 04:42:00,518m,12%,12.95,1776Mi,46%,1530,38,38.25
Sat 04:43:00,490m,12%,12.25,1774Mi,46%,1530,38,38.25
Sat 04:44:00,474m,11%,11.85,1767Mi,45%,1569,39,39.225
Sat 04:45:01,505m,12%,12.625,1766Mi,45%,1530,38,38.25
Sat 04:46:00,495m,12%,12.375,1767Mi,45%,1530,38,38.25
Sat 04:47:00,526m,13%,13.15,1768Mi,46%,1530,38,38.25
Sat 04:48:00,496m,12%,12.4,1766Mi,45%,1569,39,39.225
Sat 04:49:00,486m,12%,12.15,1767Mi,45%,1530,38,38.25
Sat 04:50:00,503m,12%,12.575,1768Mi,46%,1530,38,38.25
Sat 04:51:00,490m,12%,12.25,1767Mi,46%,1530,38,38.25
Sat 04:52:00,483m,12%,12.075,1767Mi,46%,1530,38,38.25
Sat 04:53:00,554m,13%,13.85,1769Mi,46%,1530,38,38.25
Sat 04:54:00,484m,12%,12.1,1767Mi,45%,1530,38,38.25
Sat 04:55:00,479m,11%,11.975,1767Mi,46%,1530,38,38.25
Sat 04:56:00,516m,12%,12.9,1767Mi,45%,1530,38,38.25
Sat 04:57:01,494m,12%,12.35,1767Mi,46%,1530,38,38.25
Sat 04:58:01,484m,12%,12.1,1767Mi,45%,1569,39,39.225
Sat 04:59:01,511m,12%,12.775,1768Mi,46%,1530,38,38.25
Sat 05:00:00,496m,12%,12.4,1767Mi,45%,1530,38,38.25
Sat 05:01:00,476m,11%,11.9,1767Mi,45%,1530,38,38.25
Sat 05:02:00,487m,12%,12.175,1766Mi,45%,1530,38,38.25
Sat 05:03:00,517m,12%,12.925,1768Mi,46%,1530,38,38.25
Sat 05:04:00,481m,12%,12.025,1767Mi,45%,1530,38,38.25
Sat 05:05:00,505m,12%,12.625,1768Mi,46%,1608,40,40.2
Sat 05:06:00,475m,11%,11.875,1770Mi,46%,1647,41,41.175
Sat 05:07:00,489m,12%,12.225,1773Mi,46%,1647,41,41.175
Sat 05:08:00,517m,12%,12.925,1776Mi,46%,1608,40,40.2
Sat 05:09:00,502m,12%,12.55,1775Mi,46%,1647,41,41.175
Sat 05:10:01,484m,12%,12.1,1773Mi,46%,1647,41,41.175
Sat 05:11:00,520m,13%,13,1777Mi,46%,1647,41,41.175
Sat 05:12:00,486m,12%,12.15,1776Mi,46%,1647,41,41.175
Sat 05:13:00,499m,12%,12.475,1774Mi,46%,1647,41,41.175
Sat 05:14:00,534m,13%,13.35,1785Mi,46%,1647,41,41.175
Sat 05:15:00,489m,12%,12.225,1784Mi,46%,1608,40,40.2
Sat 05:16:00,498m,12%,12.45,1782Mi,46%,1647,41,41.175
Sat 05:17:00,524m,13%,13.1,1783Mi,46%,1647,41,41.175
Sat 05:18:00,505m,12%,12.625,1789Mi,46%,1647,41,41.175
Sat 05:19:00,500m,12%,12.5,1782Mi,46%,1608,40,40.2
Sat 05:20:00,510m,12%,12.75,1783Mi,46%,1647,41,41.175
Sat 05:21:00,502m,12%,12.55,1783Mi,46%,1647,41,41.175
Sat 05:22:00,486m,12%,12.15,1782Mi,46%,1608,40,40.2
Sat 05:23:00,529m,13%,13.225,1783Mi,46%,1647,41,41.175
Sat 05:24:00,483m,12%,12.075,1783Mi,46%,1647,41,41.175
Sat 05:25:00,505m,12%,12.625,1782Mi,46%,1647,41,41.175
Sat 05:26:00,504m,12%,12.6,1783Mi,46%,1647,41,41.175
Sat 05:27:00,507m,12%,12.675,1783Mi,46%,1647,41,41.175
Sat 05:28:00,547m,13%,13.675,1780Mi,46%,1647,41,41.175
Sat 05:29:00,520m,13%,13,1783Mi,46%,1608,40,40.2
Sat 05:30:00,484m,12%,12.1,1783Mi,46%,1647,41,41.175
Sat 05:31:00,503m,12%,12.575,1781Mi,46%,1647,41,41.175
Sat 05:32:00,508m,12%,12.7,1784Mi,46%,1647,41,41.175
Sat 05:33:00,504m,12%,12.6,1783Mi,46%,1608,40,40.2
Sat 05:34:00,503m,12%,12.575,1782Mi,46%,1647,41,41.175
Sat 05:35:00,518m,12%,12.95,1785Mi,46%,1647,41,41.175
Sat 05:36:00,496m,12%,12.4,1783Mi,46%,1608,40,40.2
Sat 05:37:00,499m,12%,12.475,1781Mi,46%,1647,41,41.175
Sat 05:38:00,524m,13%,13.1,1784Mi,46%,1647,41,41.175
Sat 05:39:00,491m,12%,12.275,1783Mi,46%,1647,41,41.175
Sat 05:40:00,504m,12%,12.6,1781Mi,46%,1608,40,40.2
Sat 05:41:00,515m,12%,12.875,1783Mi,46%,1647,41,41.175
Sat 05:42:00,501m,12%,12.525,1776Mi,46%,1647,41,41.175
Sat 05:43:00,510m,12%,12.75,1775Mi,46%,1608,40,40.2
Sat 05:44:00,497m,12%,12.425,1776Mi,46%,1647,41,41.175
Sat 05:45:00,503m,12%,12.575,1773Mi,46%,1647,41,41.175
Sat 05:46:00,502m,12%,12.55,1775Mi,46%,1647,41,41.175
Sat 05:47:00,514m,12%,12.85,1775Mi,46%,1608,40,40.2
Sat 05:48:00,494m,12%,12.35,1774Mi,46%,1647,41,41.175
Sat 05:49:00,521m,13%,13.025,1775Mi,46%,1647,41,41.175
Sat 05:50:00,501m,12%,12.525,1776Mi,46%,1647,41,41.175
Sat 05:51:00,490m,12%,12.25,1775Mi,46%,1647,41,41.175
Sat 05:52:00,522m,13%,13.05,1775Mi,46%,1647,41,41.175
Sat 05:53:00,496m,12%,12.4,1775Mi,46%,1647,41,41.175
Sat 05:54:00,488m,12%,12.2,1775Mi,46%,1608,40,40.2
Sat 05:55:00,496m,12%,12.4,1773Mi,46%,1647,41,41.175
Sat 05:56:01,526m,13%,13.15,1775Mi,46%,1647,41,41.175
Sat 05:57:00,495m,12%,12.375,1774Mi,46%,1608,40,40.2
Sat 05:58:00,508m,12%,12.7,1773Mi,46%,1647,41,41.175
Sat 05:59:00,518m,12%,12.95,1776Mi,46%,1647,41,41.175
Sat 06:00:00,492m,12%,12.3,1775Mi,46%,1647,41,41.175
Sat 06:01:00,501m,12%,12.525,1773Mi,46%,1647,41,41.175
Sat 06:02:00,499m,12%,12.475,1776Mi,46%,1647,41,41.175
Sat 06:03:00,538m,13%,13.45,1778Mi,46%,1686,42,42.15
Sat 06:04:00,521m,13%,13.025,1780Mi,46%,1725,43,43.125
Sat 06:05:00,506m,12%,12.65,1780Mi,46%,1686,42,42.15
Sat 06:06:00,539m,13%,13.475,1781Mi,46%,1725,43,43.125
Sat 06:07:00,528m,13%,13.2,1783Mi,46%,1686,42,42.15
Sat 06:08:00,512m,12%,12.8,1781Mi,46%,1725,43,43.125
Sat 06:09:00,541m,13%,13.525,1784Mi,46%,1725,43,43.125
Sat 06:10:00,526m,13%,13.15,1789Mi,46%,1686,42,42.15
Sat 06:11:00,523m,13%,13.075,1796Mi,46%,1725,43,43.125
Sat 06:12:00,530m,13%,13.25,1792Mi,46%,1725,43,43.125
Sat 06:13:00,537m,13%,13.425,1791Mi,46%,1725,43,43.125
Sat 06:14:00,505m,12%,12.625,1790Mi,46%,1725,43,43.125
Sat 06:15:00,549m,13%,13.725,1791Mi,46%,1686,42,42.15
Sat 06:16:00,509m,12%,12.725,1800Mi,46%,1725,43,43.125
Sat 06:17:00,527m,13%,13.175,1789Mi,46%,1725,43,43.125
Sat 06:18:00,561m,14%,14.025,1790Mi,46%,1686,42,42.15
Sat 06:19:00,520m,13%,13,1791Mi,46%,1725,43,43.125
Sat 06:20:00,507m,12%,12.675,1788Mi,46%,1686,42,42.15
Sat 06:21:00,523m,13%,13.075,1790Mi,46%,1725,43,43.125
Sat 06:22:01,535m,13%,13.375,1791Mi,46%,1725,43,43.125
Sat 06:23:00,502m,12%,12.55,1787Mi,46%,1686,42,42.15
Sat 06:24:00,529m,13%,13.225,1790Mi,46%,1725,43,43.125
Sat 06:25:00,531m,13%,13.275,1791Mi,46%,1725,43,43.125
Sat 06:26:00,510m,12%,12.75,1788Mi,46%,1725,43,43.125
Sat 06:27:00,525m,13%,13.125,1790Mi,46%,1725,43,43.125
Sat 06:28:00,583m,14%,14.575,1791Mi,46%,1686,42,42.15
Sat 06:29:00,509m,12%,12.725,1788Mi,46%,1725,43,43.125
Sat 06:30:00,532m,13%,13.3,1791Mi,46%,1725,43,43.125
Sat 06:31:00,526m,13%,13.15,1790Mi,46%,1725,43,43.125
Sat 06:32:00,525m,13%,13.125,1788Mi,46%,1725,43,43.125
Sat 06:33:00,545m,13%,13.625,1791Mi,46%,1686,42,42.15
Sat 06:34:00,532m,13%,13.3,1790Mi,46%,1725,43,43.125
Sat 06:35:00,515m,12%,12.875,1788Mi,46%,1725,43,43.125
Sat 06:36:00,530m,13%,13.25,1782Mi,46%,1686,42,42.15
Sat 06:37:00,530m,13%,13.25,1783Mi,46%,1725,43,43.125
Sat 06:38:00,545m,13%,13.625,1782Mi,46%,1725,43,43.125
Sat 06:39:00,626m,15%,15.65,1780Mi,46%,1725,43,43.125
Sat 06:40:00,564m,14%,14.1,1783Mi,46%,1725,43,43.125
Sat 06:41:00,532m,13%,13.3,1781Mi,46%,1686,42,42.15
Sat 06:42:00,525m,13%,13.125,1780Mi,46%,1725,43,43.125
Sat 06:43:00,530m,13%,13.25,1782Mi,46%,1725,43,43.125
Sat 06:44:00,509m,12%,12.725,1785Mi,46%,1686,42,42.15
Sat 06:45:00,518m,12%,12.95,1781Mi,46%,1725,43,43.125
Sat 06:46:00,538m,13%,13.45,1787Mi,46%,1686,42,42.15
Sat 06:47:00,511m,12%,12.775,1779Mi,46%,1725,43,43.125
Sat 06:48:00,542m,13%,13.55,1782Mi,46%,1725,43,43.125
Sat 06:49:00,551m,13%,13.775,1783Mi,46%,1686,42,42.15
Sat 06:50:00,513m,12%,12.825,1780Mi,46%,1725,43,43.125
Sat 06:51:00,529m,13%,13.225,1782Mi,46%,1725,43,43.125
Sat 06:52:00,548m,13%,13.7,1783Mi,46%,1725,43,43.125
Sat 06:53:00,505m,12%,12.625,1780Mi,46%,1725,43,43.125
Sat 06:54:00,524m,13%,13.1,1780Mi,46%,1686,42,42.15
Sat 06:55:00,533m,13%,13.325,1781Mi,46%,1725,43,43.125
Sat 06:56:01,524m,13%,13.1,1781Mi,46%,1725,43,43.125
Sat 06:57:00,526m,13%,13.15,1779Mi,46%,1686,42,42.15
Sat 06:58:01,527m,13%,13.175,1782Mi,46%,1725,43,43.125
Sat 06:59:00,533m,13%,13.325,1787Mi,46%,1725,43,43.125
Sat 07:00:01,510m,12%,12.75,1780Mi,46%,1725,43,43.125
Sat 07:01:01,550m,13%,13.75,1788Mi,46%,1725,43,43.125
Sat 07:02:00,542m,13%,13.55,1783Mi,46%,1725,43,43.125
Sat 07:03:00,549m,13%,13.725,1791Mi,46%,1764,44,44.1
Sat 07:04:00,530m,13%,13.25,1793Mi,46%,1764,44,44.1
Sat 07:05:00,555m,13%,13.875,1793Mi,46%,1803,45,45.075
Sat 07:06:00,543m,13%,13.575,1794Mi,46%,1725,43,43.125
Sat 07:07:00,553m,13%,13.825,1790Mi,46%,1725,43,43.125
Sat 07:08:00,558m,13%,13.95,1790Mi,46%,1725,43,43.125
Sat 07:09:00,553m,13%,13.825,1793Mi,46%,1725,43,43.125
Sat 07:10:00,544m,13%,13.6,1792Mi,46%,1725,43,43.125
Sat 07:11:00,535m,13%,13.375,1792Mi,46%,1725,43,43.125
Sat 07:12:00,549m,13%,13.725,1793Mi,46%,1725,43,43.125
Sat 07:13:00,538m,13%,13.45,1803Mi,46%,1725,43,43.125
Sat 07:14:00,562m,14%,14.05,1791Mi,46%,1725,43,43.125
Sat 07:15:00,543m,13%,13.575,1792Mi,46%,1725,43,43.125
Sat 07:16:00,535m,13%,13.375,1792Mi,46%,1725,43,43.125
Sat 07:17:00,551m,13%,13.775,1792Mi,46%,1725,43,43.125
Sat 07:18:00,580m,14%,14.5,1792Mi,46%,1725,43,43.125
Sat 07:19:00,550m,13%,13.75,1792Mi,46%,1725,43,43.125
Sat 07:20:00,538m,13%,13.45,1791Mi,46%,1725,43,43.125
Sat 07:21:00,551m,13%,13.775,1791Mi,46%,1725,43,43.125
Sat 07:22:00,546m,13%,13.65,1790Mi,46%,1725,43,43.125
Sat 07:23:00,552m,13%,13.8,1791Mi,46%,1725,43,43.125
Sat 07:24:00,545m,13%,13.625,1792Mi,46%,1725,43,43.125
Sat 07:25:00,539m,13%,13.475,1791Mi,46%,1725,43,43.125
Sat 07:26:00,533m,13%,13.325,1805Mi,46%,1725,43,43.125
Sat 07:27:00,554m,13%,13.85,1786Mi,46%,1725,43,43.125
Sat 07:28:00,572m,14%,14.3,1786Mi,46%,1725,43,43.125
Sat 07:29:00,544m,13%,13.6,1789Mi,46%,1725,43,43.125
Sat 07:30:00,551m,13%,13.775,1785Mi,46%,1725,43,43.125
Sat 07:31:00,547m,13%,13.675,1785Mi,46%,1725,43,43.125
Sat 07:32:00,541m,13%,13.525,1785Mi,46%,1725,43,43.125
Sat 07:33:00,548m,13%,13.7,1785Mi,46%,1725,43,43.125
Sat 07:34:00,546m,13%,13.65,1784Mi,46%,1725,43,43.125
Sat 07:35:00,550m,13%,13.75,1784Mi,46%,1725,43,43.125
Sat 07:36:00,539m,13%,13.475,1784Mi,46%,1725,43,43.125
Sat 07:37:00,560m,14%,14,1784Mi,46%,1725,43,43.125
Sat 07:38:00,536m,13%,13.4,1784Mi,46%,1725,43,43.125
Sat 07:39:00,551m,13%,13.775,1783Mi,46%,1725,43,43.125
Sat 07:40:00,541m,13%,13.525,1783Mi,46%,1725,43,43.125
Sat 07:41:00,542m,13%,13.55,1783Mi,46%,1725,43,43.125
Sat 07:42:00,570m,14%,14.25,1783Mi,46%,1725,43,43.125
Sat 07:43:00,558m,13%,13.95,1785Mi,46%,1764,44,44.1
Sat 07:44:00,523m,13%,13.075,1783Mi,46%,1725,43,43.125
Sat 07:45:00,575m,14%,14.375,1785Mi,46%,1725,43,43.125
Sat 07:46:00,557m,13%,13.925,1787Mi,46%,1725,43,43.125
Sat 07:47:00,548m,13%,13.7,1787Mi,46%,1725,43,43.125
Sat 07:48:00,546m,13%,13.65,1784Mi,46%,1764,44,44.1
Sat 07:49:00,552m,13%,13.8,1786Mi,46%,1725,43,43.125
Sat 07:50:00,541m,13%,13.525,1784Mi,46%,1725,43,43.125
Sat 07:51:00,554m,13%,13.85,1784Mi,46%,1725,43,43.125
Sat 07:52:00,542m,13%,13.55,1789Mi,46%,1725,43,43.125
Sat 07:53:00,540m,13%,13.5,1790Mi,46%,1725,43,43.125
Sat 07:54:00,540m,13%,13.5,1790Mi,46%,1725,43,43.125
Sat 07:55:00,540m,13%,13.5,1790Mi,46%,1725,43,43.125
Sat 07:56:00,538m,13%,13.45,1792Mi,46%,1725,43,43.125
Sat 07:57:00,542m,13%,13.55,1790Mi,46%,1725,43,43.125
Sat 07:58:00,541m,13%,13.525,1790Mi,46%,1725,43,43.125
Sat 07:59:00,560m,14%,14,1793Mi,46%,1725,43,43.125
Sat 08:00:00,543m,13%,13.575,1793Mi,46%,1725,43,43.125
Sat 08:01:00,532m,13%,13.3,1793Mi,46%,1764,44,44.1
Sat 08:02:00,576m,14%,14.4,1794Mi,46%,1842,46,46.05
Sat 08:03:00,565m,14%,14.125,1798Mi,46%,1842,46,46.05
Sat 08:04:01,593m,14%,14.825,1798Mi,46%,1881,47,47.025
Sat 08:05:00,587m,14%,14.675,1803Mi,46%,1920,48,48
Sat 08:06:00,601m,15%,15.025,1807Mi,47%,1998,49,49.95
Sat 08:07:00,586m,14%,14.65,1814Mi,47%,1998,49,49.95
Sat 08:08:00,595m,14%,14.875,1814Mi,47%,1998,49,49.95
Sat 08:09:00,607m,15%,15.175,1814Mi,47%,1998,49,49.95
Sat 08:10:01,606m,15%,15.15,1815Mi,47%,1998,49,49.95
Sat 08:11:01,612m,15%,15.3,1815Mi,47%,1998,49,49.95
Sat 08:12:00,612m,15%,15.3,1814Mi,47%,1998,49,49.95
Sat 08:13:00,605m,15%,15.125,1814Mi,47%,1998,49,49.95
Sat 08:14:00,599m,14%,14.975,1806Mi,47%,1998,49,49.95
Sat 08:15:00,611m,15%,15.275,1806Mi,47%,1998,49,49.95
Sat 08:16:00,596m,14%,14.9,1807Mi,47%,1998,49,49.95
Sat 08:17:00,641m,16%,16.025,1806Mi,47%,1998,49,49.95
Sat 08:18:00,636m,15%,15.9,1808Mi,47%,1998,49,49.95
Sat 08:19:00,612m,15%,15.3,1809Mi,47%,1998,49,49.95
Sat 08:20:00,611m,15%,15.275,1825Mi,47%,1998,49,49.95
Sat 08:21:00,605m,15%,15.125,1806Mi,47%,1998,49,49.95
Sat 08:22:00,623m,15%,15.575,1808Mi,47%,1998,49,49.95
Sat 08:23:00,605m,15%,15.125,1808Mi,47%,1998,49,49.95
Sat 08:24:00,613m,15%,15.325,1808Mi,47%,1998,49,49.95
Sat 08:25:00,616m,15%,15.4,1807Mi,47%,1998,49,49.95
Sat 08:26:00,596m,14%,14.9,1808Mi,47%,1998,49,49.95
Sat 08:27:00,633m,15%,15.825,1808Mi,47%,1998,49,49.95
Sat 08:28:00,633m,15%,15.825,1808Mi,47%,1998,49,49.95
Sat 08:29:00,607m,15%,15.175,1807Mi,47%,1998,49,49.95
Sat 08:30:00,602m,15%,15.05,1807Mi,47%,1998,49,49.95
Sat 08:31:00,613m,15%,15.325,1807Mi,47%,1998,49,49.95
Sat 08:32:00,615m,15%,15.375,1807Mi,47%,1998,49,49.95
Sat 08:33:00,599m,14%,14.975,1806Mi,47%,1998,49,49.95
Sat 08:34:00,640m,16%,16,1809Mi,47%,1998,49,49.95
Sat 08:35:00,616m,15%,15.4,1817Mi,47%,1998,49,49.95
Sat 08:36:00,614m,15%,15.35,1817Mi,47%,1998,49,49.95
Sat 08:37:00,616m,15%,15.4,1817Mi,47%,1998,49,49.95
Sat 08:38:00,620m,15%,15.5,1816Mi,47%,1998,49,49.95
Sat 08:39:00,622m,15%,15.55,1816Mi,47%,1998,49,49.95
Sat 08:40:00,601m,15%,15.025,1816Mi,47%,1998,49,49.95
Sat 08:41:00,616m,15%,15.4,1816Mi,47%,1998,49,49.95
Sat 08:42:00,611m,15%,15.275,1815Mi,47%,1998,49,49.95
Sat 08:43:00,617m,15%,15.425,1815Mi,47%,1998,49,49.95
Sat 08:44:00,597m,14%,14.925,1814Mi,47%,1998,49,49.95
Sat 08:45:00,613m,15%,15.325,1814Mi,47%,1998,49,49.95
Sat 08:46:00,601m,15%,15.025,1815Mi,47%,1998,49,49.95
Sat 08:47:00,621m,15%,15.525,1815Mi,47%,1998,49,49.95
Sat 08:48:00,600m,15%,15,1815Mi,47%,1998,49,49.95
Sat 08:49:00,622m,15%,15.55,1815Mi,47%,1998,49,49.95
Sat 08:50:00,632m,15%,15.8,1817Mi,47%,1998,49,49.95
Sat 08:51:00,613m,15%,15.325,1817Mi,47%,1998,49,49.95
Sat 08:52:00,613m,15%,15.325,1816Mi,47%,1998,49,49.95
Sat 08:53:00,625m,15%,15.625,1816Mi,47%,1998,49,49.95
Sat 08:54:00,600m,15%,15,1817Mi,47%,1998,49,49.95
Sat 08:55:00,622m,15%,15.55,1807Mi,47%,1998,49,49.95
Sat 08:56:00,607m,15%,15.175,1808Mi,47%,1998,49,49.95
Sat 08:57:00,617m,15%,15.425,1808Mi,47%,1998,49,49.95
Sat 08:58:00,608m,15%,15.2,1808Mi,47%,1998,49,49.95
Sat 08:59:00,615m,15%,15.375,1808Mi,47%,1998,49,49.95
Sat 09:00:00,601m,15%,15.025,1807Mi,47%,1998,49,49.95
Sat 09:01:00,604m,15%,15.1,1807Mi,47%,1998,49,49.95
Sat 09:02:00,614m,15%,15.35,1807Mi,47%,1998,49,49.95
Sat 09:03:00,895m,22%,22.375,1807Mi,47%,1998,49,49.95
Sat 09:04:00,864m,21%,21.6,1807Mi,47%,2037,50,50.925
Sat 09:05:00,701m,17%,17.525,1808Mi,47%,1998,49,49.95
Sat 09:06:00,682m,17%,17.05,1809Mi,47%,1998,49,49.95
Sat 09:07:01,687m,17%,17.175,1808Mi,47%,2037,50,50.925
Sat 09:08:00,676m,16%,16.9,1810Mi,47%,2037,50,50.925
Sat 09:09:00,688m,17%,17.2,1809Mi,47%,1998,49,49.95
Sat 09:10:01,699m,17%,17.475,1808Mi,47%,1998,49,49.95
Sat 09:11:00,699m,17%,17.475,1808Mi,47%,1998,49,49.95
Sat 09:12:00,688m,17%,17.2,1808Mi,47%,1998,49,49.95
Sat 09:13:00,686m,17%,17.15,1807Mi,47%,1998,49,49.95
Sat 09:14:00,679m,16%,16.975,1807Mi,47%,1998,49,49.95
Sat 09:15:00,677m,16%,16.925,1814Mi,47%,1998,49,49.95
Sat 09:16:00,676m,16%,16.9,1814Mi,47%,1998,49,49.95
Sat 09:17:01,698m,17%,17.45,1815Mi,47%,1998,49,49.95
Sat 09:18:00,737m,18%,18.425,1817Mi,47%,1998,49,49.95
Sat 09:19:00,681m,17%,17.025,1817Mi,47%,1998,49,49.95
Sat 09:20:00,699m,17%,17.475,1816Mi,47%,1998,49,49.95
Sat 09:21:01,685m,17%,17.125,1818Mi,47%,1998,49,49.95
Sat 09:22:01,632m,15%,15.8,1816Mi,47%,1998,49,49.95
Sat 09:23:01,631m,15%,15.775,1817Mi,47%,1998,49,49.95
Sat 09:24:01,613m,15%,15.325,1816Mi,47%,1998,49,49.95
Sat 09:25:01,632m,15%,15.8,1818Mi,47%,1998,49,49.95
Sat 09:26:01,606m,15%,15.15,1816Mi,47%,1998,49,49.95
Sat 09:27:00,631m,15%,15.775,1815Mi,47%,1998,49,49.95
Sat 09:28:00,625m,15%,15.625,1815Mi,47%,1998,49,49.95
Sat 09:29:01,607m,15%,15.175,1816Mi,47%,1998,49,49.95
Sat 09:30:00,614m,15%,15.35,1816Mi,47%,1998,49,49.95
Sat 09:31:00,597m,14%,14.925,1816Mi,47%,1998,49,49.95
Sat 09:32:00,621m,15%,15.525,1816Mi,47%,1998,49,49.95
Sat 09:33:00,637m,15%,15.925,1818Mi,47%,1998,49,49.95
Sat 09:34:00,597m,14%,14.925,1818Mi,47%,1998,49,49.95
Sat 09:35:00,614m,15%,15.35,1811Mi,47%,1998,49,49.95
Sat 09:36:00,614m,15%,15.35,1810Mi,47%,1998,49,49.95
Sat 09:37:00,634m,15%,15.85,1810Mi,47%,1998,49,49.95
Sat 09:38:00,610m,15%,15.25,1809Mi,47%,1998,49,49.95
Sat 09:39:00,605m,15%,15.125,1808Mi,47%,1998,49,49.95
Sat 09:40:00,633m,15%,15.825,1808Mi,47%,1998,49,49.95
Sat 09:41:00,606m,15%,15.15,1808Mi,47%,1998,49,49.95
Sat 09:42:00,614m,15%,15.35,1808Mi,47%,1998,49,49.95
Sat 09:43:00,609m,15%,15.225,1808Mi,47%,1998,49,49.95
Sat 09:44:01,606m,15%,15.15,1808Mi,47%,1998,49,49.95
Sat 09:45:00,615m,15%,15.375,1808Mi,47%,2037,50,50.925
Sat 09:46:00,601m,15%,15.025,1808Mi,47%,1998,49,49.95
Sat 09:47:00,641m,16%,16.025,1808Mi,47%,1998,49,49.95
Sat 09:48:00,618m,15%,15.45,1808Mi,47%,1998,49,49.95
Sat 09:49:00,625m,15%,15.625,1810Mi,47%,1998,49,49.95
Sat 09:50:00,638m,15%,15.95,1810Mi,47%,1998,49,49.95
Sat 09:51:00,607m,15%,15.175,1812Mi,47%,1998,49,49.95
Sat 09:52:00,620m,15%,15.5,1809Mi,47%,1998,49,49.95
Sat 09:53:00,611m,15%,15.275,1810Mi,47%,1998,49,49.95
Sat 09:54:00,615m,15%,15.375,1808Mi,47%,1998,49,49.95
Sat 09:55:00,604m,15%,15.1,1808Mi,47%,1998,49,49.95
Sat 09:56:00,601m,15%,15.025,1816Mi,47%,1998,49,49.95
Sat 09:57:00,622m,15%,15.55,1816Mi,47%,1998,49,49.95
Sat 09:58:00,593m,14%,14.825,1816Mi,47%,1998,49,49.95
Sat 09:59:00,608m,15%,15.2,1816Mi,47%,1998,49,49.95
Sat 10:00:00,604m,15%,15.1,1815Mi,47%,1998,49,49.95
Sat 10:01:00,600m,15%,15,1816Mi,47%,2037,50,50.925
Sat 10:02:00,671m,16%,16.775,1820Mi,47%,2115,52,52.875
Sat 10:03:00,651m,16%,16.275,1824Mi,47%,2154,53,53.85
Sat 10:04:00,692m,17%,17.3,1830Mi,47%,2232,55,55.8
Sat 10:05:00,681m,17%,17.025,1834Mi,47%,2271,56,56.775
Sat 10:06:00,707m,17%,17.675,1842Mi,47%,2349,58,58.725
Sat 10:07:00,691m,17%,17.275,1843Mi,47%,2349,58,58.725
Sat 10:08:00,726m,18%,18.15,1845Mi,48%,2349,58,58.725
Sat 10:09:00,742m,18%,18.55,1844Mi,48%,2349,58,58.725
Sat 10:10:01,712m,17%,17.8,1845Mi,48%,2349,58,58.725
Sat 10:11:00,748m,18%,18.7,1846Mi,48%,2349,58,58.725
Sat 10:12:00,718m,17%,17.95,1857Mi,48%,2349,58,58.725
Sat 10:13:00,739m,18%,18.475,1845Mi,48%,2349,58,58.725
Sat 10:14:00,747m,18%,18.675,1837Mi,47%,2349,58,58.725
Sat 10:15:00,712m,17%,17.8,1840Mi,47%,2349,58,58.725
Sat 10:16:00,741m,18%,18.525,1838Mi,47%,2349,58,58.725
Sat 10:17:00,712m,17%,17.8,1839Mi,47%,2349,58,58.725
Sat 10:18:00,770m,19%,19.25,1840Mi,47%,2349,58,58.725
Sat 10:19:00,740m,18%,18.5,1841Mi,47%,2349,58,58.725
Sat 10:20:00,762m,19%,19.05,1840Mi,47%,2349,58,58.725
Sat 10:21:00,747m,18%,18.675,1839Mi,47%,2349,58,58.725
Sat 10:22:00,749m,18%,18.725,1839Mi,47%,2349,58,58.725
Sat 10:23:00,769m,19%,19.225,1841Mi,47%,2349,58,58.725
Sat 10:24:00,777m,19%,19.425,1841Mi,47%,2349,58,58.725
Sat 10:25:00,726m,18%,18.15,1842Mi,47%,2349,58,58.725
Sat 10:26:00,746m,18%,18.65,1840Mi,47%,2349,58,58.725
Sat 10:27:00,723m,18%,18.075,1841Mi,47%,2349,58,58.725
Sat 10:28:00,831m,20%,20.775,1842Mi,47%,2349,58,58.725
Sat 10:29:00,735m,18%,18.375,1839Mi,47%,2310,57,57.75
Sat 10:30:00,773m,19%,19.325,1849Mi,48%,2349,58,58.725
Sat 10:31:00,765m,19%,19.125,1849Mi,48%,2349,58,58.725
Sat 10:32:00,727m,18%,18.175,1850Mi,48%,2349,58,58.725
Sat 10:33:00,762m,19%,19.05,1851Mi,48%,2349,58,58.725
Sat 10:34:00,736m,18%,18.4,1848Mi,48%,2349,58,58.725
Sat 10:35:00,737m,18%,18.425,1850Mi,48%,2349,58,58.725
Sat 10:36:00,754m,18%,18.85,1850Mi,48%,2349,58,58.725
Sat 10:37:00,729m,18%,18.225,1850Mi,48%,2349,58,58.725
Sat 10:38:00,740m,18%,18.5,1849Mi,48%,2349,58,58.725
Sat 10:39:00,707m,17%,17.675,1850Mi,48%,2349,58,58.725
Sat 10:40:00,760m,19%,19,1850Mi,48%,2349,58,58.725
Sat 10:41:00,731m,18%,18.275,1854Mi,48%,2349,58,58.725
Sat 10:42:01,765m,19%,19.125,1850Mi,48%,2349,58,58.725
Sat 10:43:01,750m,18%,18.75,1848Mi,48%,2349,58,58.725
Sat 10:44:00,733m,18%,18.325,1850Mi,48%,2349,58,58.725
Sat 10:45:00,752m,18%,18.8,1851Mi,48%,2349,58,58.725
Sat 10:46:00,724m,18%,18.1,1839Mi,47%,2349,58,58.725
Sat 10:47:00,725m,18%,18.125,1842Mi,47%,2349,58,58.725
Sat 10:48:01,736m,18%,18.4,1841Mi,47%,2349,58,58.725
Sat 10:49:00,730m,18%,18.25,1842Mi,47%,2349,58,58.725
Sat 10:50:00,744m,18%,18.6,1840Mi,47%,2349,58,58.725
Sat 10:51:00,705m,17%,17.625,1841Mi,47%,2349,58,58.725
Sat 10:52:00,755m,18%,18.875,1848Mi,48%,2349,58,58.725
Sat 10:53:00,715m,17%,17.875,1845Mi,48%,2349,58,58.725
Sat 10:54:00,757m,18%,18.925,1843Mi,47%,2349,58,58.725
Sat 10:55:00,754m,18%,18.85,1842Mi,47%,2349,58,58.725
Sat 10:56:00,718m,17%,17.95,1842Mi,47%,2349,58,58.725
Sat 10:57:00,771m,19%,19.275,1844Mi,47%,2349,58,58.725
Sat 10:58:00,726m,18%,18.15,1839Mi,47%,2349,58,58.725
Sat 10:59:00,742m,18%,18.55,1842Mi,47%,2349,58,58.725
Sat 11:00:00,772m,19%,19.3,1841Mi,47%,2349,58,58.725
Sat 11:01:00,699m,17%,17.475,1842Mi,47%,2349,58,58.725
Sat 11:02:00,749m,18%,18.725,1842Mi,47%,2349,58,58.725
Sat 11:03:00,730m,18%,18.25,1851Mi,48%,2349,58,58.725
Sat 11:04:00,758m,18%,18.95,1850Mi,48%,2349,58,58.725
Sat 11:05:00,726m,18%,18.15,1856Mi,48%,2310,57,57.75
Sat 11:06:00,744m,18%,18.6,1852Mi,48%,2388,59,59.7
Sat 11:07:00,737m,18%,18.425,1853Mi,48%,2349,58,58.725
Sat 11:08:00,715m,17%,17.875,1851Mi,48%,2388,59,59.7
Sat 11:09:00,723m,18%,18.075,1854Mi,48%,2349,58,58.725
Sat 11:10:00,711m,17%,17.775,1850Mi,48%,2388,59,59.7
Sat 11:11:00,715m,17%,17.875,1852Mi,48%,2349,58,58.725
Sat 11:12:00,744m,18%,18.6,1852Mi,48%,2388,59,59.7
Sat 11:13:00,708m,17%,17.7,1854Mi,48%,2349,58,58.725
Sat 11:14:00,730m,18%,18.25,1852Mi,48%,2388,59,59.7
Sat 11:15:00,710m,17%,17.75,1851Mi,48%,2349,58,58.725
Sat 11:16:00,722m,18%,18.05,1853Mi,48%,2388,59,59.7
Sat 11:17:00,730m,18%,18.25,1851Mi,48%,2349,58,58.725
Sat 11:18:00,743m,18%,18.575,1846Mi,48%,2388,59,59.7
Sat 11:19:00,710m,17%,17.75,1845Mi,48%,2349,58,58.725
Sat 11:20:00,718m,17%,17.95,1845Mi,48%,2388,59,59.7
Sat 11:21:00,730m,18%,18.25,1846Mi,48%,2349,58,58.725
Sat 11:22:00,708m,17%,17.7,1848Mi,48%,2388,59,59.7
Sat 11:23:00,759m,18%,18.975,1848Mi,48%,2349,58,58.725
Sat 11:24:00,723m,18%,18.075,1846Mi,48%,2388,59,59.7
Sat 11:25:00,707m,17%,17.675,1845Mi,48%,2349,58,58.725
Sat 11:26:00,728m,18%,18.2,1845Mi,48%,2388,59,59.7
Sat 11:27:01,700m,17%,17.5,1846Mi,48%,2349,58,58.725
Sat 11:28:00,786m,19%,19.65,1847Mi,48%,2388,59,59.7
Sat 11:29:00,726m,18%,18.15,1845Mi,48%,2349,58,58.725
Sat 11:30:00,730m,18%,18.25,1849Mi,48%,2388,59,59.7
Sat 11:31:00,713m,17%,17.825,1846Mi,48%,2349,58,58.725
Sat 11:32:00,737m,18%,18.425,1849Mi,48%,2388,59,59.7
Sat 11:33:00,743m,18%,18.575,1848Mi,48%,2349,58,58.725
Sat 11:34:00,709m,17%,17.725,1846Mi,48%,2388,59,59.7
Sat 11:35:00,750m,18%,18.75,1856Mi,48%,2388,59,59.7
Sat 11:36:00,751m,18%,18.775,1861Mi,48%,2388,59,59.7
Sat 11:37:00,741m,18%,18.525,1856Mi,48%,2349,58,58.725
Sat 11:38:00,724m,18%,18.1,1856Mi,48%,2388,59,59.7
Sat 11:39:00,692m,17%,17.3,1855Mi,48%,2349,58,58.725
Sat 11:40:00,768m,19%,19.2,1856Mi,48%,2388,59,59.7
Sat 11:41:00,708m,17%,17.7,1858Mi,48%,2349,58,58.725
Sat 11:42:00,723m,18%,18.075,1857Mi,48%,2388,59,59.7
Sat 11:43:01,721m,18%,18.025,1854Mi,48%,2349,58,58.725
Sat 11:44:00,725m,18%,18.125,1858Mi,48%,2388,59,59.7
Sat 11:45:00,724m,18%,18.1,1854Mi,48%,2349,58,58.725
Sat 11:46:00,719m,17%,17.975,1857Mi,48%,2388,59,59.7
Sat 11:47:00,734m,18%,18.35,1856Mi,48%,2349,58,58.725
Sat 11:48:00,717m,17%,17.925,1855Mi,48%,2388,59,59.7
Sat 11:49:01,723m,18%,18.075,1859Mi,48%,2349,58,58.725
Sat 11:50:00,707m,17%,17.675,1847Mi,48%,2388,59,59.7
Sat 11:51:00,736m,18%,18.4,1848Mi,48%,2349,58,58.725
Sat 11:52:00,732m,18%,18.3,1848Mi,48%,2388,59,59.7
Sat 11:53:00,713m,17%,17.825,1848Mi,48%,2349,58,58.725
Sat 11:54:00,718m,17%,17.95,1849Mi,48%,2388,59,59.7
Sat 11:55:01,718m,17%,17.95,1847Mi,48%,2349,58,58.725
Sat 11:56:00,718m,17%,17.95,1849Mi,48%,2388,59,59.7
Sat 11:57:00,732m,18%,18.3,1847Mi,48%,2349,58,58.725
Sat 11:58:00,718m,17%,17.95,1850Mi,48%,2388,59,59.7
Sat 11:59:00,701m,17%,17.525,1860Mi,48%,2349,58,58.725
Sat 12:00:00,729m,18%,18.225,1855Mi,48%,2388,59,59.7
Sat 12:01:00,728m,18%,18.2,1849Mi,48%,2349,58,58.725
Sat 12:02:00,723m,18%,18.075,1848Mi,48%,2388,59,59.7
Sat 12:03:00,733m,18%,18.325,1850Mi,48%,2349,58,58.725
Sat 12:04:00,726m,18%,18.15,1849Mi,48%,2388,59,59.7
Sat 12:05:00,719m,17%,17.975,1847Mi,48%,2349,58,58.725
Sat 12:06:00,727m,18%,18.175,1849Mi,48%,2271,56,56.775
Sat 12:07:00,737m,18%,18.425,1848Mi,48%,2271,56,56.775
Sat 12:08:00,737m,18%,18.425,1847Mi,48%,2271,56,56.775
Sat 12:09:00,762m,19%,19.05,1848Mi,48%,2271,56,56.775
Sat 12:10:00,727m,18%,18.175,1849Mi,48%,2310,57,57.75
Sat 12:11:00,763m,19%,19.075,1851Mi,48%,2271,56,56.775
Sat 12:12:00,1354m,33%,33.85,1847Mi,48%,2271,56,56.775
Sat 12:13:00,1190m,29%,29.75,1849Mi,48%,2271,56,56.775
Sat 12:14:00,1030m,25%,25.75,1849Mi,48%,2271,56,56.775
Sat 12:15:00,1009m,25%,25.225,1849Mi,48%,2310,57,57.75
Sat 12:16:00,1005m,25%,25.125,1846Mi,48%,2310,57,57.75
Sat 12:17:00,936m,23%,23.4,1848Mi,48%,2271,56,56.775
Sat 12:18:00,979m,24%,24.475,1848Mi,48%,2271,56,56.775
Sat 12:19:00,753m,18%,18.825,1847Mi,48%,2271,56,56.775
Sat 12:20:01,1193m,29%,29.825,1847Mi,48%,2310,57,57.75
Sat 12:21:00,1018m,25%,25.45,1848Mi,48%,2271,56,56.775
Sat 12:22:00,1114m,27%,27.85,1849Mi,48%,2310,57,57.75
Sat 12:23:00,1100m,27%,27.5,1838Mi,47%,2271,56,56.775
Sat 12:24:00,926m,23%,23.15,1839Mi,47%,2310,57,57.75
Sat 12:25:00,890m,22%,22.25,1841Mi,47%,2271,56,56.775
Sat 12:26:00,796m,19%,19.9,1840Mi,47%,2271,56,56.775
Sat 12:27:00,787m,19%,19.675,1838Mi,47%,2271,56,56.775
Sat 12:28:00,1119m,27%,27.975,1839Mi,47%,2310,57,57.75
Sat 12:29:00,1046m,26%,26.15,1840Mi,47%,2271,56,56.775
Sat 12:30:01,1025m,25%,25.625,1842Mi,47%,2271,56,56.775
Sat 12:31:00,825m,20%,20.625,1839Mi,47%,2271,56,56.775
Sat 12:32:00,1026m,25%,25.65,1840Mi,47%,2271,56,56.775
Sat 12:33:00,981m,24%,24.525,1842Mi,47%,2271,56,56.775
Sat 12:34:01,940m,23%,23.5,1840Mi,47%,2271,56,56.775
Sat 12:35:00,1104m,27%,27.6,1842Mi,47%,2271,56,56.775
Sat 12:36:00,978m,24%,24.45,1847Mi,48%,2271,56,56.775
Sat 12:37:00,914m,22%,22.85,1840Mi,47%,2271,56,56.775
Sat 12:38:00,1084m,27%,27.1,1842Mi,47%,2310,57,57.75
Sat 12:39:00,1050m,26%,26.25,1849Mi,48%,2271,56,56.775
Sat 12:40:00,1182m,29%,29.55,1848Mi,48%,2271,56,56.775
Sat 12:41:00,945m,23%,23.625,1850Mi,48%,2271,56,56.775
Sat 12:42:00,900m,22%,22.5,1847Mi,48%,2271,56,56.775
Sat 12:43:00,967m,24%,24.175,1848Mi,48%,2271,56,56.775
Sat 12:44:00,886m,22%,22.15,1850Mi,48%,2310,57,57.75
Sat 12:45:00,789m,19%,19.725,1848Mi,48%,2271,56,56.775
Sat 12:46:00,840m,21%,21,1850Mi,48%,2271,56,56.775
Sat 12:47:00,900m,22%,22.5,1849Mi,48%,2271,56,56.775
Sat 12:48:00,750m,18%,18.75,1849Mi,48%,2271,56,56.775
Sat 12:49:00,864m,21%,21.6,1849Mi,48%,2271,56,56.775
Sat 12:50:00,793m,19%,19.825,1849Mi,48%,2271,56,56.775
Sat 12:51:01,823m,20%,20.575,1848Mi,48%,2271,56,56.775
Sat 12:52:00,740m,18%,18.5,1849Mi,48%,2271,56,56.775
Sat 12:53:00,1343m,33%,33.575,1847Mi,48%,2271,56,56.775
Sat 12:54:01,1839m,45%,45.975,1847Mi,48%,2271,56,56.775
Sat 12:55:01,1460m,36%,36.5,1831Mi,47%,2310,57,57.75
Sat 12:56:00,2058m,51%,51.45,1830Mi,47%,2271,56,56.775
Sat 12:57:00,2371m,59%,59.275,1832Mi,47%,2271,56,56.775
Sat 12:58:01,1391m,34%,34.775,1831Mi,47%,2271,56,56.775
Sat 12:59:00,1638m,40%,40.95,1833Mi,47%,2271,56,56.775
Sat 13:00:00,1668m,41%,41.7,1831Mi,47%,2427,60,60.675
Sat 13:01:01,1375m,34%,34.375,1843Mi,47%,2349,58,58.725
Sat 13:02:00,1547m,38%,38.675,1837Mi,47%,2310,57,57.75
Sat 13:03:01,1654m,41%,41.35,1833Mi,47%,2310,57,57.75
Sat 13:04:00,1464m,36%,36.6,1831Mi,47%,2271,56,56.775
Sat 13:05:00,1518m,37%,37.95,1831Mi,47%,2271,56,56.775
Sat 13:06:01,1449m,36%,36.225,1833Mi,47%,2271,56,56.775
Sat 13:07:00,1406m,35%,35.15,1828Mi,47%,2232,55,55.8
Sat 13:08:00,1422m,35%,35.55,1830Mi,47%,2271,56,56.775
Sat 13:09:01,1442m,36%,36.05,1826Mi,47%,2232,55,55.8
Sat 13:10:00,1437m,35%,35.925,1829Mi,47%,2271,56,56.775
Sat 13:11:00,1453m,36%,36.325,1839Mi,47%,2232,55,55.8
Sat 13:12:00,1462m,36%,36.55,1837Mi,47%,2271,56,56.775
Sat 13:13:00,1447m,36%,36.175,1837Mi,47%,2310,57,57.75
Sat 13:14:01,1458m,36%,36.45,1840Mi,47%,2271,56,56.775
Sat 13:15:00,1633m,40%,40.825,1863Mi,48%,2232,55,55.8
Sat 13:16:00,1990m,49%,49.75,1839Mi,47%,2271,56,56.775
Sat 13:17:00,1334m,33%,33.35,1838Mi,47%,2271,56,56.775
Sat 13:18:00,1295m,32%,32.375,1839Mi,47%,2271,56,56.775
Sat 13:19:00,1399m,34%,34.975,1837Mi,47%,2271,56,56.775
Sat 13:20:01,1482m,37%,37.05,1839Mi,47%,2310,57,57.75
Sat 13:21:00,1462m,36%,36.55,1839Mi,47%,2232,55,55.8
Sat 13:22:00,1520m,38%,38,1839Mi,47%,2271,56,56.775
Sat 13:23:00,1341m,33%,33.525,1838Mi,47%,2232,55,55.8
Sat 13:24:00,1419m,35%,35.475,1840Mi,47%,2271,56,56.775
Sat 13:25:00,1430m,35%,35.75,1838Mi,47%,2232,55,55.8
Sat 13:26:00,1404m,35%,35.1,1840Mi,47%,2271,56,56.775
Sat 13:27:00,1419m,35%,35.475,1833Mi,47%,2232,55,55.8
Sat 13:28:00,1387m,34%,34.675,1833Mi,47%,2271,56,56.775
Sat 13:29:00,1383m,34%,34.575,1840Mi,47%,2232,55,55.8
Sat 13:30:00,943m,23%,23.575,1833Mi,47%,2271,56,56.775
Sat 13:31:00,725m,18%,18.125,1831Mi,47%,2271,56,56.775
Sat 13:32:00,727m,18%,18.175,1835Mi,47%,2271,56,56.775
Sat 13:33:00,726m,18%,18.15,1831Mi,47%,2271,56,56.775
Sat 13:34:00,733m,18%,18.325,1833Mi,47%,2271,56,56.775
Sat 13:35:00,733m,18%,18.325,1832Mi,47%,2232,55,55.8
Sat 13:36:00,716m,17%,17.9,1831Mi,47%,2232,55,55.8
Sat 13:37:00,720m,18%,18,1835Mi,47%,2232,55,55.8
Sat 13:38:00,707m,17%,17.675,1838Mi,47%,2271,56,56.775
Sat 13:39:00,715m,17%,17.875,1830Mi,47%,2232,55,55.8
Sat 13:40:00,684m,17%,17.1,1831Mi,47%,2271,56,56.775
Sat 13:41:00,693m,17%,17.325,1829Mi,47%,2232,55,55.8
Sat 13:42:00,700m,17%,17.5,1831Mi,47%,2271,56,56.775
Sat 13:43:00,722m,18%,18.05,1838Mi,47%,2232,55,55.8
Sat 13:44:00,699m,17%,17.475,1839Mi,47%,2271,56,56.775
Sat 13:45:00,683m,17%,17.075,1850Mi,48%,2232,55,55.8
Sat 13:46:01,692m,17%,17.3,1838Mi,47%,2232,55,55.8
Sat 13:47:00,701m,17%,17.525,1839Mi,47%,2232,55,55.8
Sat 13:48:00,709m,17%,17.725,1838Mi,47%,2271,56,56.775
Sat 13:49:00,718m,17%,17.95,1839Mi,47%,2271,56,56.775
Sat 13:50:00,704m,17%,17.6,1834Mi,47%,2232,55,55.8
Sat 13:51:01,916m,22%,22.9,1830Mi,47%,2232,55,55.8
Sat 13:52:00,766m,19%,19.15,1838Mi,47%,2271,56,56.775
Sat 13:53:00,699m,17%,17.475,1836Mi,47%,2232,55,55.8
Sat 13:54:00,702m,17%,17.55,1839Mi,47%,2310,57,57.75
Sat 13:55:00,694m,17%,17.35,1841Mi,47%,2505,62,62.625
Sat 13:56:00,664m,16%,16.6,1870Mi,48%,2271,56,56.775
Sat 13:57:00,825m,20%,20.625,1838Mi,47%,2232,55,55.8
Sat 13:58:01,727m,18%,18.175,1838Mi,47%,2271,56,56.775
Sat 13:59:01,690m,17%,17.25,1841Mi,47%,2232,55,55.8
Sat 14:00:00,706m,17%,17.65,1839Mi,47%,2271,56,56.775
Sat 14:01:01,695m,17%,17.375,1840Mi,47%,2232,55,55.8
Sat 14:02:01,701m,17%,17.525,1838Mi,47%,2193,54,54.825
Sat 14:03:00,658m,16%,16.45,1833Mi,47%,2154,53,53.85
Sat 14:04:00,654m,16%,16.35,1832Mi,47%,2154,53,53.85
Sat 14:05:00,679m,16%,16.975,1829Mi,47%,2076,51,51.9
Sat 14:06:00,642m,16%,16.05,1827Mi,47%,2115,52,52.875
Sat 14:07:00,639m,15%,15.975,1827Mi,47%,2115,52,52.875
Sat 14:08:00,684m,17%,17.1,1828Mi,47%,2115,52,52.875
Sat 14:09:00,675m,16%,16.875,1827Mi,47%,2115,52,52.875
Sat 14:10:00,656m,16%,16.4,1825Mi,47%,2115,52,52.875
Sat 14:11:00,695m,17%,17.375,1828Mi,47%,2115,52,52.875
Sat 14:12:00,708m,17%,17.7,1829Mi,47%,2115,52,52.875
Sat 14:13:00,686m,17%,17.15,1827Mi,47%,2115,52,52.875
Sat 14:14:00,649m,16%,16.225,1827Mi,47%,2115,52,52.875
Sat 14:15:00,684m,17%,17.1,1828Mi,47%,2115,52,52.875
Sat 14:16:01,680m,17%,17,1830Mi,47%,2115,52,52.875
Sat 14:17:00,664m,16%,16.6,1834Mi,47%,2115,52,52.875
Sat 14:18:00,688m,17%,17.2,1836Mi,47%,2115,52,52.875
Sat 14:19:00,675m,16%,16.875,1836Mi,47%,2115,52,52.875
Sat 14:20:00,724m,18%,18.1,1837Mi,47%,2115,52,52.875
Sat 14:21:00,664m,16%,16.6,1835Mi,47%,2115,52,52.875
Sat 14:22:00,663m,16%,16.575,1835Mi,47%,2115,52,52.875
Sat 14:23:00,692m,17%,17.3,1835Mi,47%,2115,52,52.875
Sat 14:24:00,693m,17%,17.325,1836Mi,47%,2115,52,52.875
Sat 14:25:00,678m,16%,16.95,1834Mi,47%,2115,52,52.875
Sat 14:26:00,658m,16%,16.45,1835Mi,47%,2115,52,52.875
Sat 14:27:00,684m,17%,17.1,1835Mi,47%,2115,52,52.875
Sat 14:28:00,682m,17%,17.05,1836Mi,47%,2115,52,52.875
Sat 14:29:00,647m,16%,16.175,1835Mi,47%,2115,52,52.875
Sat 14:30:00,651m,16%,16.275,1834Mi,47%,2115,52,52.875
Sat 14:31:00,690m,17%,17.25,1835Mi,47%,2115,52,52.875
Sat 14:32:00,697m,17%,17.425,1837Mi,47%,2115,52,52.875
Sat 14:33:00,689m,17%,17.225,1834Mi,47%,2115,52,52.875
Sat 14:34:00,653m,16%,16.325,1835Mi,47%,2115,52,52.875
Sat 14:35:00,679m,16%,16.975,1827Mi,47%,2115,52,52.875
Sat 14:36:00,681m,17%,17.025,1826Mi,47%,2115,52,52.875
Sat 14:37:00,658m,16%,16.45,1825Mi,47%,2115,52,52.875
Sat 14:38:00,672m,16%,16.8,1827Mi,47%,2115,52,52.875
Sat 14:39:00,684m,17%,17.1,1827Mi,47%,2115,52,52.875
Sat 14:40:00,664m,16%,16.6,1827Mi,47%,2115,52,52.875
Sat 14:41:00,639m,15%,15.975,1826Mi,47%,2115,52,52.875
Sat 14:42:00,693m,17%,17.325,1827Mi,47%,2115,52,52.875
Sat 14:43:00,661m,16%,16.525,1827Mi,47%,2115,52,52.875
Sat 14:44:00,690m,17%,17.25,1826Mi,47%,2115,52,52.875
Sat 14:45:00,635m,15%,15.875,1825Mi,47%,2115,52,52.875
Sat 14:46:00,663m,16%,16.575,1827Mi,47%,2115,52,52.875
Sat 14:47:00,683m,17%,17.075,1828Mi,47%,2115,52,52.875
Sat 14:48:00,661m,16%,16.525,1826Mi,47%,2115,52,52.875
Sat 14:49:00,631m,15%,15.775,1827Mi,47%,2115,52,52.875
Sat 14:50:00,669m,16%,16.725,1827Mi,47%,2115,52,52.875
Sat 14:51:00,664m,16%,16.6,1827Mi,47%,2115,52,52.875
Sat 14:52:00,661m,16%,16.525,1824Mi,47%,2115,52,52.875
Sat 14:53:00,660m,16%,16.5,1835Mi,47%,2115,52,52.875
Sat 14:54:00,676m,16%,16.9,1836Mi,47%,2115,52,52.875
Sat 14:55:00,654m,16%,16.35,1834Mi,47%,2115,52,52.875
Sat 14:56:00,634m,15%,15.85,1835Mi,47%,2115,52,52.875
Sat 14:57:00,673m,16%,16.825,1836Mi,47%,2115,52,52.875
Sat 14:58:00,686m,17%,17.15,1832Mi,47%,2115,52,52.875
Sat 14:59:00,673m,16%,16.825,1832Mi,47%,2115,52,52.875
Sat 15:00:00,621m,15%,15.525,1833Mi,47%,2115,52,52.875
Sat 15:01:00,675m,16%,16.875,1832Mi,47%,2115,52,52.875
Sat 15:02:00,682m,17%,17.05,1835Mi,47%,2193,54,54.825
Sat 15:03:00,703m,17%,17.575,1837Mi,47%,2193,54,54.825
Sat 15:04:01,697m,17%,17.425,1841Mi,47%,2232,55,55.8
Sat 15:05:01,702m,17%,17.55,1842Mi,47%,2271,56,56.775
Sat 15:06:00,709m,17%,17.725,1845Mi,48%,2349,58,58.725
Sat 15:07:00,717m,17%,17.925,1850Mi,48%,2310,57,57.75
Sat 15:08:01,728m,18%,18.2,1854Mi,48%,2349,58,58.725
Sat 15:09:01,748m,18%,18.7,1851Mi,48%,2310,57,57.75
Sat 15:10:00,708m,17%,17.7,1843Mi,47%,2349,58,58.725
Sat 15:11:00,732m,18%,18.3,1843Mi,47%,2310,57,57.75
Sat 15:12:00,728m,18%,18.2,1841Mi,47%,2349,58,58.725
Sat 15:13:01,728m,18%,18.2,1845Mi,48%,2310,57,57.75
Sat 15:14:00,707m,17%,17.675,1841Mi,47%,2349,58,58.725
Sat 15:15:00,729m,18%,18.225,1843Mi,47%,2310,57,57.75
Sat 15:16:00,722m,18%,18.05,1844Mi,47%,2349,58,58.725
Sat 15:17:00,688m,17%,17.2,1845Mi,48%,2310,57,57.75
Sat 15:18:01,729m,18%,18.225,1844Mi,48%,2349,58,58.725
Sat 15:19:00,719m,17%,17.975,1842Mi,47%,2310,57,57.75
Sat 15:20:01,703m,17%,17.575,1845Mi,48%,2349,58,58.725
Sat 15:21:01,692m,17%,17.3,1842Mi,47%,2310,57,57.75
Sat 15:22:00,725m,18%,18.125,1845Mi,48%,2349,58,58.725
Sat 15:23:00,714m,17%,17.85,1845Mi,48%,2310,57,57.75
Sat 15:24:00,710m,17%,17.75,1842Mi,47%,2349,58,58.725
Sat 15:25:00,718m,17%,17.95,1843Mi,47%,2310,57,57.75
Sat 15:26:00,695m,17%,17.375,1842Mi,47%,2349,58,58.725
Sat 15:27:00,730m,18%,18.25,1852Mi,48%,2310,57,57.75
Sat 15:28:00,725m,18%,18.125,1851Mi,48%,2349,58,58.725
Sat 15:29:01,705m,17%,17.625,1850Mi,48%,2310,57,57.75
Sat 15:30:00,699m,17%,17.475,1852Mi,48%,2349,58,58.725
Sat 15:31:00,703m,17%,17.575,1850Mi,48%,2310,57,57.75
Sat 15:32:00,716m,17%,17.9,1851Mi,48%,2349,58,58.725
Sat 15:33:00,704m,17%,17.6,1855Mi,48%,2310,57,57.75
Sat 15:34:00,710m,17%,17.75,1828Mi,47%,2349,58,58.725
Sat 15:35:00,708m,17%,17.7,1822Mi,47%,2310,57,57.75
Sat 15:36:00,698m,17%,17.45,1824Mi,47%,2349,58,58.725
Sat 15:37:00,698m,17%,17.45,1824Mi,47%,2310,57,57.75
Sat 15:38:00,717m,17%,17.925,1822Mi,47%,2349,58,58.725
Sat 15:39:00,807m,20%,20.175,1827Mi,47%,2310,57,57.75
Sat 15:40:00,993m,24%,24.825,1824Mi,47%,2349,58,58.725
Sat 15:41:00,759m,18%,18.975,1824Mi,47%,2310,57,57.75
Sat 15:42:00,741m,18%,18.525,1824Mi,47%,2349,58,58.725
Sat 15:43:00,712m,17%,17.8,1814Mi,47%,2310,57,57.75
Sat 15:44:00,725m,18%,18.125,1816Mi,47%,2349,58,58.725
Sat 15:45:00,716m,17%,17.9,1816Mi,47%,2310,57,57.75
Sat 15:46:00,793m,19%,19.825,1817Mi,47%,2349,58,58.725
Sat 15:47:00,793m,19%,19.825,1816Mi,47%,2310,57,57.75
Sat 15:48:00,708m,17%,17.7,1816Mi,47%,2349,58,58.725
Sat 15:49:00,736m,18%,18.4,1816Mi,47%,2310,57,57.75
Sat 15:50:00,709m,17%,17.725,1815Mi,47%,2349,58,58.725
Sat 15:51:00,709m,17%,17.725,1818Mi,47%,2310,57,57.75
Sat 15:52:00,740m,18%,18.5,1816Mi,47%,2349,58,58.725
Sat 15:53:00,695m,17%,17.375,1814Mi,47%,2310,57,57.75
Sat 15:54:00,701m,17%,17.525,1816Mi,47%,2349,58,58.725
Sat 15:55:00,697m,17%,17.425,1816Mi,47%,2310,57,57.75
Sat 15:56:00,716m,17%,17.9,1817Mi,47%,2349,58,58.725
Sat 15:57:01,695m,17%,17.375,1816Mi,47%,2310,57,57.75
Sat 15:58:00,708m,17%,17.7,1818Mi,47%,2349,58,58.725
Sat 15:59:00,729m,18%,18.225,1825Mi,47%,2310,57,57.75
Sat 16:00:00,704m,17%,17.6,1823Mi,47%,2349,58,58.725
Sat 16:01:01,696m,17%,17.4,1824Mi,47%,2388,59,59.7
Sat 16:02:00,690m,17%,17.25,1825Mi,47%,2349,58,58.725
Sat 16:03:00,750m,18%,18.75,1827Mi,47%,2310,57,57.75
Sat 16:04:01,701m,17%,17.525,1829Mi,47%,2349,58,58.725
Sat 16:05:01,700m,17%,17.5,1825Mi,47%,2310,57,57.75
Sat 16:06:00,707m,17%,17.675,1825Mi,47%,2310,57,57.75
Sat 16:07:00,724m,18%,18.1,1824Mi,47%,2310,57,57.75
Sat 16:08:00,706m,17%,17.65,1822Mi,47%,2310,57,57.75
Sat 16:09:00,705m,17%,17.625,1824Mi,47%,2310,57,57.75
Sat 16:10:00,712m,17%,17.8,1822Mi,47%,2310,57,57.75
Sat 16:11:00,707m,17%,17.675,1822Mi,47%,2310,57,57.75
Sat 16:12:00,737m,18%,18.425,1823Mi,47%,2310,57,57.75
Sat 16:13:00,722m,18%,18.05,1822Mi,47%,2310,57,57.75
Sat 16:14:00,691m,17%,17.275,1822Mi,47%,2310,57,57.75
Sat 16:15:00,718m,17%,17.95,1815Mi,47%,2310,57,57.75
Sat 16:16:01,693m,17%,17.325,1814Mi,47%,2310,57,57.75
Sat 16:17:00,753m,18%,18.825,1815Mi,47%,2310,57,57.75
Sat 16:18:00,778m,19%,19.45,1813Mi,47%,2310,57,57.75
Sat 16:19:00,713m,17%,17.825,1815Mi,47%,2271,56,56.775
Sat 16:20:00,806m,20%,20.15,1808Mi,47%,2310,57,57.75
Sat 16:21:00,778m,19%,19.45,1816Mi,47%,2310,57,57.75
Sat 16:22:00,764m,19%,19.1,1813Mi,47%,2310,57,57.75
Sat 16:23:00,713m,17%,17.825,1815Mi,47%,2310,57,57.75
Sat 16:24:00,754m,18%,18.85,1814Mi,47%,2388,59,59.7
Sat 16:25:00,726m,18%,18.15,1820Mi,47%,2310,57,57.75
Sat 16:26:00,741m,18%,18.525,1816Mi,47%,2310,57,57.75
Sat 16:27:01,730m,18%,18.25,1814Mi,47%,2349,58,58.725
Sat 16:28:00,710m,17%,17.75,1815Mi,47%,2349,58,58.725
Sat 16:29:00,724m,18%,18.1,1819Mi,47%,2310,57,57.75
Sat 16:30:00,715m,17%,17.875,1815Mi,47%,2310,57,57.75
Sat 16:31:00,708m,17%,17.7,1823Mi,47%,2310,57,57.75
Sat 16:32:01,716m,17%,17.9,1823Mi,47%,2310,57,57.75
Sat 16:33:01,703m,17%,17.575,1823Mi,47%,2349,58,58.725
Sat 16:34:00,710m,17%,17.75,1822Mi,47%,2310,57,57.75
Sat 16:35:00,720m,18%,18,1823Mi,47%,2310,57,57.75
Sat 16:36:00,733m,18%,18.325,1825Mi,47%,2310,57,57.75
Sat 16:37:00,698m,17%,17.45,1822Mi,47%,2310,57,57.75
Sat 16:38:01,729m,18%,18.225,1824Mi,47%,2310,57,57.75
Sat 16:39:00,722m,18%,18.05,1823Mi,47%,2310,57,57.75
Sat 16:40:00,686m,17%,17.15,1824Mi,47%,2310,57,57.75
Sat 16:41:00,716m,17%,17.9,1823Mi,47%,2310,57,57.75
Sat 16:42:00,715m,17%,17.875,1821Mi,47%,2310,57,57.75
Sat 16:43:00,750m,18%,18.75,1823Mi,47%,2310,57,57.75
Sat 16:44:00,706m,17%,17.65,1822Mi,47%,2310,57,57.75
Sat 16:45:00,703m,17%,17.575,1822Mi,47%,2310,57,57.75
Sat 16:46:00,710m,17%,17.75,1823Mi,47%,2310,57,57.75
Sat 16:47:01,700m,17%,17.5,1815Mi,47%,2310,57,57.75
Sat 16:48:00,709m,17%,17.725,1814Mi,47%,2310,57,57.75
Sat 16:49:00,718m,17%,17.95,1815Mi,47%,2310,57,57.75
Sat 16:50:00,735m,18%,18.375,1816Mi,47%,2310,57,57.75
Sat 16:51:00,705m,17%,17.625,1820Mi,47%,2310,57,57.75
Sat 16:52:00,704m,17%,17.6,1816Mi,47%,2310,57,57.75
Sat 16:53:01,716m,17%,17.9,1814Mi,47%,2310,57,57.75
Sat 16:54:00,710m,17%,17.75,1815Mi,47%,2310,57,57.75
Sat 16:55:00,737m,18%,18.425,1816Mi,47%,2310,57,57.75
Sat 16:56:00,714m,17%,17.85,1815Mi,47%,2310,57,57.75
Sat 16:57:00,714m,17%,17.85,1816Mi,47%,2310,57,57.75
Sat 16:58:00,698m,17%,17.45,1817Mi,47%,2310,57,57.75
Sat 16:59:00,697m,17%,17.425,1816Mi,47%,2310,57,57.75
Sat 17:00:00,758m,18%,18.95,1815Mi,47%,2310,57,57.75
Sat 17:01:00,690m,17%,17.25,1815Mi,47%,2037,50,50.925
Sat 17:02:00,515m,12%,12.875,1794Mi,46%,1725,43,43.125
Sat 17:03:00,446m,11%,11.15,1770Mi,46%,1452,36,36.3
Sat 17:04:00,424m,10%,10.6,1745Mi,45%,1140,28,28.5
Sat 17:05:00,399m,9%,9.975,1725Mi,44%,867,21,21.675
Sat 17:06:00,358m,8%,8.95,1698Mi,44%,750,18,18.75
Sat 17:07:00,319m,7%,7.975,1685Mi,43%,750,18,18.75
Sat 17:08:00,256m,6%,6.4,1684Mi,43%,750,18,18.75
Sat 17:09:00,263m,6%,6.575,1683Mi,43%,750,18,18.75
Sat 17:10:00,253m,6%,6.325,1682Mi,43%,750,18,18.75
