Mon 16:50:02,561m,14%,14.025,2173Mi,56%,750,18,18.75
Mon 16:51:00,561m,14%,14.025,2173Mi,56%,750,18,18.75
Mon 16:52:00,630m,15%,15.75,2173Mi,56%,750,18,18.75
Mon 16:53:00,607m,15%,15.175,2173Mi,56%,750,18,18.75
Mon 16:54:00,621m,15%,15.525,2173Mi,56%,750,18,18.75
Mon 16:55:00,630m,15%,15.75,2173Mi,56%,750,18,18.75
Mon 16:56:00,626m,15%,15.65,2174Mi,56%,750,18,18.75
Mon 16:57:00,595m,14%,14.875,2174Mi,56%,750,18,18.75
Mon 16:58:01,629m,15%,15.725,2174Mi,56%,750,18,18.75
Mon 16:59:00,623m,15%,15.575,2173Mi,56%,750,18,18.75
Mon 17:00:00,633m,15%,15.825,2173Mi,56%,783,19,19.575
Mon 17:01:00,611m,15%,15.275,2173Mi,56%,882,22,22.05
Mon 17:02:01,785m,19%,19.625,2185Mi,56%,1014,25,25.35
Mon 17:03:00,857m,21%,21.425,2197Mi,57%,1146,28,28.65
Mon 17:04:00,872m,21%,21.8,2210Mi,57%,1245,31,31.125
Mon 17:05:00,857m,21%,21.425,2220Mi,57%,1377,34,34.425
Mon 17:06:00,559m,13%,13.975,2234Mi,58%,1509,37,37.725
Mon 17:07:00,404m,10%,10.1,2247Mi,58%,1641,41,41.025
Mon 17:08:00,400m,10%,10,2258Mi,58%,1740,43,43.5
Mon 17:09:01,423m,10%,10.575,2271Mi,59%,1872,46,46.8
Mon 17:10:00,455m,11%,11.375,2284Mi,59%,2004,50,50.1
Mon 17:11:00,452m,11%,11.3,2298Mi,59%,2037,50,50.925
Mon 17:12:00,488m,12%,12.2,2301Mi,59%,2037,50,50.925
Mon 17:13:00,473m,11%,11.825,2302Mi,59%,2037,50,50.925
Mon 17:14:00,533m,13%,13.325,2303Mi,59%,2037,50,50.925
Mon 17:15:00,501m,12%,12.525,2302Mi,59%,2037,50,50.925
Mon 17:16:00,509m,12%,12.725,2302Mi,59%,2037,50,50.925
Mon 17:17:00,511m,12%,12.775,2301Mi,59%,2037,50,50.925
Mon 17:18:00,480m,12%,12,2300Mi,59%,2037,50,50.925
Mon 17:19:00,504m,12%,12.6,2303Mi,59%,2037,50,50.925
Mon 17:20:00,502m,12%,12.55,2303Mi,59%,2037,50,50.925
Mon 17:21:00,468m,11%,11.7,2303Mi,59%,2037,50,50.925
Mon 17:22:00,521m,13%,13.025,2303Mi,59%,2037,50,50.925
Mon 17:23:00,486m,12%,12.15,2304Mi,59%,2037,50,50.925
Mon 17:24:00,484m,12%,12.1,2301Mi,59%,2004,50,50.1
Mon 17:25:00,481m,12%,12.025,2304Mi,59%,2037,50,50.925
Mon 17:26:00,514m,12%,12.85,2304Mi,59%,2037,50,50.925
Mon 17:27:00,497m,12%,12.425,2304Mi,59%,2037,50,50.925
Mon 17:28:00,511m,12%,12.775,2303Mi,59%,2037,50,50.925
Mon 17:29:00,482m,12%,12.05,2303Mi,59%,2037,50,50.925
Mon 17:30:00,576m,14%,14.4,2305Mi,59%,2037,50,50.925
Mon 17:31:00,590m,14%,14.75,2304Mi,59%,2037,50,50.925
Mon 17:32:00,799m,19%,19.975,2313Mi,60%,2037,50,50.925
Mon 17:33:00,527m,13%,13.175,2312Mi,60%,2037,50,50.925
Mon 17:34:00,573m,14%,14.325,2313Mi,60%,2037,50,50.925
Mon 17:35:00,506m,12%,12.65,2314Mi,60%,2037,50,50.925
Mon 17:36:00,553m,13%,13.825,2310Mi,60%,2037,50,50.925
Mon 17:37:00,490m,12%,12.25,2313Mi,60%,2037,50,50.925
Mon 17:38:00,524m,13%,13.1,2313Mi,60%,2037,50,50.925
Mon 17:39:01,513m,12%,12.825,2312Mi,60%,2037,50,50.925
Mon 17:40:00,618m,15%,15.45,2312Mi,60%,2004,50,50.1
Mon 17:41:01,606m,15%,15.15,2311Mi,60%,2037,50,50.925
Mon 17:42:00,587m,14%,14.675,2313Mi,60%,2037,50,50.925
Mon 17:43:00,679m,16%,16.975,2313Mi,60%,2037,50,50.925
Mon 17:44:00,745m,18%,18.625,2314Mi,60%,2004,50,50.1
Mon 17:45:00,519m,12%,12.975,2314Mi,60%,2037,50,50.925
Mon 17:46:00,489m,12%,12.225,2313Mi,60%,2037,50,50.925
Mon 17:47:00,528m,13%,13.2,2314Mi,60%,2037,50,50.925
Mon 17:48:00,498m,12%,12.45,2311Mi,60%,2004,50,50.1
Mon 17:49:00,519m,12%,12.975,2313Mi,60%,2037,50,50.925
Mon 17:50:00,560m,14%,14,2314Mi,60%,2037,50,50.925
Mon 17:51:00,514m,12%,12.85,2313Mi,60%,2037,50,50.925
Mon 17:52:00,523m,13%,13.075,2312Mi,60%,2037,50,50.925
Mon 17:53:00,578m,14%,14.45,2313Mi,60%,2037,50,50.925
Mon 17:54:00,592m,14%,14.8,2313Mi,60%,2037,50,50.925
Mon 17:55:00,587m,14%,14.675,2312Mi,60%,2037,50,50.925
Mon 17:56:00,525m,13%,13.125,2312Mi,60%,2004,50,50.1
Mon 17:57:00,516m,12%,12.9,2311Mi,60%,2037,50,50.925
Mon 17:58:00,498m,12%,12.45,2313Mi,60%,2037,50,50.925
Mon 17:59:00,512m,12%,12.8,2313Mi,60%,2037,50,50.925
Mon 18:00:00,535m,13%,13.375,2313Mi,60%,2004,50,50.1
Mon 18:01:00,506m,12%,12.65,2313Mi,60%,2037,50,50.925
Mon 18:02:00,541m,13%,13.525,2313Mi,60%,2037,50,50.925
Mon 18:03:00,527m,13%,13.175,2306Mi,60%,2037,50,50.925
Mon 18:04:00,506m,12%,12.65,2303Mi,59%,2037,50,50.925
Mon 18:05:00,552m,13%,13.8,2305Mi,60%,2037,50,50.925
Mon 18:06:00,671m,16%,16.775,2305Mi,60%,2037,50,50.925
Mon 18:07:00,591m,14%,14.775,2305Mi,60%,2037,50,50.925
Mon 18:08:00,586m,14%,14.65,2305Mi,60%,2004,50,50.1
Mon 18:09:00,616m,15%,15.4,2309Mi,60%,2037,50,50.925
Mon 18:10:01,610m,15%,15.25,2305Mi,60%,2037,50,50.925
Mon 18:11:00,702m,17%,17.55,2305Mi,60%,2070,51,51.75
Mon 18:12:00,686m,17%,17.15,2308Mi,60%,2037,50,50.925
Mon 18:13:00,677m,16%,16.925,2308Mi,60%,2037,50,50.925
Mon 18:14:00,608m,15%,15.2,2308Mi,60%,2070,51,51.75
Mon 18:15:00,678m,16%,16.95,2309Mi,60%,2070,51,51.75
Mon 18:16:00,600m,15%,15,2307Mi,60%,2037,50,50.925
Mon 18:17:00,518m,12%,12.95,2305Mi,60%,2037,50,50.925
Mon 18:18:00,542m,13%,13.55,2308Mi,60%,2070,51,51.75
Mon 18:19:00,618m,15%,15.45,2308Mi,60%,2070,51,51.75
Mon 18:20:01,528m,13%,13.2,2308Mi,60%,2070,51,51.75
Mon 18:21:00,532m,13%,13.3,2306Mi,60%,2037,50,50.925
Mon 18:22:00,618m,15%,15.45,2306Mi,60%,2070,51,51.75
Mon 18:23:00,533m,13%,13.325,2307Mi,60%,2070,51,51.75
Mon 18:24:00,551m,13%,13.775,2306Mi,60%,2070,51,51.75
Mon 18:25:00,518m,12%,12.95,2307Mi,60%,2037,50,50.925
Mon 18:26:00,534m,13%,13.35,2309Mi,60%,2070,51,51.75
Mon 18:27:00,534m,13%,13.35,2310Mi,60%,2070,51,51.75
Mon 18:28:00,621m,15%,15.525,2306Mi,60%,2037,50,50.925
Mon 18:29:00,541m,13%,13.525,2307Mi,60%,2037,50,50.925
Mon 18:30:00,535m,13%,13.375,2308Mi,60%,2070,51,51.75
Mon 18:31:00,522m,13%,13.05,2310Mi,60%,2070,51,51.75
Mon 18:32:00,652m,16%,16.3,2309Mi,60%,2037,50,50.925
Mon 18:33:01,700m,17%,17.5,2306Mi,60%,2037,50,50.925
Mon 18:34:00,703m,17%,17.575,2312Mi,60%,2070,51,51.75
Mon 18:35:00,669m,16%,16.725,2308Mi,60%,2070,51,51.75
Mon 18:36:00,680m,17%,17,2317Mi,60%,2070,51,51.75
Mon 18:37:00,674m,16%,16.85,2315Mi,60%,2037,50,50.925
Mon 18:38:01,745m,18%,18.625,2317Mi,60%,2037,50,50.925
Mon 18:39:00,908m,22%,22.7,2313Mi,60%,2070,51,51.75
Mon 18:40:01,922m,23%,23.05,2316Mi,60%,2070,51,51.75
Mon 18:41:00,597m,14%,14.925,2313Mi,60%,2070,51,51.75
Mon 18:42:00,710m,17%,17.75,2315Mi,60%,2070,51,51.75
Mon 18:43:00,586m,14%,14.65,2316Mi,60%,2070,51,51.75
Mon 18:44:00,741m,18%,18.525,2316Mi,60%,2070,51,51.75
Mon 18:45:00,783m,19%,19.575,2316Mi,60%,2037,50,50.925
Mon 18:46:00,649m,16%,16.225,2316Mi,60%,2070,51,51.75
Mon 18:47:00,658m,16%,16.45,2317Mi,60%,2070,51,51.75
Mon 18:48:00,556m,13%,13.9,2315Mi,60%,2037,50,50.925
Mon 18:49:00,520m,13%,13,2315Mi,60%,2037,50,50.925
Mon 18:50:00,552m,13%,13.8,2315Mi,60%,2070,51,51.75
Mon 18:51:00,669m,16%,16.725,2317Mi,60%,2070,51,51.75
Mon 18:52:00,575m,14%,14.375,2317Mi,60%,2070,51,51.75
Mon 18:53:00,582m,14%,14.55,2316Mi,60%,2037,50,50.925
Mon 18:54:00,526m,13%,13.15,2316Mi,60%,2070,51,51.75
Mon 18:55:00,516m,12%,12.9,2318Mi,60%,2070,51,51.75
Mon 18:56:00,551m,13%,13.775,2318Mi,60%,2070,51,51.75
Mon 18:57:00,574m,14%,14.35,2318Mi,60%,2037,50,50.925
Mon 18:58:00,663m,16%,16.575,2318Mi,60%,2070,51,51.75
Mon 18:59:00,551m,13%,13.775,2318Mi,60%,2070,51,51.75
Mon 19:00:00,542m,13%,13.55,2315Mi,60%,2037,50,50.925
Mon 19:01:00,551m,13%,13.775,2315Mi,60%,2037,50,50.925
Mon 19:02:00,657m,16%,16.425,2316Mi,60%,2037,50,50.925
Mon 19:03:00,564m,14%,14.1,2315Mi,60%,2004,50,50.1
Mon 19:04:01,510m,12%,12.75,2312Mi,60%,2004,50,50.1
Mon 19:05:00,577m,14%,14.425,2312Mi,60%,1971,49,49.275
Mon 19:06:00,538m,13%,13.45,2311Mi,60%,1971,49,49.275
Mon 19:07:00,520m,13%,13,2313Mi,60%,1971,49,49.275
Mon 19:08:00,600m,15%,15,2302Mi,59%,1938,48,48.45
Mon 19:09:00,771m,19%,19.275,2301Mi,59%,1905,47,47.625
Mon 19:10:00,737m,18%,18.425,2300Mi,59%,1872,46,46.8
Mon 19:11:00,571m,14%,14.275,2293Mi,59%,1806,45,45.15
Mon 19:12:01,546m,13%,13.65,2287Mi,59%,1806,45,45.15
Mon 19:13:00,506m,12%,12.65,2288Mi,59%,1806,45,45.15
Mon 19:14:00,571m,14%,14.275,2289Mi,59%,1806,45,45.15
Mon 19:15:00,498m,12%,12.45,2288Mi,59%,1806,45,45.15
Mon 19:16:00,587m,14%,14.675,2285Mi,59%,1806,45,45.15
Mon 19:17:00,613m,15%,15.325,2288Mi,59%,1806,45,45.15
Mon 19:18:00,584m,14%,14.6,2288Mi,59%,1806,45,45.15
Mon 19:19:00,623m,15%,15.575,2286Mi,59%,1806,45,45.15
Mon 19:20:00,677m,16%,16.925,2289Mi,59%,1806,45,45.15
Mon 19:21:00,629m,15%,15.725,2288Mi,59%,1806,45,45.15
Mon 19:22:00,821m,20%,20.525,2289Mi,59%,1806,45,45.15
Mon 19:23:01,560m,14%,14,2286Mi,59%,1806,45,45.15
Mon 19:24:01,554m,13%,13.85,2289Mi,59%,1806,45,45.15
Mon 19:25:00,550m,13%,13.75,2289Mi,59%,1806,45,45.15
Mon 19:26:00,541m,13%,13.525,2288Mi,59%,1806,45,45.15
Mon 19:27:00,484m,12%,12.1,2289Mi,59%,1806,45,45.15
Mon 19:28:00,487m,12%,12.175,2290Mi,59%,1806,45,45.15
Mon 19:29:00,543m,13%,13.575,2291Mi,59%,1806,45,45.15
Mon 19:30:00,474m,11%,11.85,2291Mi,59%,1839,45,45.975
Mon 19:31:00,481m,12%,12.025,2291Mi,59%,1806,45,45.15
Mon 19:32:00,530m,13%,13.25,2292Mi,59%,1806,45,45.15
Mon 19:33:00,481m,12%,12.025,2291Mi,59%,1773,44,44.325
Mon 19:34:00,519m,12%,12.975,2291Mi,59%,1806,45,45.15
Mon 19:35:00,484m,12%,12.1,2292Mi,59%,1806,45,45.15
Mon 19:36:00,487m,12%,12.175,2289Mi,59%,1773,44,44.325
Mon 19:37:00,482m,12%,12.05,2291Mi,59%,1806,45,45.15
Mon 19:38:00,518m,12%,12.95,2290Mi,59%,1806,45,45.15
Mon 19:39:00,488m,12%,12.2,2291Mi,59%,1773,44,44.325
Mon 19:40:00,496m,12%,12.4,2291Mi,59%,1806,45,45.15
Mon 19:41:00,542m,13%,13.55,2292Mi,59%,1806,45,45.15
Mon 19:42:00,490m,12%,12.25,2291Mi,59%,1806,45,45.15
Mon 19:43:00,542m,13%,13.55,2288Mi,59%,1806,45,45.15
Mon 19:44:01,538m,13%,13.45,2299Mi,59%,1806,45,45.15
Mon 19:45:00,469m,11%,11.725,2299Mi,59%,1806,45,45.15
Mon 19:46:00,548m,13%,13.7,2298Mi,59%,1806,45,45.15
Mon 19:47:00,635m,15%,15.875,2301Mi,59%,1806,45,45.15
Mon 19:48:00,484m,12%,12.1,2300Mi,59%,1806,45,45.15
Mon 19:49:00,510m,12%,12.75,2300Mi,59%,1806,45,45.15
Mon 19:50:00,470m,11%,11.75,2301Mi,59%,1806,45,45.15
Mon 19:51:00,467m,11%,11.675,2300Mi,59%,1806,45,45.15
Mon 19:52:00,480m,12%,12,2302Mi,59%,1806,45,45.15
Mon 19:53:00,497m,12%,12.425,2301Mi,59%,1806,45,45.15
Mon 19:54:00,481m,12%,12.025,2302Mi,59%,1806,45,45.15
Mon 19:55:00,456m,11%,11.4,2302Mi,59%,1806,45,45.15
Mon 19:56:00,518m,12%,12.95,2302Mi,59%,1806,45,45.15
Mon 19:57:00,534m,13%,13.35,2303Mi,59%,1773,44,44.325
Mon 19:58:00,550m,13%,13.75,2301Mi,59%,1806,45,45.15
Mon 19:59:00,633m,15%,15.825,2302Mi,59%,1806,45,45.15
Mon 20:00:00,598m,14%,14.95,2302Mi,59%,1773,44,44.325
Mon 20:01:00,554m,13%,13.85,2300Mi,59%,1773,44,44.325
Mon 20:02:00,638m,15%,15.95,2299Mi,59%,1773,44,44.325
Mon 20:03:01,505m,12%,12.625,2298Mi,59%,1740,43,43.5
Mon 20:04:00,575m,14%,14.375,2294Mi,59%,1740,43,43.5
Mon 20:05:00,466m,11%,11.65,2295Mi,59%,1740,43,43.5
Mon 20:06:00,457m,11%,11.425,2293Mi,59%,1707,42,42.675
Mon 20:07:00,474m,11%,11.85,2291Mi,59%,1674,41,41.85
Mon 20:08:00,676m,16%,16.9,2288Mi,59%,1674,41,41.85
Mon 20:09:00,478m,11%,11.95,2287Mi,59%,1641,41,41.025
Mon 20:10:00,448m,11%,11.2,2288Mi,59%,1641,41,41.025
Mon 20:11:00,462m,11%,11.55,2284Mi,59%,1641,41,41.025
Mon 20:12:01,450m,11%,11.25,2284Mi,59%,1641,41,41.025
Mon 20:13:00,455m,11%,11.375,2284Mi,59%,1641,41,41.025
Mon 20:14:00,518m,12%,12.95,2283Mi,59%,1608,40,40.2
Mon 20:15:00,480m,12%,12,2288Mi,59%,1641,41,41.025
Mon 20:16:00,591m,14%,14.775,2283Mi,59%,1641,41,41.025
Mon 20:17:00,605m,15%,15.125,2283Mi,59%,1641,41,41.025
Mon 20:18:00,565m,14%,14.125,2283Mi,59%,1641,41,41.025
Mon 20:19:00,743m,18%,18.575,2282Mi,59%,1641,41,41.025
Mon 20:20:00,635m,15%,15.875,2282Mi,59%,1641,41,41.025
Mon 20:21:00,584m,14%,14.6,2280Mi,59%,1641,41,41.025
Mon 20:22:01,645m,16%,16.125,2275Mi,59%,1641,41,41.025
Mon 20:23:00,636m,15%,15.9,2275Mi,59%,1641,41,41.025
Mon 20:24:00,652m,16%,16.3,2275Mi,59%,1641,41,41.025
Mon 20:25:00,635m,15%,15.875,2275Mi,59%,1641,41,41.025
Mon 20:26:00,549m,13%,13.725,2275Mi,59%,1641,41,41.025
Mon 20:27:01,542m,13%,13.55,2275Mi,59%,1641,41,41.025
Mon 20:28:00,517m,12%,12.925,2276Mi,59%,1674,41,41.85
Mon 20:29:00,488m,12%,12.2,2274Mi,59%,1641,41,41.025
Mon 20:30:00,466m,11%,11.65,2275Mi,59%,1641,41,41.025
Mon 20:31:00,583m,14%,14.575,2275Mi,59%,1641,41,41.025
Mon 20:32:00,598m,14%,14.95,2275Mi,59%,1641,41,41.025
Mon 20:33:00,490m,12%,12.25,2276Mi,59%,1641,41,41.025
Mon 20:34:00,530m,13%,13.25,2275Mi,59%,1641,41,41.025
Mon 20:35:00,456m,11%,11.4,2275Mi,59%,1674,41,41.85
Mon 20:36:00,439m,10%,10.975,2276Mi,59%,1641,41,41.025
Mon 20:37:00,485m,12%,12.125,2275Mi,59%,1641,41,41.025
Mon 20:38:00,446m,11%,11.15,2276Mi,59%,1641,41,41.025
Mon 20:39:00,453m,11%,11.325,2275Mi,59%,1641,41,41.025
Mon 20:40:00,449m,11%,11.225,2276Mi,59%,1641,41,41.025
Mon 20:41:00,452m,11%,11.3,2276Mi,59%,1641,41,41.025
Mon 20:42:00,447m,11%,11.175,2276Mi,59%,1674,41,41.85
Mon 20:43:00,447m,11%,11.175,2275Mi,59%,1641,41,41.025
Mon 20:44:00,459m,11%,11.475,2275Mi,59%,1641,41,41.025
Mon 20:45:00,422m,10%,10.55,2276Mi,59%,1641,41,41.025
Mon 20:46:00,454m,11%,11.35,2275Mi,59%,1641,41,41.025
Mon 20:47:00,431m,10%,10.775,2277Mi,59%,1641,41,41.025
Mon 20:48:00,417m,10%,10.425,2275Mi,59%,1641,41,41.025
Mon 20:49:00,397m,9%,9.925,2274Mi,59%,1641,41,41.025
Mon 20:50:00,427m,10%,10.675,2275Mi,59%,1641,41,41.025
Mon 20:51:00,493m,12%,12.325,2275Mi,59%,1641,41,41.025
Mon 20:52:00,478m,11%,11.95,2275Mi,59%,1641,41,41.025
Mon 20:53:00,491m,12%,12.275,2275Mi,59%,1641,41,41.025
Mon 20:54:00,531m,13%,13.275,2276Mi,59%,1641,41,41.025
Mon 20:55:00,489m,12%,12.225,2276Mi,59%,1641,41,41.025
Mon 20:56:00,527m,13%,13.175,2276Mi,59%,1641,41,41.025
Mon 20:57:00,486m,12%,12.15,2275Mi,59%,1641,41,41.025
Mon 20:58:00,475m,11%,11.875,2274Mi,59%,1641,41,41.025
Mon 20:59:00,553m,13%,13.825,2275Mi,59%,1641,41,41.025
Mon 21:00:00,531m,13%,13.275,2275Mi,59%,1641,41,41.025
Mon 21:01:00,550m,13%,13.75,2276Mi,59%,1641,41,41.025
Mon 21:02:00,504m,12%,12.6,2275Mi,59%,1641,41,41.025
Mon 21:03:01,433m,10%,10.825,2275Mi,59%,1641,41,41.025
Mon 21:04:00,467m,11%,11.675,2275Mi,59%,1641,41,41.025
Mon 21:05:00,477m,11%,11.925,2275Mi,59%,1641,41,41.025
Mon 21:06:00,453m,11%,11.325,2283Mi,59%,1641,41,41.025
Mon 21:07:01,465m,11%,11.625,2284Mi,59%,1641,41,41.025
Mon 21:08:00,454m,11%,11.35,2284Mi,59%,1641,41,41.025
Mon 21:09:00,485m,12%,12.125,2284Mi,59%,1674,41,41.85
Mon 21:10:00,496m,12%,12.4,2287Mi,59%,1641,41,41.025
Mon 21:11:00,515m,12%,12.875,2285Mi,59%,1641,41,41.025
Mon 21:12:01,525m,13%,13.125,2284Mi,59%,1641,41,41.025
Mon 21:13:01,534m,13%,13.35,2284Mi,59%,1641,41,41.025
Mon 21:14:00,471m,11%,11.775,2284Mi,59%,1674,41,41.85
Mon 21:15:00,474m,11%,11.85,2287Mi,59%,1674,41,41.85
Mon 21:16:00,471m,11%,11.775,2284Mi,59%,1674,41,41.85
Mon 21:17:00,487m,12%,12.175,2284Mi,59%,1674,41,41.85
Mon 21:18:00,584m,14%,14.6,2283Mi,59%,1641,41,41.025
Mon 21:19:00,597m,14%,14.925,2289Mi,59%,1641,41,41.025
Mon 21:20:00,476m,11%,11.9,2284Mi,59%,1641,41,41.025
Mon 21:21:00,486m,12%,12.15,2285Mi,59%,1641,41,41.025
Mon 21:22:00,460m,11%,11.5,2288Mi,59%,1674,41,41.85
Mon 21:23:00,978m,24%,24.45,2288Mi,59%,1674,41,41.85
Mon 21:24:00,976m,24%,24.4,2286Mi,59%,1674,41,41.85
Mon 21:25:00,478m,11%,11.95,2284Mi,59%,1641,41,41.025
Mon 21:26:00,502m,12%,12.55,2284Mi,59%,1641,41,41.025
Mon 21:27:00,448m,11%,11.2,2284Mi,59%,1641,41,41.025
Mon 21:28:00,453m,11%,11.325,2285Mi,59%,1641,41,41.025
Mon 21:29:00,459m,11%,11.475,2285Mi,59%,1674,41,41.85
Mon 21:30:01,446m,11%,11.15,2287Mi,59%,1674,41,41.85
Mon 21:31:00,453m,11%,11.325,2288Mi,59%,1674,41,41.85
Mon 21:32:00,432m,10%,10.8,2285Mi,59%,1641,41,41.025
Mon 21:33:00,469m,11%,11.725,2285Mi,59%,1641,41,41.025
Mon 21:34:00,446m,11%,11.15,2291Mi,59%,1641,41,41.025
Mon 21:35:00,460m,11%,11.5,2287Mi,59%,1641,41,41.025
Mon 21:36:00,444m,11%,11.1,2287Mi,59%,1674,41,41.85
Mon 21:37:00,418m,10%,10.45,2287Mi,59%,1674,41,41.85
Mon 21:38:00,410m,10%,10.25,2284Mi,59%,1674,41,41.85
Mon 21:39:00,427m,10%,10.675,2284Mi,59%,1641,41,41.025
Mon 21:40:00,443m,11%,11.075,2284Mi,59%,1641,41,41.025
Mon 21:41:00,418m,10%,10.45,2284Mi,59%,1641,41,41.025
Mon 21:42:00,432m,10%,10.8,2285Mi,59%,1674,41,41.85
Mon 21:43:00,415m,10%,10.375,2287Mi,59%,1674,41,41.85
Mon 21:44:00,438m,10%,10.95,2287Mi,59%,1674,41,41.85
Mon 21:45:00,425m,10%,10.625,2287Mi,59%,1641,41,41.025
Mon 21:46:00,412m,10%,10.3,2284Mi,59%,1641,41,41.025
Mon 21:47:00,428m,10%,10.7,2276Mi,59%,1641,41,41.025
Mon 21:48:00,432m,10%,10.8,2276Mi,59%,1641,41,41.025
Mon 21:49:00,420m,10%,10.5,2275Mi,59%,1641,41,41.025
Mon 21:50:00,432m,10%,10.8,2276Mi,59%,1674,41,41.85
Mon 21:51:00,389m,9%,9.725,2276Mi,59%,1674,41,41.85
Mon 21:52:00,428m,10%,10.7,2276Mi,59%,1674,41,41.85
Mon 21:53:00,424m,10%,10.6,2276Mi,59%,1641,41,41.025
Mon 21:54:00,444m,11%,11.1,2276Mi,59%,1641,41,41.025
Mon 21:55:00,427m,10%,10.675,2277Mi,59%,1641,41,41.025
Mon 21:56:00,426m,10%,10.65,2278Mi,59%,1641,41,41.025
Mon 21:57:00,422m,10%,10.55,2279Mi,59%,1674,41,41.85
Mon 21:58:00,416m,10%,10.4,2278Mi,59%,1674,41,41.85
Mon 21:59:01,433m,10%,10.825,2278Mi,59%,1674,41,41.85
Mon 22:00:00,409m,10%,10.225,2276Mi,59%,1641,41,41.025
Mon 22:01:00,438m,10%,10.95,2275Mi,59%,1674,41,41.85
Mon 22:02:00,427m,10%,10.675,2275Mi,59%,1674,41,41.85
Mon 22:03:00,461m,11%,11.525,2278Mi,59%,1707,42,42.675
Mon 22:04:00,450m,11%,11.25,2280Mi,59%,1707,42,42.675
Mon 22:05:00,433m,10%,10.825,2283Mi,59%,1707,42,42.675
Mon 22:06:00,431m,10%,10.775,2282Mi,59%,1707,42,42.675
Mon 22:07:00,427m,10%,10.675,2282Mi,59%,1707,42,42.675
Mon 22:08:00,463m,11%,11.575,2285Mi,59%,1740,43,43.5
Mon 22:09:00,438m,10%,10.95,2286Mi,59%,1740,43,43.5
Mon 22:10:00,452m,11%,11.3,2283Mi,59%,1674,41,41.85
Mon 22:11:00,437m,10%,10.925,2282Mi,59%,1674,41,41.85
Mon 22:12:01,447m,11%,11.175,2281Mi,59%,1674,41,41.85
Mon 22:13:00,431m,10%,10.775,2280Mi,59%,1674,41,41.85
Mon 22:14:00,431m,10%,10.775,2280Mi,59%,1707,42,42.675
Mon 22:15:00,438m,10%,10.95,2279Mi,59%,1707,42,42.675
Mon 22:16:00,469m,11%,11.725,2281Mi,59%,1674,41,41.85
Mon 22:17:00,444m,11%,11.1,2280Mi,59%,1674,41,41.85
Mon 22:18:00,431m,10%,10.775,2279Mi,59%,1674,41,41.85
Mon 22:19:00,444m,11%,11.1,2279Mi,59%,1674,41,41.85
Mon 22:20:00,432m,10%,10.8,2278Mi,59%,1674,41,41.85
Mon 22:21:00,441m,11%,11.025,2278Mi,59%,1707,42,42.675
Mon 22:22:00,482m,12%,12.05,2284Mi,59%,1674,41,41.85
Mon 22:23:01,435m,10%,10.875,2279Mi,59%,1674,41,41.85
Mon 22:24:00,430m,10%,10.75,2278Mi,59%,1674,41,41.85
Mon 22:25:00,433m,10%,10.825,2278Mi,59%,1674,41,41.85
Mon 22:26:00,432m,10%,10.8,2278Mi,59%,1674,41,41.85
Mon 22:27:00,433m,10%,10.825,2279Mi,59%,1707,42,42.675
Mon 22:28:00,430m,10%,10.75,2279Mi,59%,1674,41,41.85
Mon 22:29:00,432m,10%,10.8,2287Mi,59%,1674,41,41.85
Mon 22:30:00,466m,11%,11.65,2291Mi,59%,1674,41,41.85
Mon 22:31:00,439m,10%,10.975,2288Mi,59%,1674,41,41.85
Mon 22:32:01,430m,10%,10.75,2288Mi,59%,1674,41,41.85
Mon 22:33:00,424m,10%,10.6,2287Mi,59%,1707,42,42.675
Mon 22:34:00,445m,11%,11.125,2287Mi,59%,1707,42,42.675
Mon 22:35:00,446m,11%,11.15,2289Mi,59%,1674,41,41.85
Mon 22:36:01,456m,11%,11.4,2288Mi,59%,1674,41,41.85
Mon 22:37:00,424m,10%,10.6,2288Mi,59%,1674,41,41.85
Mon 22:38:00,432m,10%,10.8,2287Mi,59%,1674,41,41.85
Mon 22:39:00,432m,10%,10.8,2287Mi,59%,1707,42,42.675
Mon 22:40:00,445m,11%,11.125,2287Mi,59%,1707,42,42.675
Mon 22:41:00,469m,11%,11.725,2291Mi,59%,1674,41,41.85
Mon 22:42:00,443m,11%,11.075,2288Mi,59%,1674,41,41.85
Mon 22:43:00,429m,10%,10.725,2287Mi,59%,1674,41,41.85
Mon 22:44:00,445m,11%,11.125,2286Mi,59%,1674,41,41.85
Mon 22:45:01,433m,10%,10.825,2286Mi,59%,1674,41,41.85
Mon 22:46:00,457m,11%,11.425,2286Mi,59%,1707,42,42.675
Mon 22:47:00,425m,10%,10.625,2286Mi,59%,1674,41,41.85
Mon 22:48:01,458m,11%,11.45,2289Mi,59%,1674,41,41.85
Mon 22:49:00,440m,11%,11,2291Mi,59%,1674,41,41.85
Mon 22:50:00,472m,11%,11.8,2288Mi,59%,1674,41,41.85
Mon 22:51:00,453m,11%,11.325,2286Mi,59%,1674,41,41.85
Mon 22:52:00,460m,11%,11.5,2287Mi,59%,1707,42,42.675
Mon 22:53:00,460m,11%,11.5,2287Mi,59%,1707,42,42.675
Mon 22:54:00,489m,12%,12.225,2289Mi,59%,1674,41,41.85
Mon 22:55:01,480m,12%,12,2288Mi,59%,1674,41,41.85
Mon 22:56:00,464m,11%,11.6,2287Mi,59%,1674,41,41.85
Mon 22:57:00,445m,11%,11.125,2287Mi,59%,1674,41,41.85
Mon 22:58:00,473m,11%,11.825,2287Mi,59%,1674,41,41.85
Mon 22:59:00,445m,11%,11.125,2288Mi,59%,1707,42,42.675
Mon 23:00:00,464m,11%,11.6,2289Mi,59%,1674,41,41.85
Mon 23:01:00,431m,10%,10.775,2288Mi,59%,1674,41,41.85
Mon 23:02:00,430m,10%,10.75,2287Mi,59%,1674,41,41.85
Mon 23:03:00,434m,10%,10.85,2287Mi,59%,1674,41,41.85
Mon 23:04:00,435m,10%,10.875,2286Mi,59%,1674,41,41.85
Mon 23:05:00,441m,11%,11.025,2287Mi,59%,1707,42,42.675
Mon 23:06:00,445m,11%,11.125,2279Mi,59%,1674,41,41.85
Mon 23:07:00,434m,10%,10.85,2279Mi,59%,1674,41,41.85
Mon 23:08:00,459m,11%,11.475,2282Mi,59%,1674,41,41.85
Mon 23:09:00,437m,10%,10.925,2279Mi,59%,1674,41,41.85
Mon 23:10:00,434m,10%,10.85,2279Mi,59%,1740,43,43.5
Mon 23:11:00,416m,10%,10.4,2285Mi,59%,1773,44,44.325
Mon 23:12:01,433m,10%,10.825,2285Mi,59%,1773,44,44.325
Mon 23:13:00,469m,11%,11.725,2290Mi,59%,1773,44,44.325
Mon 23:14:00,442m,11%,11.05,2289Mi,59%,1773,44,44.325
Mon 23:15:00,449m,11%,11.225,2289Mi,59%,1740,43,43.5
Mon 23:16:00,452m,11%,11.3,2286Mi,59%,1740,43,43.5
Mon 23:17:00,465m,11%,11.625,2286Mi,59%,1740,43,43.5
Mon 23:18:00,467m,11%,11.675,2288Mi,59%,1773,44,44.325
Mon 23:19:01,451m,11%,11.275,2289Mi,59%,1773,44,44.325
Mon 23:20:00,446m,11%,11.15,2289Mi,59%,1773,44,44.325
Mon 23:21:00,451m,11%,11.275,2286Mi,59%,1773,44,44.325
Mon 23:22:00,451m,11%,11.275,2285Mi,59%,1740,43,43.5
Mon 23:23:00,448m,11%,11.2,2289Mi,59%,1740,43,43.5
Mon 23:24:00,455m,11%,11.375,2286Mi,59%,1773,44,44.325
Mon 23:25:00,436m,10%,10.9,2285Mi,59%,1773,44,44.325
Mon 23:26:01,453m,11%,11.325,2285Mi,59%,1773,44,44.325
Mon 23:27:00,465m,11%,11.625,2289Mi,59%,1773,44,44.325
Mon 23:28:00,442m,11%,11.05,2294Mi,59%,1740,43,43.5
Mon 23:29:00,438m,10%,10.95,2290Mi,59%,1740,43,43.5
Mon 23:30:00,458m,11%,11.45,2286Mi,59%,1773,44,44.325
Mon 23:31:00,435m,10%,10.875,2285Mi,59%,1773,44,44.325
Mon 23:32:00,482m,12%,12.05,2287Mi,59%,1773,44,44.325
Mon 23:33:00,443m,11%,11.075,2289Mi,59%,1773,44,44.325
Mon 23:34:00,440m,11%,11,2289Mi,59%,1773,44,44.325
Mon 23:35:00,460m,11%,11.5,2286Mi,59%,1740,43,43.5
Mon 23:36:00,449m,11%,11.225,2286Mi,59%,1773,44,44.325
Mon 23:37:00,471m,11%,11.775,2287Mi,59%,1773,44,44.325
Mon 23:38:00,448m,11%,11.2,2289Mi,59%,1773,44,44.325
Mon 23:39:00,437m,10%,10.925,2289Mi,59%,1773,44,44.325
Mon 23:40:00,450m,11%,11.25,2287Mi,59%,1773,44,44.325
Mon 23:41:01,447m,11%,11.175,2289Mi,59%,1740,43,43.5
Mon 23:42:00,440m,11%,11,2289Mi,59%,1740,43,43.5
Mon 23:43:00,437m,10%,10.925,2287Mi,59%,1773,44,44.325
Mon 23:44:00,451m,11%,11.275,2285Mi,59%,1773,44,44.325
Mon 23:45:00,455m,11%,11.375,2293Mi,59%,1773,44,44.325
Mon 23:46:00,455m,11%,11.375,2289Mi,59%,1773,44,44.325
Mon 23:47:00,442m,11%,11.05,2297Mi,59%,1740,43,43.5
Mon 23:48:00,435m,10%,10.875,2297Mi,59%,1740,43,43.5
Mon 23:49:00,446m,11%,11.15,2294Mi,59%,1773,44,44.325
Mon 23:50:00,444m,11%,11.1,2294Mi,59%,1773,44,44.325
Mon 23:51:00,482m,12%,12.05,2298Mi,59%,1773,44,44.325
Mon 23:52:00,441m,11%,11.025,2297Mi,59%,1773,44,44.325
Mon 23:53:00,452m,11%,11.3,2297Mi,59%,1740,43,43.5
Mon 23:54:00,456m,11%,11.4,2294Mi,59%,1740,43,43.5
Mon 23:55:00,436m,10%,10.9,2293Mi,59%,1740,43,43.5
Mon 23:56:01,460m,11%,11.5,2296Mi,59%,1773,44,44.325
Mon 23:57:00,453m,11%,11.325,2297Mi,59%,1773,44,44.325
Mon 23:58:00,422m,10%,10.55,2293Mi,59%,1773,44,44.325
Mon 23:59:00,466m,11%,11.65,2297Mi,59%,1773,44,44.325
Tue 00:00:00,444m,11%,11.1,2297Mi,59%,1740,43,43.5
Tue 00:01:00,441m,11%,11.025,2297Mi,59%,1740,43,43.5
Tue 00:02:00,451m,11%,11.275,2293Mi,59%,1740,43,43.5
Tue 00:03:00,435m,10%,10.875,2294Mi,59%,1740,43,43.5
Tue 00:04:00,445m,11%,11.125,2293Mi,59%,1740,43,43.5
Tue 00:05:00,427m,10%,10.675,2293Mi,59%,1740,43,43.5
Tue 00:06:00,441m,11%,11.025,2293Mi,59%,1707,42,42.675
Tue 00:07:01,443m,11%,11.075,2292Mi,59%,1707,42,42.675
Tue 00:08:00,446m,11%,11.15,2290Mi,59%,1707,42,42.675
Tue 00:09:00,431m,10%,10.775,2290Mi,59%,1707,42,42.675
Tue 00:10:00,442m,11%,11.05,2291Mi,59%,1641,41,41.025
Tue 00:11:00,441m,11%,11.025,2284Mi,59%,1641,41,41.025
Tue 00:12:00,439m,10%,10.975,2284Mi,59%,1641,41,41.025
Tue 00:13:00,423m,10%,10.575,2284Mi,59%,1641,41,41.025
Tue 00:14:00,435m,10%,10.875,2284Mi,59%,1641,41,41.025
Tue 00:15:00,419m,10%,10.475,2284Mi,59%,1641,41,41.025
Tue 00:16:00,431m,10%,10.775,2283Mi,59%,1641,41,41.025
Tue 00:17:00,446m,11%,11.15,2284Mi,59%,1641,41,41.025
Tue 00:18:00,425m,10%,10.625,2283Mi,59%,1641,41,41.025
Tue 00:19:00,444m,11%,11.1,2283Mi,59%,1641,41,41.025
Tue 00:20:00,428m,10%,10.7,2283Mi,59%,1641,41,41.025
Tue 00:21:00,426m,10%,10.65,2283Mi,59%,1641,41,41.025
Tue 00:22:00,422m,10%,10.55,2284Mi,59%,1641,41,41.025
Tue 00:23:00,425m,10%,10.625,2283Mi,59%,1641,41,41.025
Tue 00:24:00,421m,10%,10.525,2284Mi,59%,1641,41,41.025
Tue 00:25:00,426m,10%,10.65,2276Mi,59%,1641,41,41.025
Tue 00:26:00,421m,10%,10.525,2276Mi,59%,1641,41,41.025
Tue 00:27:01,426m,10%,10.65,2276Mi,59%,1641,41,41.025
Tue 00:28:00,430m,10%,10.75,2276Mi,59%,1641,41,41.025
Tue 00:29:00,429m,10%,10.725,2276Mi,59%,1641,41,41.025
Tue 00:30:00,425m,10%,10.625,2276Mi,59%,1641,41,41.025
Tue 00:31:00,428m,10%,10.7,2276Mi,59%,1641,41,41.025
Tue 00:32:01,421m,10%,10.525,2276Mi,59%,1641,41,41.025
Tue 00:33:00,427m,10%,10.675,2276Mi,59%,1641,41,41.025
Tue 00:34:00,427m,10%,10.675,2276Mi,59%,1641,41,41.025
Tue 00:35:00,427m,10%,10.675,2276Mi,59%,1641,41,41.025
Tue 00:36:00,442m,11%,11.05,2277Mi,59%,1641,41,41.025
Tue 00:37:00,427m,10%,10.675,2277Mi,59%,1641,41,41.025
Tue 00:38:00,431m,10%,10.775,2276Mi,59%,1641,41,41.025
Tue 00:39:00,429m,10%,10.725,2276Mi,59%,1641,41,41.025
Tue 00:40:00,421m,10%,10.525,2276Mi,59%,1641,41,41.025
Tue 00:41:00,428m,10%,10.7,2276Mi,59%,1641,41,41.025
Tue 00:42:00,424m,10%,10.6,2275Mi,59%,1641,41,41.025
Tue 00:43:00,430m,10%,10.75,2276Mi,59%,1641,41,41.025
Tue 00:44:00,420m,10%,10.5,2276Mi,59%,1641,41,41.025
Tue 00:45:01,429m,10%,10.725,2276Mi,59%,1641,41,41.025
Tue 00:46:00,429m,10%,10.725,2276Mi,59%,1641,41,41.025
Tue 00:47:00,425m,10%,10.625,2275Mi,59%,1641,41,41.025
Tue 00:48:01,439m,10%,10.975,2276Mi,59%,1641,41,41.025
Tue 00:49:00,431m,10%,10.775,2276Mi,59%,1641,41,41.025
Tue 00:50:00,424m,10%,10.6,2276Mi,59%,1641,41,41.025
Tue 00:51:00,426m,10%,10.65,2275Mi,59%,1641,41,41.025
Tue 00:52:00,419m,10%,10.475,2275Mi,59%,1641,41,41.025
Tue 00:53:00,430m,10%,10.75,2275Mi,59%,1641,41,41.025
Tue 00:54:00,418m,10%,10.45,2275Mi,59%,1641,41,41.025
Tue 00:55:00,431m,10%,10.775,2275Mi,59%,1641,41,41.025
Tue 00:56:00,437m,10%,10.925,2276Mi,59%,1641,41,41.025
Tue 00:57:00,430m,10%,10.75,2276Mi,59%,1641,41,41.025
Tue 00:58:00,431m,10%,10.775,2275Mi,59%,1641,41,41.025
Tue 00:59:00,423m,10%,10.575,2276Mi,59%,1641,41,41.025
Tue 01:00:00,433m,10%,10.825,2275Mi,59%,1641,41,41.025
Tue 01:01:00,420m,10%,10.5,2275Mi,59%,1641,41,41.025
Tue 01:02:00,425m,10%,10.625,2275Mi,59%,1641,41,41.025
Tue 01:03:00,423m,10%,10.575,2276Mi,59%,1641,41,41.025
Tue 01:04:00,440m,11%,11,2276Mi,59%,1641,41,41.025
Tue 01:05:00,421m,10%,10.525,2277Mi,59%,1641,41,41.025
Tue 01:06:00,423m,10%,10.575,2275Mi,59%,1608,40,40.2
Tue 01:07:00,413m,10%,10.325,2281Mi,59%,1608,40,40.2
Tue 01:08:00,435m,10%,10.875,2281Mi,59%,1608,40,40.2
Tue 01:09:01,420m,10%,10.5,2280Mi,59%,1575,39,39.375
Tue 01:10:00,437m,10%,10.925,2277Mi,59%,1608,40,40.2
Tue 01:11:00,425m,10%,10.625,2278Mi,59%,1608,40,40.2
Tue 01:12:00,421m,10%,10.525,2279Mi,59%,1608,40,40.2
Tue 01:13:00,393m,9%,9.825,2278Mi,59%,1575,39,39.375
Tue 01:14:00,429m,10%,10.725,2277Mi,59%,1575,39,39.375
Tue 01:15:00,416m,10%,10.4,2278Mi,59%,1575,39,39.375
Tue 01:16:00,422m,10%,10.55,2279Mi,59%,1575,39,39.375
Tue 01:17:01,413m,10%,10.325,2281Mi,59%,1575,39,39.375
Tue 01:18:00,420m,10%,10.5,2281Mi,59%,1608,40,40.2
Tue 01:19:00,434m,10%,10.85,2280Mi,59%,1608,40,40.2
Tue 01:20:00,398m,9%,9.95,2277Mi,59%,1575,39,39.375
Tue 01:21:00,417m,10%,10.425,2277Mi,59%,1575,39,39.375
Tue 01:22:00,417m,10%,10.425,2277Mi,59%,1575,39,39.375
Tue 01:23:00,417m,10%,10.425,2276Mi,59%,1575,39,39.375
Tue 01:24:00,412m,10%,10.3,2277Mi,59%,1608,40,40.2
Tue 01:25:00,414m,10%,10.35,2278Mi,59%,1608,40,40.2
Tue 01:26:00,422m,10%,10.55,2280Mi,59%,1608,40,40.2
Tue 01:27:00,416m,10%,10.4,2279Mi,59%,1575,39,39.375
Tue 01:28:00,420m,10%,10.5,2278Mi,59%,1575,39,39.375
Tue 01:29:00,399m,9%,9.975,2276Mi,59%,1575,39,39.375
Tue 01:30:00,419m,10%,10.475,2276Mi,59%,1575,39,39.375
Tue 01:31:00,417m,10%,10.425,2281Mi,59%,1575,39,39.375
Tue 01:32:00,410m,10%,10.25,2278Mi,59%,1608,40,40.2
Tue 01:33:00,414m,10%,10.35,2279Mi,59%,1608,40,40.2
Tue 01:34:00,407m,10%,10.175,2277Mi,59%,1575,39,39.375
Tue 01:35:00,414m,10%,10.35,2277Mi,59%,1575,39,39.375
Tue 01:36:00,424m,10%,10.6,2277Mi,59%,1575,39,39.375
Tue 01:37:00,421m,10%,10.525,2277Mi,59%,1575,39,39.375
Tue 01:38:00,421m,10%,10.525,2279Mi,59%,1608,40,40.2
Tue 01:39:00,417m,10%,10.425,2281Mi,59%,1608,40,40.2
Tue 01:40:00,425m,10%,10.625,2283Mi,59%,1608,40,40.2
Tue 01:41:00,417m,10%,10.425,2280Mi,59%,1575,39,39.375
Tue 01:42:00,397m,9%,9.925,2278Mi,59%,1575,39,39.375
Tue 01:43:00,420m,10%,10.5,2278Mi,59%,1575,39,39.375
Tue 01:44:00,425m,10%,10.625,2278Mi,59%,1575,39,39.375
Tue 01:45:00,426m,10%,10.65,2278Mi,59%,1608,40,40.2
Tue 01:46:00,421m,10%,10.525,2279Mi,59%,1608,40,40.2
Tue 01:47:00,421m,10%,10.525,2279Mi,59%,1608,40,40.2
Tue 01:48:00,399m,9%,9.975,2270Mi,59%,1575,39,39.375
Tue 01:49:00,419m,10%,10.475,2270Mi,59%,1575,39,39.375
Tue 01:50:00,424m,10%,10.6,2270Mi,59%,1575,39,39.375
Tue 01:51:00,411m,10%,10.275,2272Mi,59%,1575,39,39.375
Tue 01:52:00,411m,10%,10.275,2274Mi,59%,1575,39,39.375
Tue 01:53:00,411m,10%,10.275,2275Mi,59%,1608,40,40.2
Tue 01:54:01,425m,10%,10.625,2272Mi,59%,1608,40,40.2
Tue 01:55:00,391m,9%,9.775,2270Mi,59%,1575,39,39.375
Tue 01:56:00,431m,10%,10.775,2270Mi,59%,1575,39,39.375
Tue 01:57:01,409m,10%,10.225,2271Mi,59%,1575,39,39.375
Tue 01:58:00,428m,10%,10.7,2270Mi,59%,1575,39,39.375
Tue 01:59:00,425m,10%,10.625,2271Mi,59%,1575,39,39.375
Tue 02:00:00,414m,10%,10.35,2273Mi,59%,1608,40,40.2
Tue 02:01:00,417m,10%,10.425,2274Mi,59%,1575,39,39.375
Tue 02:02:00,397m,9%,9.925,2270Mi,59%,1575,39,39.375
Tue 02:03:00,414m,10%,10.35,2270Mi,59%,1575,39,39.375
Tue 02:04:00,423m,10%,10.575,2271Mi,59%,1542,38,38.55
Tue 02:05:00,382m,9%,9.55,2267Mi,59%,1542,38,38.55
Tue 02:06:00,427m,10%,10.675,2267Mi,59%,1509,37,37.725
Tue 02:07:00,404m,10%,10.1,2267Mi,58%,1542,38,38.55
Tue 02:08:00,394m,9%,9.85,2265Mi,58%,1542,38,38.55
Tue 02:09:00,387m,9%,9.675,2264Mi,58%,1476,36,36.9
Tue 02:10:00,424m,10%,10.6,2261Mi,58%,1509,37,37.725
Tue 02:11:00,404m,10%,10.1,2264Mi,58%,1509,37,37.725
Tue 02:12:00,382m,9%,9.55,2261Mi,58%,1476,36,36.9
Tue 02:13:00,402m,10%,10.05,2263Mi,58%,1509,37,37.725
Tue 02:14:00,403m,10%,10.075,2262Mi,58%,1476,36,36.9
Tue 02:15:00,382m,9%,9.55,2260Mi,58%,1509,37,37.725
Tue 02:16:00,407m,10%,10.175,2263Mi,58%,1509,37,37.725
Tue 02:17:00,375m,9%,9.375,2260Mi,58%,1476,36,36.9
Tue 02:18:00,418m,10%,10.45,2260Mi,58%,1509,37,37.725
Tue 02:19:00,423m,10%,10.575,2263Mi,58%,1476,36,36.9
Tue 02:20:00,379m,9%,9.475,2260Mi,58%,1509,37,37.725
Tue 02:21:00,401m,10%,10.025,2263Mi,58%,1509,37,37.725
Tue 02:22:00,405m,10%,10.125,2263Mi,58%,1476,36,36.9
Tue 02:23:00,391m,9%,9.775,2260Mi,58%,1509,37,37.725
Tue 02:24:00,402m,10%,10.05,2263Mi,58%,1476,36,36.9
Tue 02:25:00,373m,9%,9.325,2260Mi,58%,1509,37,37.725
Tue 02:26:00,421m,10%,10.525,2261Mi,58%,1509,37,37.725
Tue 02:27:00,399m,9%,9.975,2263Mi,58%,1476,36,36.9
Tue 02:28:00,382m,9%,9.55,2260Mi,58%,1509,37,37.725
Tue 02:29:00,415m,10%,10.375,2262Mi,58%,1476,36,36.9
Tue 02:30:00,393m,9%,9.825,2259Mi,58%,1476,36,36.9
Tue 02:31:00,396m,9%,9.9,2263Mi,58%,1509,37,37.725
Tue 02:32:01,383m,9%,9.575,2259Mi,58%,1476,36,36.9
Tue 02:33:00,409m,10%,10.225,2260Mi,58%,1509,37,37.725
Tue 02:34:00,402m,10%,10.05,2263Mi,58%,1476,36,36.9
Tue 02:35:00,387m,9%,9.675,2267Mi,59%,1476,36,36.9
Tue 02:36:00,409m,10%,10.225,2269Mi,59%,1509,37,37.725
Tue 02:37:00,399m,9%,9.975,2270Mi,59%,1476,36,36.9
Tue 02:38:00,444m,11%,11.1,2268Mi,59%,1509,37,37.725
Tue 02:39:00,414m,10%,10.35,2272Mi,59%,1509,37,37.725
Tue 02:40:00,388m,9%,9.7,2267Mi,58%,1476,36,36.9
Tue 02:41:01,416m,10%,10.4,2269Mi,59%,1509,37,37.725
Tue 02:42:00,397m,9%,9.925,2271Mi,59%,1476,36,36.9
Tue 02:43:00,387m,9%,9.675,2268Mi,59%,1509,37,37.725
Tue 02:44:00,421m,10%,10.525,2268Mi,59%,1509,37,37.725
Tue 02:45:00,406m,10%,10.15,2272Mi,59%,1476,36,36.9
Tue 02:46:00,386m,9%,9.65,2268Mi,59%,1509,37,37.725
Tue 02:47:00,393m,9%,9.825,2271Mi,59%,1476,36,36.9
Tue 02:48:00,406m,10%,10.15,2270Mi,59%,1509,37,37.725
Tue 02:49:00,404m,10%,10.1,2271Mi,59%,1509,37,37.725
Tue 02:50:00,381m,9%,9.525,2268Mi,59%,1476,36,36.9
Tue 02:51:00,411m,10%,10.275,2268Mi,59%,1509,37,37.725
Tue 02:52:00,398m,9%,9.95,2272Mi,59%,1476,36,36.9
Tue 02:53:00,383m,9%,9.575,2267Mi,59%,1476,36,36.9
Tue 02:54:00,404m,10%,10.1,2271Mi,59%,1509,37,37.725
Tue 02:55:00,395m,9%,9.875,2270Mi,59%,1476,36,36.9
Tue 02:56:00,389m,9%,9.725,2268Mi,59%,1509,37,37.725
Tue 02:57:00,396m,9%,9.9,2271Mi,59%,1476,36,36.9
Tue 02:58:00,388m,9%,9.7,2268Mi,59%,1476,36,36.9
Tue 02:59:00,418m,10%,10.45,2269Mi,59%,1509,37,37.725
Tue 03:00:00,411m,10%,10.275,2272Mi,59%,1476,36,36.9
Tue 03:01:00,384m,9%,9.6,2268Mi,59%,1509,37,37.725
Tue 03:02:00,402m,10%,10.05,2272Mi,59%,1476,36,36.9
Tue 03:03:00,384m,9%,9.6,2268Mi,59%,1476,36,36.9
Tue 03:04:00,413m,10%,10.325,2268Mi,59%,1476,36,36.9
Tue 03:05:00,377m,9%,9.425,2268Mi,59%,1443,36,36.075
Tue 03:06:00,374m,9%,9.35,2265Mi,58%,1476,36,36.9
Tue 03:07:01,409m,10%,10.225,2266Mi,58%,1443,36,36.075
Tue 03:08:00,365m,9%,9.125,2265Mi,58%,1443,36,36.075
Tue 03:09:00,420m,10%,10.5,2266Mi,58%,1476,36,36.9
Tue 03:10:00,378m,9%,9.45,2269Mi,59%,1509,37,37.725
Tue 03:11:00,361m,9%,9.025,2272Mi,59%,1542,38,38.55
Tue 03:12:00,380m,9%,9.5,2271Mi,59%,1509,37,37.725
Tue 03:13:00,395m,9%,9.875,2274Mi,59%,1542,38,38.55
Tue 03:14:00,383m,9%,9.575,2271Mi,59%,1542,38,38.55
Tue 03:15:00,405m,10%,10.125,2274Mi,59%,1509,37,37.725
Tue 03:16:00,388m,9%,9.7,2271Mi,59%,1542,38,38.55
Tue 03:17:00,402m,10%,10.05,2275Mi,59%,1509,37,37.725
Tue 03:18:00,380m,9%,9.5,2274Mi,59%,1542,38,38.55
Tue 03:19:01,395m,9%,9.875,2271Mi,59%,1542,38,38.55
Tue 03:20:00,426m,10%,10.65,2274Mi,59%,1509,37,37.725
Tue 03:21:00,387m,9%,9.675,2271Mi,59%,1542,38,38.55
Tue 03:22:00,403m,10%,10.075,2266Mi,58%,1509,37,37.725
Tue 03:23:00,381m,9%,9.525,2263Mi,58%,1542,38,38.55
Tue 03:24:00,409m,10%,10.225,2266Mi,58%,1542,38,38.55
Tue 03:25:00,385m,9%,9.625,2266Mi,58%,1509,37,37.725
Tue 03:26:00,381m,9%,9.525,2263Mi,58%,1542,38,38.55
Tue 03:27:00,406m,10%,10.15,2266Mi,58%,1509,37,37.725
Tue 03:28:00,382m,9%,9.55,2263Mi,58%,1542,38,38.55
Tue 03:29:00,407m,10%,10.175,2266Mi,58%,1542,38,38.55
Tue 03:30:01,395m,9%,9.875,2267Mi,59%,1509,37,37.725
Tue 03:31:00,382m,9%,9.55,2263Mi,58%,1542,38,38.55
Tue 03:32:00,383m,9%,9.575,2264Mi,58%,1509,37,37.725
Tue 03:33:00,396m,9%,9.9,2266Mi,58%,1542,38,38.55
Tue 03:34:00,380m,9%,9.5,2263Mi,58%,1542,38,38.55
Tue 03:35:01,402m,10%,10.05,2267Mi,58%,1509,37,37.725
Tue 03:36:00,388m,9%,9.7,2264Mi,58%,1542,38,38.55
Tue 03:37:00,401m,10%,10.025,2268Mi,59%,1509,37,37.725
Tue 03:38:00,376m,9%,9.4,2267Mi,59%,1542,38,38.55
Tue 03:39:00,382m,9%,9.55,2264Mi,58%,1542,38,38.55
Tue 03:40:00,419m,10%,10.475,2267Mi,58%,1509,37,37.725
Tue 03:41:00,378m,9%,9.45,2264Mi,58%,1542,38,38.55
Tue 03:42:00,404m,10%,10.1,2267Mi,59%,1509,37,37.725
Tue 03:43:00,384m,9%,9.6,2265Mi,58%,1542,38,38.55
Tue 03:44:00,411m,10%,10.275,2266Mi,58%,1542,38,38.55
Tue 03:45:00,381m,9%,9.525,2267Mi,59%,1509,37,37.725
Tue 03:46:00,389m,9%,9.725,2263Mi,58%,1542,38,38.55
Tue 03:47:00,392m,9%,9.8,2267Mi,58%,1509,37,37.725
Tue 03:48:01,393m,9%,9.825,2263Mi,58%,1542,38,38.55
Tue 03:49:00,404m,10%,10.1,2267Mi,59%,1542,38,38.55
Tue 03:50:00,414m,10%,10.35,2270Mi,59%,1509,37,37.725
Tue 03:51:00,390m,9%,9.75,2264Mi,58%,1542,38,38.55
Tue 03:52:00,384m,9%,9.6,2263Mi,58%,1509,37,37.725
Tue 03:53:00,393m,9%,9.825,2266Mi,58%,1542,38,38.55
Tue 03:54:00,389m,9%,9.725,2263Mi,58%,1542,38,38.55
Tue 03:55:00,402m,10%,10.05,2266Mi,58%,1509,37,37.725
Tue 03:56:00,387m,9%,9.675,2264Mi,58%,1542,38,38.55
Tue 03:57:00,386m,9%,9.65,2266Mi,58%,1509,37,37.725
Tue 03:58:00,387m,9%,9.675,2266Mi,58%,1542,38,38.55
Tue 03:59:00,384m,9%,9.6,2263Mi,58%,1542,38,38.55
Tue 04:00:00,425m,10%,10.625,2266Mi,58%,1509,37,37.725
Tue 04:01:00,394m,9%,9.85,2264Mi,58%,1542,38,38.55
Tue 04:02:00,368m,9%,9.2,2264Mi,58%,1509,37,37.725
Tue 04:03:00,424m,10%,10.6,2264Mi,58%,1509,37,37.725
Tue 04:04:00,380m,9%,9.5,2263Mi,58%,1509,37,37.725
Tue 04:05:00,375m,9%,9.375,2263Mi,58%,1476,36,36.9
Tue 04:06:01,379m,9%,9.475,2260Mi,58%,1476,36,36.9
Tue 04:07:00,372m,9%,9.3,2260Mi,58%,1443,36,36.075
Tue 04:08:00,378m,9%,9.45,2257Mi,58%,1476,36,36.9
Tue 04:09:00,405m,10%,10.125,2259Mi,58%,1476,36,36.9
Tue 04:10:00,385m,9%,9.625,2259Mi,58%,1410,35,35.25
Tue 04:11:01,382m,9%,9.55,2252Mi,58%,1410,35,35.25
Tue 04:12:00,382m,9%,9.55,2253Mi,58%,1410,35,35.25
Tue 04:13:00,361m,9%,9.025,2253Mi,58%,1410,35,35.25
Tue 04:14:00,369m,9%,9.225,2254Mi,58%,1410,35,35.25
Tue 04:15:00,357m,8%,8.925,2261Mi,58%,1410,35,35.25
Tue 04:16:00,375m,9%,9.375,2262Mi,58%,1410,35,35.25
Tue 04:17:01,363m,9%,9.075,2261Mi,58%,1410,35,35.25
Tue 04:18:00,409m,10%,10.225,2262Mi,58%,1410,35,35.25
Tue 04:19:00,381m,9%,9.525,2261Mi,58%,1410,35,35.25
Tue 04:20:00,371m,9%,9.275,2261Mi,58%,1410,35,35.25
Tue 04:21:00,370m,9%,9.25,2261Mi,58%,1410,35,35.25
Tue 04:22:00,361m,9%,9.025,2261Mi,58%,1410,35,35.25
Tue 04:23:00,365m,9%,9.125,2260Mi,58%,1410,35,35.25
Tue 04:24:00,408m,10%,10.2,2261Mi,58%,1410,35,35.25
Tue 04:25:00,362m,9%,9.05,2260Mi,58%,1410,35,35.25
Tue 04:26:00,365m,9%,9.125,2261Mi,58%,1410,35,35.25
Tue 04:27:00,367m,9%,9.175,2261Mi,58%,1410,35,35.25
Tue 04:28:01,372m,9%,9.3,2261Mi,58%,1410,35,35.25
Tue 04:29:00,355m,8%,8.875,2261Mi,58%,1443,36,36.075
Tue 04:30:00,408m,10%,10.2,2261Mi,58%,1410,35,35.25
Tue 04:31:00,383m,9%,9.575,2261Mi,58%,1410,35,35.25
Tue 04:32:00,358m,8%,8.95,2261Mi,58%,1410,35,35.25
Tue 04:33:00,362m,9%,9.05,2261Mi,58%,1410,35,35.25
Tue 04:34:00,378m,9%,9.45,2262Mi,58%,1410,35,35.25
Tue 04:35:00,365m,9%,9.125,2261Mi,58%,1410,35,35.25
Tue 04:36:00,404m,10%,10.1,2262Mi,58%,1443,36,36.075
Tue 04:37:00,358m,8%,8.95,2261Mi,58%,1410,35,35.25
Tue 04:38:00,375m,9%,9.375,2264Mi,58%,1410,35,35.25
Tue 04:39:00,395m,9%,9.875,2264Mi,58%,1410,35,35.25
Tue 04:40:00,367m,9%,9.175,2262Mi,58%,1410,35,35.25
Tue 04:41:00,365m,9%,9.125,2263Mi,58%,1410,35,35.25
Tue 04:42:01,358m,8%,8.95,2263Mi,58%,1410,35,35.25
Tue 04:43:00,368m,9%,9.2,2264Mi,58%,1443,36,36.075
Tue 04:44:00,368m,9%,9.2,2261Mi,58%,1410,35,35.25
Tue 04:45:00,408m,10%,10.2,2262Mi,58%,1410,35,35.25
Tue 04:46:00,360m,9%,9,2261Mi,58%,1410,35,35.25
Tue 04:47:00,368m,9%,9.2,2261Mi,58%,1410,35,35.25
Tue 04:48:00,363m,9%,9.075,2261Mi,58%,1410,35,35.25
Tue 04:49:00,361m,9%,9.025,2261Mi,58%,1410,35,35.25
Tue 04:50:01,364m,9%,9.1,2261Mi,58%,1410,35,35.25
Tue 04:51:01,420m,10%,10.5,2260Mi,58%,1410,35,35.25
Tue 04:52:00,371m,9%,9.275,2260Mi,58%,1410,35,35.25
Tue 04:53:00,367m,9%,9.175,2260Mi,58%,1410,35,35.25
Tue 04:54:00,375m,9%,9.375,2261Mi,58%,1410,35,35.25
Tue 04:55:00,362m,9%,9.05,2260Mi,58%,1410,35,35.25
Tue 04:56:00,367m,9%,9.175,2261Mi,58%,1410,35,35.25
Tue 04:57:00,356m,8%,8.9,2261Mi,58%,1443,36,36.075
Tue 04:58:00,364m,9%,9.1,2261Mi,58%,1410,35,35.25
Tue 04:59:00,384m,9%,9.6,2261Mi,58%,1410,35,35.25
Tue 05:00:00,399m,9%,9.975,2262Mi,58%,1410,35,35.25
Tue 05:01:00,369m,9%,9.225,2261Mi,58%,1410,35,35.25
Tue 05:02:00,368m,9%,9.2,2261Mi,58%,1410,35,35.25
Tue 05:03:00,363m,9%,9.075,2261Mi,58%,1410,35,35.25
Tue 05:04:00,373m,9%,9.325,2261Mi,58%,1410,35,35.25
Tue 05:05:00,362m,9%,9.05,2260Mi,58%,1410,35,35.25
Tue 05:06:00,401m,10%,10.025,2260Mi,58%,1410,35,35.25
Tue 05:07:00,370m,9%,9.25,2260Mi,58%,1410,35,35.25
Tue 05:08:00,369m,9%,9.225,2260Mi,58%,1410,35,35.25
Tue 05:09:00,355m,8%,8.875,2261Mi,58%,1410,35,35.25
Tue 05:10:01,367m,9%,9.175,2253Mi,58%,1443,36,36.075
Tue 05:11:00,366m,9%,9.15,2255Mi,58%,1476,36,36.9
Tue 05:12:01,394m,9%,9.85,2261Mi,58%,1509,37,37.725
Tue 05:13:00,375m,9%,9.375,2262Mi,58%,1509,37,37.725
Tue 05:14:00,374m,9%,9.35,2262Mi,58%,1509,37,37.725
Tue 05:15:00,368m,9%,9.2,2263Mi,58%,1509,37,37.725
Tue 05:16:00,380m,9%,9.5,2263Mi,58%,1509,37,37.725
Tue 05:17:01,388m,9%,9.7,2261Mi,58%,1476,36,36.9
Tue 05:18:00,368m,9%,9.2,2263Mi,58%,1476,36,36.9
Tue 05:19:00,400m,10%,10,2260Mi,58%,1509,37,37.725
Tue 05:20:00,379m,9%,9.475,2260Mi,58%,1509,37,37.725
Tue 05:21:00,403m,10%,10.075,2264Mi,58%,1509,37,37.725
Tue 05:22:00,378m,9%,9.45,2262Mi,58%,1509,37,37.725
Tue 05:23:00,373m,9%,9.325,2263Mi,58%,1509,37,37.725
Tue 05:24:00,371m,9%,9.275,2263Mi,58%,1476,36,36.9
Tue 05:25:00,389m,9%,9.725,2261Mi,58%,1476,36,36.9
Tue 05:26:00,369m,9%,9.225,2260Mi,58%,1509,37,37.725
Tue 05:27:00,406m,10%,10.15,2262Mi,58%,1509,37,37.725
Tue 05:28:00,375m,9%,9.375,2262Mi,58%,1509,37,37.725
Tue 05:29:00,377m,9%,9.425,2263Mi,58%,1509,37,37.725
Tue 05:30:00,366m,9%,9.15,2263Mi,58%,1509,37,37.725
Tue 05:31:00,391m,9%,9.775,2261Mi,58%,1476,36,36.9
Tue 05:32:00,385m,9%,9.625,2260Mi,58%,1476,36,36.9
Tue 05:33:00,396m,9%,9.9,2263Mi,58%,1509,37,37.725
Tue 05:34:00,382m,9%,9.55,2262Mi,58%,1509,37,37.725
Tue 05:35:00,369m,9%,9.225,2263Mi,58%,1509,37,37.725
Tue 05:36:00,377m,9%,9.425,2263Mi,58%,1509,37,37.725
Tue 05:37:00,380m,9%,9.5,2263Mi,58%,1509,37,37.725
Tue 05:38:00,379m,9%,9.475,2263Mi,58%,1476,36,36.9
Tue 05:39:00,373m,9%,9.325,2263Mi,58%,1509,37,37.725
Tue 05:40:00,380m,9%,9.5,2260Mi,58%,1509,37,37.725
Tue 05:41:00,381m,9%,9.525,2260Mi,58%,1509,37,37.725
Tue 05:42:00,411m,10%,10.275,2264Mi,58%,1509,37,37.725
Tue 05:43:00,373m,9%,9.325,2262Mi,58%,1509,37,37.725
Tue 05:44:00,373m,9%,9.325,2263Mi,58%,1509,37,37.725
Tue 05:45:00,371m,9%,9.275,2263Mi,58%,1476,36,36.9
Tue 05:46:00,386m,9%,9.65,2260Mi,58%,1509,37,37.725
Tue 05:47:00,371m,9%,9.275,2259Mi,58%,1509,37,37.725
Tue 05:48:00,408m,10%,10.2,2264Mi,58%,1509,37,37.725
Tue 05:49:00,373m,9%,9.325,2263Mi,58%,1509,37,37.725
Tue 05:50:00,372m,9%,9.3,2262Mi,58%,1509,37,37.725
Tue 05:51:01,378m,9%,9.45,2269Mi,59%,1476,36,36.9
Tue 05:52:01,390m,9%,9.75,2260Mi,58%,1476,36,36.9
Tue 05:53:00,376m,9%,9.4,2260Mi,58%,1476,36,36.9
Tue 05:54:00,396m,9%,9.9,2262Mi,58%,1509,37,37.725
Tue 05:55:00,376m,9%,9.4,2262Mi,58%,1509,37,37.725
Tue 05:56:00,367m,9%,9.175,2262Mi,58%,1509,37,37.725
Tue 05:57:00,369m,9%,9.225,2262Mi,58%,1509,37,37.725
Tue 05:58:00,376m,9%,9.4,2262Mi,58%,1509,37,37.725
Tue 05:59:00,378m,9%,9.45,2263Mi,58%,1476,36,36.9
Tue 06:00:00,381m,9%,9.525,2263Mi,58%,1509,37,37.725
Tue 06:01:00,378m,9%,9.45,2260Mi,58%,1509,37,37.725
Tue 06:02:01,408m,10%,10.2,2262Mi,58%,1509,37,37.725
Tue 06:03:00,382m,9%,9.55,2262Mi,58%,1509,37,37.725
Tue 06:04:00,374m,9%,9.35,2262Mi,58%,1509,37,37.725
Tue 06:05:00,370m,9%,9.25,2263Mi,58%,1542,38,38.55
Tue 06:06:00,380m,9%,9.5,2263Mi,58%,1509,37,37.725
Tue 06:07:00,410m,10%,10.25,2263Mi,58%,1509,37,37.725
Tue 06:08:00,377m,9%,9.425,2263Mi,58%,1509,37,37.725
Tue 06:09:00,383m,9%,9.575,2263Mi,58%,1509,37,37.725
Tue 06:10:00,372m,9%,9.3,2271Mi,59%,1542,38,38.55
Tue 06:11:01,415m,10%,10.375,2274Mi,59%,1542,38,38.55
Tue 06:12:01,376m,9%,9.4,2273Mi,59%,1509,37,37.725
Tue 06:13:00,388m,9%,9.7,2278Mi,59%,1509,37,37.725
Tue 06:14:00,388m,9%,9.7,2271Mi,59%,1542,38,38.55
Tue 06:15:01,409m,10%,10.225,2275Mi,59%,1542,38,38.55
Tue 06:16:00,375m,9%,9.375,2274Mi,59%,1542,38,38.55
Tue 06:17:00,382m,9%,9.55,2274Mi,59%,1509,37,37.725
Tue 06:18:00,380m,9%,9.5,2271Mi,59%,1542,38,38.55
Tue 06:19:00,432m,10%,10.8,2275Mi,59%,1542,38,38.55
Tue 06:20:00,352m,8%,8.8,2271Mi,59%,1542,38,38.55
Tue 06:21:00,399m,9%,9.975,2274Mi,59%,1542,38,38.55
Tue 06:22:00,382m,9%,9.55,2274Mi,59%,1509,37,37.725
Tue 06:23:00,389m,9%,9.725,2272Mi,59%,1542,38,38.55
Tue 06:24:00,376m,9%,9.4,2274Mi,59%,1542,38,38.55
Tue 06:25:00,398m,9%,9.95,2277Mi,59%,1542,38,38.55
Tue 06:26:01,377m,9%,9.425,2276Mi,59%,1509,37,37.725
Tue 06:27:00,368m,9%,9.2,2276Mi,59%,1542,38,38.55
Tue 06:28:00,387m,9%,9.675,2273Mi,59%,1542,38,38.55
Tue 06:29:00,420m,10%,10.5,2278Mi,59%,1542,38,38.55
Tue 06:30:00,377m,9%,9.425,2276Mi,59%,1542,38,38.55
Tue 06:31:00,378m,9%,9.45,2276Mi,59%,1509,37,37.725
Tue 06:32:01,387m,9%,9.675,2273Mi,59%,1542,38,38.55
Tue 06:33:00,400m,10%,10,2276Mi,59%,1542,38,38.55
Tue 06:34:00,381m,9%,9.525,2276Mi,59%,1542,38,38.55
Tue 06:35:00,380m,9%,9.5,2276Mi,59%,1509,37,37.725
Tue 06:36:00,380m,9%,9.5,2274Mi,59%,1509,37,37.725
Tue 06:37:00,400m,10%,10,2275Mi,59%,1542,38,38.55
Tue 06:38:00,380m,9%,9.5,2276Mi,59%,1542,38,38.55
Tue 06:39:00,391m,9%,9.775,2276Mi,59%,1542,38,38.55
Tue 06:40:00,382m,9%,9.55,2273Mi,59%,1509,37,37.725
Tue 06:41:00,371m,9%,9.275,2273Mi,59%,1542,38,38.55
Tue 06:42:00,394m,9%,9.85,2273Mi,59%,1542,38,38.55
Tue 06:43:00,411m,10%,10.275,2277Mi,59%,1542,38,38.55
Tue 06:44:00,379m,9%,9.475,2275Mi,59%,1509,37,37.725
Tue 06:45:01,374m,9%,9.35,2276Mi,59%,1542,38,38.55
Tue 06:46:00,390m,9%,9.75,2274Mi,59%,1542,38,38.55
Tue 06:47:00,402m,10%,10.05,2275Mi,59%,1542,38,38.55
Tue 06:48:00,387m,9%,9.675,2275Mi,59%,1542,38,38.55
Tue 06:49:00,376m,9%,9.4,2275Mi,59%,1509,37,37.725
Tue 06:50:00,393m,9%,9.825,2273Mi,59%,1542,38,38.55
Tue 06:51:00,393m,9%,9.825,2274Mi,59%,1542,38,38.55
Tue 06:52:00,396m,9%,9.9,2275Mi,59%,1542,38,38.55
Tue 06:53:00,372m,9%,9.3,2275Mi,59%,1509,37,37.725
Tue 06:54:00,394m,9%,9.85,2273Mi,59%,1509,37,37.725
Tue 06:55:01,376m,9%,9.4,2272Mi,59%,1542,38,38.55
Tue 06:56:00,413m,10%,10.325,2275Mi,59%,1542,38,38.55
Tue 06:57:00,374m,9%,9.35,2275Mi,59%,1542,38,38.55
Tue 06:58:00,388m,9%,9.7,2274Mi,59%,1509,37,37.725
Tue 06:59:00,376m,9%,9.4,2272Mi,59%,1542,38,38.55
Tue 07:00:01,407m,10%,10.175,2275Mi,59%,1542,38,38.55
Tue 07:01:00,378m,9%,9.45,2275Mi,59%,1542,38,38.55
Tue 07:02:00,391m,9%,9.775,2274Mi,59%,1542,38,38.55
Tue 07:03:00,377m,9%,9.425,2267Mi,59%,1542,38,38.55
Tue 07:04:00,415m,10%,10.375,2267Mi,59%,1542,38,38.55
Tue 07:05:00,373m,9%,9.325,2266Mi,58%,1575,39,39.375
Tue 07:06:01,396m,9%,9.9,2269Mi,59%,1542,38,38.55
Tue 07:07:00,381m,9%,9.525,2269Mi,59%,1575,39,39.375
Tue 07:08:00,394m,9%,9.85,2266Mi,58%,1575,39,39.375
Tue 07:09:00,401m,10%,10.025,2269Mi,59%,1575,39,39.375
Tue 07:10:00,386m,9%,9.65,2268Mi,59%,1608,40,40.2
Tue 07:11:00,399m,9%,9.975,2271Mi,59%,1542,38,38.55
Tue 07:12:00,402m,10%,10.05,2265Mi,58%,1575,39,39.375
Tue 07:13:00,396m,9%,9.9,2268Mi,59%,1542,38,38.55
Tue 07:14:00,404m,10%,10.1,2265Mi,58%,1542,38,38.55
Tue 07:15:00,379m,9%,9.475,2266Mi,58%,1542,38,38.55
Tue 07:16:00,411m,10%,10.275,2267Mi,59%,1542,38,38.55
Tue 07:17:00,382m,9%,9.55,2266Mi,58%,1575,39,39.375
Tue 07:18:00,402m,10%,10.05,2269Mi,59%,1542,38,38.55
Tue 07:19:00,406m,10%,10.15,2266Mi,58%,1542,38,38.55
Tue 07:20:00,371m,9%,9.275,2266Mi,58%,1542,38,38.55
Tue 07:21:00,412m,10%,10.3,2265Mi,58%,1542,38,38.55
Tue 07:22:01,385m,9%,9.625,2266Mi,58%,1575,39,39.375
Tue 07:23:00,375m,9%,9.375,2265Mi,58%,1542,38,38.55
Tue 07:24:00,418m,10%,10.45,2267Mi,59%,1542,38,38.55
Tue 07:25:00,376m,9%,9.4,2266Mi,58%,1542,38,38.55
Tue 07:26:00,402m,10%,10.05,2268Mi,59%,1542,38,38.55
Tue 07:27:00,388m,9%,9.7,2265Mi,58%,1575,39,39.375
Tue 07:28:00,377m,9%,9.425,2265Mi,58%,1542,38,38.55
Tue 07:29:00,414m,10%,10.35,2265Mi,58%,1542,38,38.55
Tue 07:30:00,375m,9%,9.375,2265Mi,58%,1542,38,38.55
Tue 07:31:00,410m,10%,10.25,2268Mi,59%,1542,38,38.55
Tue 07:32:00,381m,9%,9.525,2265Mi,58%,1575,39,39.375
Tue 07:33:00,382m,9%,9.55,2265Mi,58%,1542,38,38.55
Tue 07:34:01,417m,10%,10.425,2265Mi,58%,1542,38,38.55
Tue 07:35:00,375m,9%,9.375,2265Mi,58%,1542,38,38.55
Tue 07:36:00,410m,10%,10.25,2266Mi,58%,1542,38,38.55
Tue 07:37:00,388m,9%,9.7,2265Mi,58%,1575,39,39.375
Tue 07:38:00,393m,9%,9.825,2274Mi,59%,1542,38,38.55
Tue 07:39:00,397m,9%,9.925,2266Mi,58%,1542,38,38.55
Tue 07:40:00,377m,9%,9.425,2268Mi,59%,1542,38,38.55
Tue 07:41:00,413m,10%,10.325,2267Mi,59%,1542,38,38.55
Tue 07:42:00,372m,9%,9.3,2272Mi,59%,1575,39,39.375
Tue 07:43:00,421m,10%,10.525,2274Mi,59%,1542,38,38.55
Tue 07:44:00,394m,9%,9.85,2268Mi,59%,1542,38,38.55
Tue 07:45:00,380m,9%,9.5,2267Mi,58%,1542,38,38.55
Tue 07:46:00,392m,9%,9.8,2270Mi,59%,1542,38,38.55
Tue 07:47:00,392m,9%,9.8,2272Mi,59%,1575,39,39.375
Tue 07:48:00,372m,9%,9.3,2272Mi,59%,1542,38,38.55
Tue 07:49:00,408m,10%,10.2,2267Mi,59%,1542,38,38.55
Tue 07:50:00,378m,9%,9.45,2266Mi,58%,1542,38,38.55
Tue 07:51:01,405m,10%,10.125,2268Mi,59%,1542,38,38.55
Tue 07:52:00,381m,9%,9.525,2267Mi,58%,1575,39,39.375
Tue 07:53:00,377m,9%,9.425,2267Mi,58%,1542,38,38.55
Tue 07:54:00,425m,10%,10.625,2266Mi,58%,1542,38,38.55
Tue 07:55:00,376m,9%,9.4,2266Mi,58%,1542,38,38.55
Tue 07:56:00,416m,10%,10.4,2275Mi,59%,1542,38,38.55
Tue 07:57:00,373m,9%,9.325,2274Mi,59%,1575,39,39.375
Tue 07:58:00,405m,10%,10.125,2276Mi,59%,1542,38,38.55
Tue 07:59:00,395m,9%,9.875,2273Mi,59%,1542,38,38.55
Tue 08:00:00,380m,9%,9.5,2273Mi,59%,1542,38,38.55
Tue 08:01:00,407m,10%,10.175,2273Mi,59%,1542,38,38.55
Tue 08:02:00,402m,10%,10.05,2275Mi,59%,1575,39,39.375
Tue 08:03:00,392m,9%,9.8,2274Mi,59%,1575,39,39.375
Tue 08:04:00,419m,10%,10.475,2276Mi,59%,1608,40,40.2
Tue 08:05:00,420m,10%,10.5,2279Mi,59%,1608,40,40.2
Tue 08:06:00,410m,10%,10.25,2284Mi,59%,1641,41,41.025
Tue 08:07:00,415m,10%,10.375,2282Mi,59%,1674,41,41.85
Tue 08:08:00,398m,9%,9.95,2284Mi,59%,1641,41,41.025
Tue 08:09:00,420m,10%,10.5,2284Mi,59%,1674,41,41.85
Tue 08:10:00,420m,10%,10.5,2287Mi,59%,1674,41,41.85
Tue 08:11:00,419m,10%,10.475,2288Mi,59%,1773,44,44.325
Tue 08:12:00,409m,10%,10.225,2297Mi,59%,1773,44,44.325
Tue 08:13:00,431m,10%,10.775,2297Mi,59%,1773,44,44.325
Tue 08:14:00,438m,10%,10.95,2297Mi,59%,1773,44,44.325
Tue 08:15:00,438m,10%,10.95,2296Mi,59%,1740,43,43.5
Tue 08:16:00,426m,10%,10.65,2293Mi,59%,1740,43,43.5
Tue 08:17:00,441m,11%,11.025,2294Mi,59%,1740,43,43.5
Tue 08:18:00,444m,11%,11.1,2294Mi,59%,1773,44,44.325
Tue 08:19:00,445m,11%,11.125,2294Mi,59%,1773,44,44.325
Tue 08:20:00,431m,10%,10.775,2296Mi,59%,1773,44,44.325
Tue 08:21:00,443m,11%,11.075,2297Mi,59%,1773,44,44.325
Tue 08:22:00,415m,10%,10.375,2293Mi,59%,1773,44,44.325
Tue 08:23:00,437m,10%,10.925,2294Mi,59%,1740,43,43.5
Tue 08:24:00,445m,11%,11.125,2296Mi,59%,1740,43,43.5
Tue 08:25:00,444m,11%,11.1,2297Mi,59%,1773,44,44.325
Tue 08:26:00,436m,10%,10.9,2297Mi,59%,1773,44,44.325
Tue 08:27:00,428m,10%,10.7,2298Mi,59%,1773,44,44.325
Tue 08:28:00,435m,10%,10.875,2297Mi,59%,1773,44,44.325
Tue 08:29:00,428m,10%,10.7,2296Mi,59%,1773,44,44.325
Tue 08:30:00,429m,10%,10.725,2294Mi,59%,1740,43,43.5
Tue 08:31:00,440m,11%,11,2294Mi,59%,1740,43,43.5
Tue 08:32:00,439m,10%,10.975,2295Mi,59%,1773,44,44.325
Tue 08:33:00,339m,8%,8.475,2270Mi,59%,1773,44,44.325
Tue 08:34:00,582m,14%,14.55,2299Mi,59%,1773,44,44.325
Tue 08:35:00,439m,10%,10.975,2300Mi,59%,1773,44,44.325
Tue 08:36:00,433m,10%,10.825,2299Mi,59%,1773,44,44.325
Tue 08:37:00,434m,10%,10.85,2298Mi,59%,1740,43,43.5
Tue 08:38:01,445m,11%,11.125,2297Mi,59%,1740,43,43.5
Tue 08:39:00,435m,10%,10.875,2298Mi,59%,1773,44,44.325
Tue 08:40:00,457m,11%,11.425,2289Mi,59%,1773,44,44.325
Tue 08:41:01,429m,10%,10.725,2291Mi,59%,1773,44,44.325
Tue 08:42:00,447m,11%,11.175,2292Mi,59%,1773,44,44.325
Tue 08:43:00,413m,10%,10.325,2289Mi,59%,1773,44,44.325
Tue 08:44:00,455m,11%,11.375,2289Mi,59%,1740,43,43.5
Tue 08:45:00,447m,11%,11.175,2291Mi,59%,1740,43,43.5
Tue 08:46:01,443m,11%,11.075,2292Mi,59%,1773,44,44.325
Tue 08:47:00,430m,10%,10.75,2292Mi,59%,1773,44,44.325
Tue 08:48:00,448m,11%,11.2,2292Mi,59%,1773,44,44.325
Tue 08:49:00,432m,10%,10.8,2291Mi,59%,1773,44,44.325
Tue 08:50:00,436m,10%,10.9,2291Mi,59%,1773,44,44.325
Tue 08:51:00,420m,10%,10.5,2289Mi,59%,1740,43,43.5
Tue 08:52:01,451m,11%,11.275,2289Mi,59%,1740,43,43.5
Tue 08:53:00,446m,11%,11.15,2290Mi,59%,1773,44,44.325
Tue 08:54:00,446m,11%,11.15,2292Mi,59%,1773,44,44.325
Tue 08:55:01,443m,11%,11.075,2292Mi,59%,1773,44,44.325
Tue 08:56:00,440m,11%,11,2292Mi,59%,1773,44,44.325
Tue 08:57:00,433m,10%,10.825,2292Mi,59%,1740,43,43.5
Tue 08:58:00,438m,10%,10.95,2291Mi,59%,1740,43,43.5
Tue 08:59:00,420m,10%,10.5,2288Mi,59%,1740,43,43.5
Tue 09:00:00,443m,11%,11.075,2291Mi,59%,1773,44,44.325
Tue 09:01:00,439m,10%,10.975,2292Mi,59%,1773,44,44.325
Tue 09:02:00,436m,10%,10.9,2292Mi,59%,1773,44,44.325
Tue 09:03:00,436m,10%,10.9,2292Mi,59%,1773,44,44.325
Tue 09:04:00,443m,11%,11.075,2292Mi,59%,1773,44,44.325
Tue 09:05:00,429m,10%,10.725,2292Mi,59%,1773,44,44.325
Tue 09:06:00,452m,11%,11.3,2292Mi,59%,1773,44,44.325
Tue 09:07:00,425m,10%,10.625,2295Mi,59%,1806,45,45.15
Tue 09:08:00,443m,11%,11.075,2295Mi,59%,1806,45,45.15
Tue 09:09:00,440m,11%,11,2295Mi,59%,1806,45,45.15
Tue 09:10:00,442m,11%,11.05,2295Mi,59%,1806,45,45.15
Tue 09:11:00,431m,10%,10.775,2295Mi,59%,1806,45,45.15
Tue 09:12:00,518m,12%,12.95,2295Mi,59%,1806,45,45.15
Tue 09:13:00,466m,11%,11.65,2294Mi,59%,1806,45,45.15
Tue 09:14:00,447m,11%,11.175,2294Mi,59%,1806,45,45.15
Tue 09:15:00,440m,11%,11,2294Mi,59%,1806,45,45.15
Tue 09:16:00,456m,11%,11.4,2294Mi,59%,1806,45,45.15
Tue 09:17:01,445m,11%,11.125,2297Mi,59%,1806,45,45.15
Tue 09:18:00,444m,11%,11.1,2297Mi,59%,1806,45,45.15
Tue 09:19:00,465m,11%,11.625,2295Mi,59%,1806,45,45.15
Tue 09:20:00,449m,11%,11.225,2295Mi,59%,1806,45,45.15
Tue 09:21:00,435m,10%,10.875,2295Mi,59%,1806,45,45.15
Tue 09:22:01,449m,11%,11.225,2295Mi,59%,1806,45,45.15
Tue 09:23:00,436m,10%,10.9,2302Mi,59%,1806,45,45.15
Tue 09:24:00,454m,11%,11.35,2302Mi,59%,1806,45,45.15
Tue 09:25:00,435m,10%,10.875,2303Mi,59%,1806,45,45.15
Tue 09:26:00,454m,11%,11.35,2302Mi,59%,1806,45,45.15
Tue 09:27:01,436m,10%,10.9,2302Mi,59%,1806,45,45.15
Tue 09:28:00,451m,11%,11.275,2301Mi,59%,1806,45,45.15
Tue 09:29:00,437m,10%,10.925,2302Mi,59%,1806,45,45.15
Tue 09:30:00,449m,11%,11.225,2301Mi,59%,1806,45,45.15
Tue 09:31:00,434m,10%,10.85,2301Mi,59%,1806,45,45.15
Tue 09:32:01,442m,11%,11.05,2301Mi,59%,1806,45,45.15
Tue 09:33:00,439m,10%,10.975,2302Mi,59%,1806,45,45.15
Tue 09:34:00,463m,11%,11.575,2303Mi,59%,1806,45,45.15
Tue 09:35:00,446m,11%,11.15,2303Mi,59%,1806,45,45.15
Tue 09:36:00,461m,11%,11.525,2303Mi,59%,1806,45,45.15
Tue 09:37:01,432m,10%,10.8,2303Mi,59%,1806,45,45.15
Tue 09:38:00,446m,11%,11.15,2303Mi,59%,1806,45,45.15
Tue 09:39:00,436m,10%,10.9,2303Mi,59%,1806,45,45.15
Tue 09:40:00,447m,11%,11.175,2303Mi,59%,1806,45,45.15
Tue 09:41:00,434m,10%,10.85,2303Mi,59%,1806,45,45.15
Tue 09:42:01,448m,11%,11.2,2302Mi,59%,1806,45,45.15
Tue 09:43:00,437m,10%,10.925,2302Mi,59%,1806,45,45.15
Tue 09:44:00,454m,11%,11.35,2302Mi,59%,1806,45,45.15
Tue 09:45:00,438m,10%,10.95,2303Mi,59%,1806,45,45.15
Tue 09:46:00,459m,11%,11.475,2302Mi,59%,1806,45,45.15
Tue 09:47:00,439m,10%,10.975,2302Mi,59%,1806,45,45.15
Tue 09:48:00,449m,11%,11.225,2302Mi,59%,1806,45,45.15
Tue 09:49:00,438m,10%,10.95,2302Mi,59%,1806,45,45.15
Tue 09:50:00,448m,11%,11.2,2302Mi,59%,1806,45,45.15
Tue 09:51:00,437m,10%,10.925,2302Mi,59%,1806,45,45.15
Tue 09:52:00,457m,11%,11.425,2304Mi,59%,1806,45,45.15
Tue 09:53:00,435m,10%,10.875,2310Mi,60%,1806,45,45.15
Tue 09:54:00,455m,11%,11.375,2303Mi,59%,1806,45,45.15
Tue 09:55:00,436m,10%,10.9,2303Mi,59%,1806,45,45.15
Tue 09:56:00,445m,11%,11.125,2303Mi,59%,1806,45,45.15
Tue 09:57:00,441m,11%,11.025,2303Mi,59%,1806,45,45.15
Tue 09:58:01,446m,11%,11.15,2303Mi,59%,1806,45,45.15
Tue 09:59:00,440m,11%,11,2302Mi,59%,1806,45,45.15
Tue 10:00:00,451m,11%,11.275,2302Mi,59%,1806,45,45.15
Tue 10:01:00,433m,10%,10.825,2302Mi,59%,1839,45,45.975
Tue 10:02:00,468m,11%,11.7,2304Mi,59%,1839,45,45.975
Tue 10:03:00,450m,11%,11.25,2297Mi,59%,1872,46,46.8
Tue 10:04:01,484m,12%,12.1,2301Mi,59%,1905,47,47.625
Tue 10:05:00,475m,11%,11.875,2304Mi,59%,1938,48,48.45
Tue 10:06:00,483m,12%,12.075,2308Mi,60%,1938,48,48.45
Tue 10:07:00,470m,11%,11.75,2307Mi,60%,1971,49,49.275
Tue 10:08:00,477m,11%,11.925,2310Mi,60%,2004,50,50.1
Tue 10:09:00,492m,12%,12.3,2313Mi,60%,2037,50,50.925
Tue 10:10:00,497m,12%,12.425,2317Mi,60%,2037,50,50.925
Tue 10:11:01,484m,12%,12.1,2318Mi,60%,2103,52,52.575
Tue 10:12:00,488m,12%,12.2,2323Mi,60%,2103,52,52.575
Tue 10:13:00,499m,12%,12.475,2325Mi,60%,2103,52,52.575
Tue 10:14:01,498m,12%,12.45,2323Mi,60%,2070,51,51.75
Tue 10:15:01,503m,12%,12.575,2324Mi,60%,2103,52,52.575
Tue 10:16:00,526m,13%,13.15,2324Mi,60%,2103,52,52.575
Tue 10:17:00,514m,12%,12.85,2324Mi,60%,2103,52,52.575
Tue 10:18:00,516m,12%,12.9,2323Mi,60%,2070,51,51.75
Tue 10:19:00,519m,12%,12.975,2322Mi,60%,2103,52,52.575
Tue 10:20:00,503m,12%,12.575,2324Mi,60%,2103,52,52.575
Tue 10:21:00,510m,12%,12.75,2324Mi,60%,2103,52,52.575
Tue 10:22:00,524m,13%,13.1,2325Mi,60%,2070,51,51.75
Tue 10:23:00,496m,12%,12.4,2324Mi,60%,2103,52,52.575
Tue 10:24:00,491m,12%,12.275,2323Mi,60%,2103,52,52.575
Tue 10:25:00,499m,12%,12.475,2322Mi,60%,2103,52,52.575
Tue 10:26:01,507m,12%,12.675,2322Mi,60%,2070,51,51.75
Tue 10:27:00,498m,12%,12.45,2324Mi,60%,2103,52,52.575
Tue 10:28:00,508m,12%,12.7,2324Mi,60%,2103,52,52.575
Tue 10:29:01,518m,12%,12.95,2325Mi,60%,2103,52,52.575
Tue 10:30:00,502m,12%,12.55,2323Mi,60%,2070,51,51.75
Tue 10:31:00,495m,12%,12.375,2322Mi,60%,2103,52,52.575
Tue 10:32:00,508m,12%,12.7,2324Mi,60%,2103,52,52.575
Tue 10:33:01,513m,12%,12.825,2323Mi,60%,2103,52,52.575
Tue 10:34:00,522m,13%,13.05,2324Mi,60%,2070,51,51.75
Tue 10:35:00,483m,12%,12.075,2320Mi,60%,2103,52,52.575
Tue 10:36:00,505m,12%,12.625,2322Mi,60%,2103,52,52.575
Tue 10:37:00,518m,12%,12.95,2324Mi,60%,2103,52,52.575
Tue 10:38:00,516m,12%,12.9,2332Mi,60%,2070,51,51.75
Tue 10:39:00,485m,12%,12.125,2332Mi,60%,2103,52,52.575
Tue 10:40:00,522m,13%,13.05,2332Mi,60%,2103,52,52.575
Tue 10:41:00,502m,12%,12.55,2331Mi,60%,2103,52,52.575
Tue 10:42:01,489m,12%,12.225,2330Mi,60%,2070,51,51.75
Tue 10:43:00,495m,12%,12.375,2333Mi,60%,2103,52,52.575
Tue 10:44:00,520m,13%,13,2332Mi,60%,2103,52,52.575
Tue 10:45:00,514m,12%,12.85,2333Mi,60%,2103,52,52.575
Tue 10:46:00,496m,12%,12.4,2332Mi,60%,2070,51,51.75
Tue 10:47:00,506m,12%,12.65,2331Mi,60%,2103,52,52.575
Tue 10:48:00,499m,12%,12.475,2332Mi,60%,2103,52,52.575
Tue 10:49:00,516m,12%,12.9,2339Mi,60%,2103,52,52.575
Tue 10:50:00,520m,13%,13,2334Mi,60%,2070,51,51.75
Tue 10:51:00,495m,12%,12.375,2330Mi,60%,2103,52,52.575
Tue 10:52:00,509m,12%,12.725,2330Mi,60%,2103,52,52.575
Tue 10:53:00,512m,12%,12.8,2333Mi,60%,2103,52,52.575
Tue 10:54:00,527m,13%,13.175,2332Mi,60%,2070,51,51.75
Tue 10:55:00,491m,12%,12.275,2332Mi,60%,2103,52,52.575
Tue 10:56:01,514m,12%,12.85,2332Mi,60%,2103,52,52.575
Tue 10:57:00,512m,12%,12.8,2337Mi,60%,2103,52,52.575
Tue 10:58:00,488m,12%,12.2,2330Mi,60%,2070,51,51.75
Tue 10:59:00,500m,12%,12.5,2333Mi,60%,2103,52,52.575
Tue 11:00:00,512m,12%,12.8,2338Mi,60%,2103,52,52.575
Tue 11:01:00,508m,12%,12.7,2333Mi,60%,2103,52,52.575
Tue 11:02:00,506m,12%,12.65,2332Mi,60%,2070,51,51.75
Tue 11:03:00,499m,12%,12.475,2330Mi,60%,2103,52,52.575
Tue 11:04:00,511m,12%,12.775,2332Mi,60%,2103,52,52.575
Tue 11:05:00,507m,12%,12.675,2333Mi,60%,2103,52,52.575
Tue 11:06:00,510m,12%,12.75,2333Mi,60%,2070,51,51.75
Tue 11:07:00,512m,12%,12.8,2331Mi,60%,2103,52,52.575
Tue 11:08:00,501m,12%,12.525,2332Mi,60%,2103,52,52.575
Tue 11:09:00,510m,12%,12.75,2331Mi,60%,2103,52,52.575
Tue 11:10:00,483m,12%,12.075,2322Mi,60%,2070,51,51.75
Tue 11:11:00,501m,12%,12.525,2330Mi,60%,2103,52,52.575
Tue 11:12:00,508m,12%,12.7,2324Mi,60%,2136,53,53.4
Tue 11:13:00,510m,12%,12.75,2328Mi,60%,2136,53,53.4
Tue 11:14:00,496m,12%,12.4,2325Mi,60%,2103,52,52.575
Tue 11:15:01,517m,12%,12.925,2324Mi,60%,2103,52,52.575
Tue 11:16:00,519m,12%,12.975,2325Mi,60%,2136,53,53.4
Tue 11:17:00,512m,12%,12.8,2327Mi,60%,2136,53,53.4
Tue 11:18:00,533m,13%,13.325,2328Mi,60%,2103,52,52.575
Tue 11:19:00,537m,13%,13.425,2327Mi,60%,2103,52,52.575
Tue 11:20:00,494m,12%,12.35,2325Mi,60%,2136,53,53.4
Tue 11:21:00,519m,12%,12.975,2325Mi,60%,2136,53,53.4
Tue 11:22:00,490m,12%,12.25,2324Mi,60%,2103,52,52.575
Tue 11:23:00,517m,12%,12.925,2325Mi,60%,2103,52,52.575
Tue 11:24:00,515m,12%,12.875,2327Mi,60%,2136,53,53.4
Tue 11:25:00,509m,12%,12.725,2326Mi,60%,2136,53,53.4
Tue 11:26:00,487m,12%,12.175,2324Mi,60%,2103,52,52.575
Tue 11:27:00,518m,12%,12.95,2325Mi,60%,2103,52,52.575
Tue 11:28:00,522m,13%,13.05,2325Mi,60%,2136,53,53.4
Tue 11:29:00,525m,13%,13.125,2332Mi,60%,2136,53,53.4
Tue 11:30:00,511m,12%,12.775,2326Mi,60%,2103,52,52.575
Tue 11:31:00,508m,12%,12.7,2324Mi,60%,2103,52,52.575
Tue 11:32:00,515m,12%,12.875,2325Mi,60%,2136,53,53.4
Tue 11:33:00,512m,12%,12.8,2324Mi,60%,2136,53,53.4
Tue 11:34:00,512m,12%,12.8,2327Mi,60%,2103,52,52.575
Tue 11:35:00,504m,12%,12.6,2325Mi,60%,2103,52,52.575
Tue 11:36:00,526m,13%,13.15,2327Mi,60%,2136,53,53.4
Tue 11:37:00,497m,12%,12.425,2326Mi,60%,2136,53,53.4
Tue 11:38:00,510m,12%,12.75,2324Mi,60%,2103,52,52.575
Tue 11:39:00,519m,12%,12.975,2326Mi,60%,2103,52,52.575
Tue 11:40:00,499m,12%,12.475,2328Mi,60%,2136,53,53.4
Tue 11:41:00,510m,12%,12.75,2328Mi,60%,2136,53,53.4
Tue 11:42:00,512m,12%,12.8,2327Mi,60%,2103,52,52.575
Tue 11:43:00,498m,12%,12.45,2325Mi,60%,2103,52,52.575
Tue 11:44:00,526m,13%,13.15,2334Mi,60%,2136,53,53.4
Tue 11:45:00,509m,12%,12.725,2336Mi,60%,2136,53,53.4
Tue 11:46:00,531m,13%,13.275,2336Mi,60%,2103,52,52.575
Tue 11:47:00,506m,12%,12.65,2335Mi,60%,2103,52,52.575
Tue 11:48:00,503m,12%,12.575,2333Mi,60%,2136,53,53.4
Tue 11:49:00,518m,12%,12.95,2335Mi,60%,2136,53,53.4
Tue 11:50:00,495m,12%,12.375,2334Mi,60%,2103,52,52.575
Tue 11:51:00,532m,13%,13.3,2334Mi,60%,2103,52,52.575
Tue 11:52:00,508m,12%,12.7,2336Mi,60%,2136,53,53.4
Tue 11:53:00,504m,12%,12.6,2336Mi,60%,2136,53,53.4
Tue 11:54:00,500m,12%,12.5,2334Mi,60%,2103,52,52.575
Tue 11:55:00,521m,13%,13.025,2335Mi,60%,2103,52,52.575
Tue 11:56:00,546m,13%,13.65,2335Mi,60%,2136,53,53.4
Tue 11:57:00,568m,14%,14.2,2336Mi,60%,2136,53,53.4
Tue 11:58:00,511m,12%,12.775,2336Mi,60%,2103,52,52.575
Tue 11:59:00,498m,12%,12.45,2334Mi,60%,2103,52,52.575
Tue 12:00:00,523m,13%,13.075,2334Mi,60%,2136,53,53.4
Tue 12:01:00,515m,12%,12.875,2336Mi,60%,2136,53,53.4
Tue 12:02:00,529m,13%,13.225,2336Mi,60%,2103,52,52.575
Tue 12:03:00,499m,12%,12.475,2335Mi,60%,2103,52,52.575
Tue 12:04:00,505m,12%,12.625,2333Mi,60%,2136,53,53.4
Tue 12:05:01,502m,12%,12.55,2335Mi,60%,2136,53,53.4
Tue 12:06:00,497m,12%,12.425,2333Mi,60%,2103,52,52.575
Tue 12:07:00,510m,12%,12.75,2334Mi,60%,2103,52,52.575
Tue 12:08:00,527m,13%,13.175,2336Mi,60%,2136,53,53.4
Tue 12:09:00,521m,13%,13.025,2337Mi,60%,2136,53,53.4
Tue 12:10:00,492m,12%,12.3,2333Mi,60%,2103,52,52.575
Tue 12:11:00,512m,12%,12.8,2333Mi,60%,2037,50,50.925
Tue 12:12:00,539m,13%,13.475,2327Mi,60%,2037,50,50.925
Tue 12:13:01,512m,12%,12.8,2327Mi,60%,2037,50,50.925
Tue 12:14:00,518m,12%,12.95,2319Mi,60%,2037,50,50.925
Tue 12:15:00,471m,11%,11.775,2317Mi,60%,2037,50,50.925
Tue 12:16:00,506m,12%,12.65,2319Mi,60%,2037,50,50.925
Tue 12:17:00,519m,12%,12.975,2318Mi,60%,2037,50,50.925
Tue 12:18:00,509m,12%,12.725,2318Mi,60%,2037,50,50.925
Tue 12:19:00,534m,13%,13.35,2318Mi,60%,2037,50,50.925
Tue 12:20:00,526m,13%,13.15,2318Mi,60%,2037,50,50.925
Tue 12:21:00,528m,13%,13.2,2317Mi,60%,2037,50,50.925
Tue 12:22:00,512m,12%,12.8,2318Mi,60%,2037,50,50.925
Tue 12:23:00,535m,13%,13.375,2318Mi,60%,2037,50,50.925
Tue 12:24:00,543m,13%,13.575,2319Mi,60%,2037,50,50.925
Tue 12:25:00,517m,12%,12.925,2318Mi,60%,2037,50,50.925
Tue 12:26:00,522m,13%,13.05,2317Mi,60%,2037,50,50.925
Tue 12:27:00,499m,12%,12.475,2318Mi,60%,2037,50,50.925
Tue 12:28:00,538m,13%,13.45,2318Mi,60%,2037,50,50.925
Tue 12:29:00,520m,13%,13,2318Mi,60%,2037,50,50.925
Tue 12:30:00,521m,13%,13.025,2319Mi,60%,2037,50,50.925
Tue 12:31:00,488m,12%,12.2,2329Mi,60%,2037,50,50.925
Tue 12:32:00,488m,12%,12.2,2319Mi,60%,2037,50,50.925
Tue 12:33:00,496m,12%,12.4,2317Mi,60%,2037,50,50.925
Tue 12:34:00,505m,12%,12.625,2319Mi,60%,2037,50,50.925
Tue 12:35:00,509m,12%,12.725,2319Mi,60%,2037,50,50.925
Tue 12:36:00,504m,12%,12.6,2319Mi,60%,2037,50,50.925
Tue 12:37:00,511m,12%,12.775,2320Mi,60%,2037,50,50.925
Tue 12:38:00,503m,12%,12.575,2321Mi,60%,2037,50,50.925
Tue 12:39:01,544m,13%,13.6,2319Mi,60%,2037,50,50.925
Tue 12:40:00,530m,13%,13.25,2319Mi,60%,2037,50,50.925
Tue 12:41:00,520m,13%,13,2318Mi,60%,2037,50,50.925
Tue 12:42:00,530m,13%,13.25,2317Mi,60%,2037,50,50.925
Tue 12:43:00,499m,12%,12.475,2318Mi,60%,2037,50,50.925
Tue 12:44:00,535m,13%,13.375,2318Mi,60%,2037,50,50.925
Tue 12:45:00,526m,13%,13.15,2319Mi,60%,2037,50,50.925
Tue 12:46:01,536m,13%,13.4,2319Mi,60%,2037,50,50.925
Tue 12:47:00,517m,12%,12.925,2317Mi,60%,2037,50,50.925
Tue 12:48:00,493m,12%,12.325,2326Mi,60%,2037,50,50.925
Tue 12:49:00,498m,12%,12.45,2326Mi,60%,2037,50,50.925
Tue 12:50:00,481m,12%,12.025,2327Mi,60%,2037,50,50.925
Tue 12:51:00,503m,12%,12.575,2326Mi,60%,2037,50,50.925
Tue 12:52:00,502m,12%,12.55,2327Mi,60%,2037,50,50.925
Tue 12:53:00,507m,12%,12.675,2327Mi,60%,2037,50,50.925
Tue 12:54:00,483m,12%,12.075,2327Mi,60%,2037,50,50.925
Tue 12:55:00,489m,12%,12.225,2326Mi,60%,2037,50,50.925
Tue 12:56:00,501m,12%,12.525,2327Mi,60%,2037,50,50.925
Tue 12:57:00,500m,12%,12.5,2326Mi,60%,2037,50,50.925
Tue 12:58:00,518m,12%,12.95,2327Mi,60%,2037,50,50.925
Tue 12:59:00,472m,11%,11.8,2327Mi,60%,2037,50,50.925
Tue 13:00:00,501m,12%,12.525,2327Mi,60%,2037,50,50.925
Tue 13:01:00,501m,12%,12.525,2327Mi,60%,2037,50,50.925
Tue 13:02:00,493m,12%,12.325,2327Mi,60%,2037,50,50.925
Tue 13:03:00,509m,12%,12.725,2327Mi,60%,2037,50,50.925
Tue 13:04:00,508m,12%,12.7,2327Mi,60%,2037,50,50.925
Tue 13:05:00,502m,12%,12.55,2326Mi,60%,2037,50,50.925
Tue 13:06:00,482m,12%,12.05,2327Mi,60%,2037,50,50.925
Tue 13:07:00,528m,13%,13.2,2327Mi,60%,2037,50,50.925
Tue 13:08:00,546m,13%,13.65,2327Mi,60%,2037,50,50.925
Tue 13:09:00,538m,13%,13.45,2327Mi,60%,2037,50,50.925
Tue 13:10:00,519m,12%,12.975,2327Mi,60%,2037,50,50.925
Tue 13:11:00,508m,12%,12.7,2328Mi,60%,2004,50,50.1
Tue 13:12:01,541m,13%,13.525,2324Mi,60%,2004,50,50.1
Tue 13:13:00,523m,13%,13.075,2325Mi,60%,2037,50,50.925
Tue 13:14:00,545m,13%,13.625,2331Mi,60%,2004,50,50.1
Tue 13:15:00,509m,12%,12.725,2326Mi,60%,2004,50,50.1
Tue 13:16:01,487m,12%,12.175,2324Mi,60%,2004,50,50.1
Tue 13:17:00,498m,12%,12.45,2324Mi,60%,2037,50,50.925
Tue 13:18:00,489m,12%,12.225,2323Mi,60%,2004,50,50.1
Tue 13:19:00,529m,13%,13.225,2324Mi,60%,2004,50,50.1
Tue 13:20:01,515m,12%,12.875,2316Mi,60%,2004,50,50.1
Tue 13:21:00,485m,12%,12.125,2318Mi,60%,2037,50,50.925
Tue 13:22:00,471m,11%,11.775,2315Mi,60%,2004,50,50.1
Tue 13:23:00,573m,14%,14.325,2315Mi,60%,2004,50,50.1
Tue 13:24:00,573m,14%,14.325,2315Mi,60%,2004,50,50.1
Tue 13:25:00,526m,13%,13.15,2316Mi,60%,2037,50,50.925
Tue 13:26:00,521m,13%,13.025,2318Mi,60%,2004,50,50.1
Tue 13:27:01,511m,12%,12.775,2316Mi,60%,2004,50,50.1
Tue 13:28:00,528m,13%,13.2,2316Mi,60%,2004,50,50.1
Tue 13:29:00,526m,13%,13.15,2316Mi,60%,2037,50,50.925
Tue 13:30:00,531m,13%,13.275,2317Mi,60%,2004,50,50.1
Tue 13:31:01,515m,12%,12.875,2317Mi,60%,2004,50,50.1
Tue 13:32:01,516m,12%,12.9,2317Mi,60%,2004,50,50.1
Tue 13:33:00,525m,13%,13.125,2317Mi,60%,2037,50,50.925
Tue 13:34:00,493m,12%,12.325,2316Mi,60%,2004,50,50.1
Tue 13:35:00,498m,12%,12.45,2316Mi,60%,2004,50,50.1
Tue 13:36:00,509m,12%,12.725,2317Mi,60%,2004,50,50.1
Tue 13:37:00,489m,12%,12.225,2319Mi,60%,2037,50,50.925
Tue 13:38:00,486m,12%,12.15,2316Mi,60%,2004,50,50.1
Tue 13:39:00,503m,12%,12.575,2316Mi,60%,2004,50,50.1
Tue 13:40:00,499m,12%,12.475,2316Mi,60%,2004,50,50.1
Tue 13:41:00,502m,12%,12.55,2316Mi,60%,2037,50,50.925
Tue 13:42:00,492m,12%,12.3,2318Mi,60%,2004,50,50.1
Tue 13:43:00,495m,12%,12.375,2315Mi,60%,2004,50,50.1
Tue 13:44:00,497m,12%,12.425,2315Mi,60%,2004,50,50.1
Tue 13:45:00,503m,12%,12.575,2315Mi,60%,2037,50,50.925
Tue 13:46:00,506m,12%,12.65,2316Mi,60%,2004,50,50.1
Tue 13:47:00,496m,12%,12.4,2317Mi,60%,2004,50,50.1
Tue 13:48:00,496m,12%,12.4,2316Mi,60%,2004,50,50.1
Tue 13:49:00,487m,12%,12.175,2317Mi,60%,2037,50,50.925
Tue 13:50:00,488m,12%,12.2,2316Mi,60%,2004,50,50.1
Tue 13:51:00,502m,12%,12.55,2315Mi,60%,2004,50,50.1
Tue 13:52:00,509m,12%,12.725,2316Mi,60%,2004,50,50.1
Tue 13:53:00,510m,12%,12.75,2326Mi,60%,2037,50,50.925
Tue 13:54:00,498m,12%,12.45,2324Mi,60%,2004,50,50.1
Tue 13:55:01,528m,13%,13.2,2324Mi,60%,2004,50,50.1
Tue 13:56:00,532m,13%,13.3,2324Mi,60%,2004,50,50.1
Tue 13:57:00,528m,13%,13.2,2325Mi,60%,2037,50,50.925
Tue 13:58:00,520m,13%,13,2328Mi,60%,2004,50,50.1
Tue 13:59:00,522m,13%,13.05,2326Mi,60%,2004,50,50.1
Tue 14:00:00,503m,12%,12.575,2323Mi,60%,2004,50,50.1
Tue 14:01:00,527m,13%,13.175,2323Mi,60%,2004,50,50.1
Tue 14:02:00,502m,12%,12.55,2324Mi,60%,2004,50,50.1
Tue 14:03:00,487m,12%,12.175,2320Mi,60%,1971,49,49.275
Tue 14:04:00,506m,12%,12.65,2322Mi,60%,1938,48,48.45
Tue 14:05:00,451m,11%,11.275,2321Mi,60%,1971,49,49.275
Tue 14:06:00,470m,11%,11.75,2318Mi,60%,1938,48,48.45
Tue 14:07:00,501m,12%,12.525,2318Mi,60%,1905,47,47.625
Tue 14:08:00,468m,11%,11.7,2315Mi,60%,1905,47,47.625
Tue 14:09:00,486m,12%,12.15,2315Mi,60%,1905,47,47.625
Tue 14:10:00,468m,11%,11.7,2315Mi,60%,1872,46,46.8
Tue 14:11:00,455m,11%,11.375,2311Mi,60%,1905,47,47.625
Tue 14:12:00,485m,12%,12.125,2316Mi,60%,1905,47,47.625
Tue 14:13:00,460m,11%,11.5,2315Mi,60%,1872,46,46.8
Tue 14:14:00,465m,11%,11.625,2312Mi,60%,1905,47,47.625
Tue 14:15:00,481m,12%,12.025,2314Mi,60%,1905,47,47.625
Tue 14:16:00,464m,11%,11.6,2314Mi,60%,1872,46,46.8
Tue 14:17:00,461m,11%,11.525,2314Mi,60%,1905,47,47.625
Tue 14:18:00,468m,11%,11.7,2312Mi,60%,1905,47,47.625
Tue 14:19:00,519m,12%,12.975,2314Mi,60%,1872,46,46.8
Tue 14:20:00,456m,11%,11.4,2314Mi,60%,1905,47,47.625
Tue 14:21:00,471m,11%,11.775,2312Mi,60%,1905,47,47.625
Tue 14:22:00,479m,11%,11.975,2314Mi,60%,1872,46,46.8
Tue 14:23:00,453m,11%,11.325,2314Mi,60%,1905,47,47.625
Tue 14:24:00,490m,12%,12.25,2313Mi,60%,1905,47,47.625
Tue 14:25:00,462m,11%,11.55,2314Mi,60%,1872,46,46.8
Tue 14:26:00,461m,11%,11.525,2314Mi,60%,1905,47,47.625
Tue 14:27:01,485m,12%,12.125,2305Mi,59%,1905,47,47.625
Tue 14:28:00,468m,11%,11.7,2306Mi,60%,1872,46,46.8
Tue 14:29:00,463m,11%,11.575,2303Mi,59%,1905,47,47.625
Tue 14:30:00,491m,12%,12.275,2306Mi,60%,1905,47,47.625
Tue 14:31:01,454m,11%,11.35,2306Mi,60%,1872,46,46.8
Tue 14:32:00,472m,11%,11.8,2306Mi,60%,1905,47,47.625
Tue 14:33:00,459m,11%,11.475,2303Mi,59%,1905,47,47.625
Tue 14:34:00,499m,12%,12.475,2307Mi,60%,1872,46,46.8
Tue 14:35:01,449m,11%,11.225,2306Mi,60%,1905,47,47.625
Tue 14:36:00,464m,11%,11.6,2303Mi,59%,1905,47,47.625
Tue 14:37:00,480m,12%,12,2306Mi,60%,1872,46,46.8
Tue 14:38:01,454m,11%,11.35,2306Mi,60%,1905,47,47.625
Tue 14:39:00,479m,11%,11.975,2305Mi,60%,1905,47,47.625
Tue 14:40:00,475m,11%,11.875,2306Mi,60%,1872,46,46.8
Tue 14:41:00,458m,11%,11.45,2304Mi,59%,1905,47,47.625
Tue 14:42:00,498m,12%,12.45,2306Mi,60%,1905,47,47.625
Tue 14:43:00,449m,11%,11.225,2306Mi,60%,1872,46,46.8
Tue 14:44:00,466m,11%,11.65,2304Mi,59%,1905,47,47.625
Tue 14:45:00,474m,11%,11.85,2306Mi,60%,1905,47,47.625
Tue 14:46:00,456m,11%,11.4,2305Mi,60%,1872,46,46.8
Tue 14:47:00,459m,11%,11.475,2306Mi,60%,1905,47,47.625
Tue 14:48:00,464m,11%,11.6,2303Mi,59%,1905,47,47.625
Tue 14:49:00,492m,12%,12.3,2306Mi,60%,1872,46,46.8
Tue 14:50:00,462m,11%,11.55,2307Mi,60%,1905,47,47.625
Tue 14:51:00,457m,11%,11.425,2303Mi,59%,1905,47,47.625
Tue 14:52:00,506m,12%,12.65,2306Mi,60%,1872,46,46.8
Tue 14:53:00,474m,11%,11.85,2306Mi,60%,1905,47,47.625
Tue 14:54:00,516m,12%,12.9,2305Mi,60%,1905,47,47.625
Tue 14:55:00,486m,12%,12.15,2306Mi,60%,1872,46,46.8
Tue 14:56:00,488m,12%,12.2,2306Mi,60%,1905,47,47.625
Tue 14:57:00,505m,12%,12.625,2305Mi,60%,1905,47,47.625
Tue 14:58:01,506m,12%,12.65,2306Mi,60%,1872,46,46.8
Tue 14:59:00,478m,11%,11.95,2303Mi,59%,1905,47,47.625
Tue 15:00:00,524m,13%,13.1,2306Mi,60%,1905,47,47.625
Tue 15:01:00,483m,12%,12.075,2306Mi,60%,1905,47,47.625
Tue 15:02:00,484m,12%,12.1,2306Mi,60%,1905,47,47.625
Tue 15:03:00,506m,12%,12.65,2307Mi,60%,1938,48,48.45
Tue 15:04:01,458m,11%,11.45,2306Mi,60%,1905,47,47.625
Tue 15:05:00,491m,12%,12.275,2317Mi,60%,1938,48,48.45
Tue 15:06:00,464m,11%,11.6,2314Mi,60%,1938,48,48.45
Tue 15:07:00,482m,12%,12.05,2317Mi,60%,1938,48,48.45
Tue 15:08:00,478m,11%,11.95,2319Mi,60%,1938,48,48.45
Tue 15:09:00,475m,11%,11.875,2317Mi,60%,1971,49,49.275
Tue 15:10:00,502m,12%,12.55,2321Mi,60%,1938,48,48.45
Tue 15:11:00,472m,11%,11.8,2318Mi,60%,2004,50,50.1
Tue 15:12:00,484m,12%,12.1,2325Mi,60%,2004,50,50.1
Tue 15:13:00,464m,11%,11.6,2324Mi,60%,2004,50,50.1
Tue 15:14:01,501m,12%,12.525,2323Mi,60%,2004,50,50.1
Tue 15:15:00,475m,11%,11.875,2325Mi,60%,2004,50,50.1
Tue 15:16:00,458m,11%,11.45,2324Mi,60%,2004,50,50.1
Tue 15:17:00,519m,12%,12.975,2324Mi,60%,2004,50,50.1
Tue 15:18:00,597m,14%,14.925,2322Mi,60%,2037,50,50.925
Tue 15:19:00,715m,17%,17.875,2329Mi,60%,2004,50,50.1
Tue 15:20:00,530m,13%,13.25,2324Mi,60%,2004,50,50.1
Tue 15:21:00,453m,11%,11.325,2324Mi,60%,2004,50,50.1
Tue 15:22:00,524m,13%,13.1,2324Mi,60%,2004,50,50.1
Tue 15:23:00,457m,11%,11.425,2323Mi,60%,2004,50,50.1
Tue 15:24:00,510m,12%,12.75,2324Mi,60%,2004,50,50.1
Tue 15:25:00,492m,12%,12.3,2325Mi,60%,2004,50,50.1
Tue 15:26:00,484m,12%,12.1,2324Mi,60%,2004,50,50.1
Tue 15:27:00,502m,12%,12.55,2324Mi,60%,2004,50,50.1
Tue 15:28:00,478m,11%,11.95,2323Mi,60%,2037,50,50.925
Tue 15:29:00,497m,12%,12.425,2325Mi,60%,2004,50,50.1
Tue 15:30:00,472m,11%,11.8,2323Mi,60%,2004,50,50.1
Tue 15:31:01,508m,12%,12.7,2324Mi,60%,2004,50,50.1
Tue 15:32:00,472m,11%,11.8,2324Mi,60%,2004,50,50.1
Tue 15:33:00,487m,12%,12.175,2325Mi,60%,2004,50,50.1
Tue 15:34:00,479m,11%,11.975,2324Mi,60%,2004,50,50.1
Tue 15:35:00,505m,12%,12.625,2325Mi,60%,2037,50,50.925
Tue 15:36:00,466m,11%,11.65,2324Mi,60%,2004,50,50.1
Tue 15:37:00,508m,12%,12.7,2325Mi,60%,2037,50,50.925
Tue 15:38:00,477m,11%,11.925,2324Mi,60%,2004,50,50.1
Tue 15:39:00,511m,12%,12.775,2316Mi,60%,2037,50,50.925
Tue 15:40:00,476m,11%,11.9,2315Mi,60%,2004,50,50.1
Tue 15:41:00,507m,12%,12.675,2316Mi,60%,2004,50,50.1
Tue 15:42:00,505m,12%,12.625,2315Mi,60%,2004,50,50.1
Tue 15:43:00,481m,12%,12.025,2316Mi,60%,2004,50,50.1
Tue 15:44:00,513m,12%,12.825,2317Mi,60%,2004,50,50.1
Tue 15:45:00,464m,11%,11.6,2316Mi,60%,2004,50,50.1
Tue 15:46:00,503m,12%,12.575,2316Mi,60%,2004,50,50.1
Tue 15:47:00,464m,11%,11.6,2322Mi,60%,2004,50,50.1
Tue 15:48:00,476m,11%,11.9,2316Mi,60%,2004,50,50.1
Tue 15:49:00,505m,12%,12.625,2316Mi,60%,2004,50,50.1
Tue 15:50:00,502m,12%,12.55,2316Mi,60%,2004,50,50.1
Tue 15:51:00,474m,11%,11.85,2316Mi,60%,2004,50,50.1
Tue 15:52:00,515m,12%,12.875,2317Mi,60%,2004,50,50.1
Tue 15:53:00,462m,11%,11.55,2317Mi,60%,2004,50,50.1
Tue 15:54:00,514m,12%,12.85,2317Mi,60%,2037,50,50.925
Tue 15:55:00,461m,11%,11.525,2316Mi,60%,2004,50,50.1
Tue 15:56:00,532m,13%,13.3,2317Mi,60%,2004,50,50.1
Tue 15:57:01,478m,11%,11.95,2317Mi,60%,2004,50,50.1
Tue 15:58:00,499m,12%,12.475,2317Mi,60%,2004,50,50.1
Tue 15:59:00,510m,12%,12.75,2317Mi,60%,2004,50,50.1
Tue 16:00:00,484m,12%,12.1,2316Mi,60%,2004,50,50.1
Tue 16:01:01,543m,13%,13.575,2316Mi,60%,2004,50,50.1
Tue 16:02:01,521m,13%,13.025,2318Mi,60%,2004,50,50.1
Tue 16:03:00,505m,12%,12.625,2319Mi,60%,2037,50,50.925
Tue 16:04:00,533m,13%,13.325,2317Mi,60%,2037,50,50.925
Tue 16:05:00,493m,12%,12.325,2319Mi,60%,2037,50,50.925
Tue 16:06:00,541m,13%,13.525,2319Mi,60%,2037,50,50.925
Tue 16:07:00,526m,13%,13.15,2320Mi,60%,2070,51,51.75
Tue 16:08:00,525m,13%,13.125,2322Mi,60%,2070,51,51.75
Tue 16:09:00,511m,12%,12.775,2319Mi,60%,2070,51,51.75
Tue 16:10:00,497m,12%,12.425,2322Mi,60%,2070,51,51.75
Tue 16:11:00,510m,12%,12.75,2322Mi,60%,2070,51,51.75
Tue 16:12:00,525m,13%,13.125,2322Mi,60%,2070,51,51.75
Tue 16:13:00,505m,12%,12.625,2321Mi,60%,2037,50,50.925
Tue 16:14:00,507m,12%,12.675,2329Mi,60%,2070,51,51.75
Tue 16:15:00,493m,12%,12.325,2327Mi,60%,2070,51,51.75
Tue 16:16:00,509m,12%,12.725,2326Mi,60%,2070,51,51.75
Tue 16:17:00,504m,12%,12.6,2327Mi,60%,2037,50,50.925
Tue 16:18:00,514m,12%,12.85,2327Mi,60%,2070,51,51.75
Tue 16:19:00,518m,12%,12.95,2327Mi,60%,2070,51,51.75
Tue 16:20:00,499m,12%,12.475,2326Mi,60%,2070,51,51.75
Tue 16:21:00,482m,12%,12.05,2325Mi,60%,2037,50,50.925
Tue 16:22:00,513m,12%,12.825,2327Mi,60%,2070,51,51.75
Tue 16:23:00,512m,12%,12.8,2327Mi,60%,2070,51,51.75
Tue 16:24:00,524m,13%,13.1,2328Mi,60%,2070,51,51.75
Tue 16:25:00,476m,11%,11.9,2325Mi,60%,2037,50,50.925
Tue 16:26:00,504m,12%,12.6,2332Mi,60%,2070,51,51.75
Tue 16:27:00,497m,12%,12.425,2327Mi,60%,2070,51,51.75
Tue 16:28:00,524m,13%,13.1,2327Mi,60%,2070,51,51.75
Tue 16:29:00,515m,12%,12.875,2327Mi,60%,2070,51,51.75
Tue 16:30:00,493m,12%,12.325,2325Mi,60%,2070,51,51.75
Tue 16:31:00,503m,12%,12.575,2327Mi,60%,2070,51,51.75
Tue 16:32:00,507m,12%,12.675,2327Mi,60%,2070,51,51.75
Tue 16:33:00,483m,12%,12.075,2327Mi,60%,2070,51,51.75
Tue 16:34:00,508m,12%,12.7,2327Mi,60%,2070,51,51.75
Tue 16:35:00,522m,13%,13.05,2326Mi,60%,2070,51,51.75
Tue 16:36:00,509m,12%,12.725,2326Mi,60%,2070,51,51.75
Tue 16:37:00,477m,11%,11.925,2325Mi,60%,2037,50,50.925
Tue 16:38:00,504m,12%,12.6,2327Mi,60%,2070,51,51.75
Tue 16:39:00,542m,13%,13.55,2326Mi,60%,2070,51,51.75
Tue 16:40:00,525m,13%,13.125,2327Mi,60%,2070,51,51.75
Tue 16:41:00,524m,13%,13.1,2326Mi,60%,2037,50,50.925
Tue 16:42:00,504m,12%,12.6,2327Mi,60%,2070,51,51.75
Tue 16:43:01,545m,13%,13.625,2327Mi,60%,2070,51,51.75
Tue 16:44:00,536m,13%,13.4,2327Mi,60%,2070,51,51.75
Tue 16:45:00,522m,13%,13.05,2328Mi,60%,2037,50,50.925
Tue 16:46:00,519m,12%,12.975,2316Mi,60%,2070,51,51.75
Tue 16:47:01,517m,12%,12.925,2319Mi,60%,2070,51,51.75
Tue 16:48:00,508m,12%,12.7,2319Mi,60%,2070,51,51.75
Tue 16:49:00,488m,12%,12.2,2319Mi,60%,2070,51,51.75
Tue 16:50:00,506m,12%,12.65,2319Mi,60%,2070,51,51.75
Tue 16:51:00,518m,12%,12.95,2319Mi,60%,2070,51,51.75
Tue 16:52:00,512m,12%,12.8,2318Mi,60%,2070,51,51.75
Tue 16:53:00,481m,12%,12.025,2317Mi,60%,2070,51,51.75
Tue 16:54:00,510m,12%,12.75,2319Mi,60%,2070,51,51.75
Tue 16:55:00,524m,13%,13.1,2319Mi,60%,2070,51,51.75
Tue 16:56:00,510m,12%,12.75,2319Mi,60%,2070,51,51.75
Tue 16:57:00,491m,12%,12.275,2318Mi,60%,2037,50,50.925
Tue 16:58:00,489m,12%,12.225,2320Mi,60%,2070,51,51.75
Tue 16:59:00,514m,12%,12.85,2319Mi,60%,2070,51,51.75
Tue 17:00:00,512m,12%,12.8,2319Mi,60%,2070,51,51.75
Tue 17:01:00,509m,12%,12.725,2319Mi,60%,1938,48,48.45
Tue 17:02:00,394m,9%,9.85,2308Mi,60%,1839,45,45.975
Tue 17:03:00,370m,9%,9.25,2298Mi,59%,1707,42,42.675
Tue 17:04:00,377m,9%,9.425,2285Mi,59%,1575,39,39.375
Tue 17:05:00,335m,8%,8.375,2276Mi,59%,1443,36,36.075
Tue 17:06:00,346m,8%,8.65,2263Mi,58%,1344,33,33.6
Tue 17:07:00,330m,8%,8.25,2250Mi,58%,1212,30,30.3
Tue 17:08:00,327m,8%,8.175,2237Mi,58%,1080,27,27
Tue 17:09:00,297m,7%,7.425,2225Mi,57%,948,23,23.7
Tue 17:10:00,296m,7%,7.4,2212Mi,57%,849,21,21.225
Tue 17:11:00,276m,6%,6.9,2199Mi,57%,750,18,18.75
Tue 17:12:00,265m,6%,6.625,2189Mi,56%,750,18,18.75
Tue 17:13:00,225m,5%,5.625,2188Mi,56%,750,18,18.75
Tue 17:14:01,226m,5%,5.65,2188Mi,56%,750,18,18.75
Tue 17:15:00,219m,5%,5.475,2187Mi,56%,750,18,18.75
