Fri 16:50:01,200m,5%,5,1672Mi,43%,750,18,18.75
Fri 16:51:00,202m,5%,5.05,1672Mi,43%,750,18,18.75
Fri 16:52:00,231m,5%,5.775,1672Mi,43%,750,18,18.75
Fri 16:53:00,207m,5%,5.175,1672Mi,43%,750,18,18.75
Fri 16:54:00,207m,5%,5.175,1672Mi,43%,750,18,18.75
Fri 16:55:00,204m,5%,5.1,1672Mi,43%,750,18,18.75
Fri 16:56:00,203m,5%,5.075,1672Mi,43%,750,18,18.75
Fri 16:57:00,207m,5%,5.175,1672Mi,43%,750,18,18.75
Fri 16:58:00,206m,5%,5.15,1672Mi,43%,750,18,18.75
Fri 16:59:00,204m,5%,5.1,1672Mi,43%,750,18,18.75
Fri 17:00:01,215m,5%,5.375,1672Mi,43%,750,18,18.75
Fri 17:01:00,227m,5%,5.675,1672Mi,43%,814,20,20.35
Fri 17:02:00,526m,13%,13.15,1680Mi,43%,846,21,21.15
Fri 17:03:00,761m,19%,19.025,1694Mi,44%,894,22,22.35
Fri 17:04:00,1041m,26%,26.025,1732Mi,45%,974,24,24.35
Fri 17:05:00,626m,15%,15.65,1776Mi,46%,1070,26,26.75
Fri 17:06:00,550m,13%,13.75,1792Mi,46%,1134,28,28.35
Fri 17:07:00,566m,14%,14.15,1821Mi,47%,1214,30,30.35
Fri 17:08:00,556m,13%,13.9,1853Mi,48%,1294,32,32.35
Fri 17:09:00,622m,15%,15.55,1862Mi,48%,1406,35,35.15
Fri 17:10:00,684m,17%,17.1,1893Mi,49%,1518,37,37.95
Fri 17:11:00,703m,17%,17.575,1921Mi,50%,1614,40,40.35
Fri 17:12:00,717m,17%,17.925,1952Mi,50%,1694,42,42.35
Fri 17:13:00,723m,18%,18.075,1982Mi,51%,1758,43,43.95
Fri 17:14:00,679m,16%,16.975,1996Mi,51%,1598,39,39.95
Fri 17:15:00,1534m,38%,38.35,2001Mi,52%,1614,40,40.35
Fri 17:16:01,1579m,39%,39.475,2004Mi,52%,1598,39,39.95
Fri 17:17:00,1870m,46%,46.75,1987Mi,51%,1566,39,39.15
Fri 17:18:00,1801m,45%,45.025,1991Mi,51%,1582,39,39.55
Fri 17:19:00,1919m,47%,47.975,2006Mi,52%,1566,39,39.15
Fri 17:20:00,1956m,48%,48.9,2001Mi,52%,1518,37,37.95
Fri 17:21:00,2095m,52%,52.375,1999Mi,52%,1518,37,37.95
Fri 17:22:00,2100m,52%,52.5,2000Mi,52%,1502,37,37.55
Fri 17:23:00,2053m,51%,51.325,1996Mi,51%,1550,38,38.75
Fri 17:24:00,1585m,39%,39.625,1995Mi,51%,1518,37,37.95
Fri 17:25:00,2009m,50%,50.225,2003Mi,52%,1518,37,37.95
Fri 17:26:00,1898m,47%,47.45,2004Mi,52%,1534,38,38.35
Fri 17:27:00,1697m,42%,42.425,2018Mi,52%,1630,40,40.75
Fri 17:28:00,1407m,35%,35.175,2036Mi,52%,1566,39,39.15
Fri 17:29:00,2108m,52%,52.7,2025Mi,52%,1582,39,39.55
Fri 17:30:00,2095m,52%,52.375,2025Mi,52%,1614,40,40.35
Fri 17:31:00,1626m,40%,40.65,2043Mi,53%,1662,41,41.55
Fri 17:32:01,2159m,53%,53.975,2060Mi,53%,1662,41,41.55
Fri 17:33:00,2095m,52%,52.375,2062Mi,53%,1646,41,41.15
Fri 17:34:00,2139m,53%,53.475,2056Mi,53%,1646,41,41.15
Fri 17:35:00,2092m,52%,52.3,2045Mi,53%,1710,42,42.75
Fri 17:36:00,1828m,45%,45.7,2068Mi,53%,1694,42,42.35
Fri 17:37:00,2172m,54%,54.3,2062Mi,53%,1662,41,41.55
Fri 17:38:00,2121m,53%,53.025,2060Mi,53%,1630,40,40.75
Fri 17:39:00,2120m,53%,53,2068Mi,53%,1598,39,39.95
Fri 17:40:00,2062m,51%,51.55,2054Mi,53%,1630,40,40.75
Fri 17:41:00,2123m,53%,53.075,2066Mi,53%,1566,39,39.15
Fri 17:42:00,2141m,53%,53.525,2055Mi,53%,1550,38,38.75
Fri 17:43:00,2127m,53%,53.175,2047Mi,53%,1534,38,38.35
Fri 17:44:00,2129m,53%,53.225,2047Mi,53%,1566,39,39.15
Fri 17:45:00,2081m,52%,52.025,2057Mi,53%,1534,38,38.35
Fri 17:46:00,2121m,53%,53.025,2060Mi,53%,1486,37,37.15
Fri 17:47:01,2121m,53%,53.025,2054Mi,53%,1454,36,36.35
Fri 17:48:00,2059m,51%,51.475,2031Mi,52%,1502,37,37.55
Fri 17:49:00,2093m,52%,52.325,2057Mi,53%,1502,37,37.55
Fri 17:50:00,1897m,47%,47.425,2051Mi,53%,1534,38,38.35
Fri 17:51:00,2143m,53%,53.575,2067Mi,53%,1534,38,38.35
Fri 17:52:00,2110m,52%,52.75,2068Mi,53%,1454,36,36.35
Fri 17:53:00,2071m,51%,51.775,2052Mi,53%,1486,37,37.15
Fri 17:54:01,2061m,51%,51.525,2058Mi,53%,1454,36,36.35
Fri 17:55:00,2101m,52%,52.525,2052Mi,53%,1470,36,36.75
Fri 17:56:00,2141m,53%,53.525,2057Mi,53%,1406,35,35.15
Fri 17:57:00,2016m,50%,50.4,2047Mi,53%,1438,35,35.95
Fri 17:58:00,1912m,47%,47.8,2050Mi,53%,1390,34,34.75
Fri 17:59:01,2024m,50%,50.6,2057Mi,53%,1326,33,33.15
Fri 18:00:00,1998m,49%,49.95,2027Mi,52%,1326,33,33.15
Fri 18:01:00,2100m,52%,52.5,2034Mi,52%,1342,33,33.55
Fri 18:02:00,2080m,52%,52,2041Mi,53%,1374,34,34.35
Fri 18:03:00,2102m,52%,52.55,2043Mi,53%,1422,35,35.55
Fri 18:04:00,2097m,52%,52.425,2063Mi,53%,1374,34,34.35
Fri 18:05:00,2011m,50%,50.275,2052Mi,53%,1358,33,33.95
Fri 18:06:00,2086m,52%,52.15,2043Mi,53%,1390,34,34.75
Fri 18:07:00,2082m,52%,52.05,2052Mi,53%,1406,35,35.15
Fri 18:08:01,1907m,47%,47.675,2061Mi,53%,1406,35,35.15
Fri 18:09:00,2082m,52%,52.05,2062Mi,53%,1470,36,36.75
Fri 18:10:00,1698m,42%,42.45,2060Mi,53%,1438,35,35.95
Fri 18:11:00,1803m,45%,45.075,2072Mi,53%,1438,35,35.95
Fri 18:12:00,2084m,52%,52.1,2067Mi,53%,1422,35,35.55
Fri 18:13:00,2067m,51%,51.675,2064Mi,53%,1406,35,35.15
Fri 18:14:00,2090m,52%,52.25,2060Mi,53%,1406,35,35.15
Fri 18:15:00,2059m,51%,51.475,2060Mi,53%,1406,35,35.15
Fri 18:16:00,2054m,51%,51.35,2064Mi,53%,1438,35,35.95
Fri 18:17:00,2123m,53%,53.075,2072Mi,53%,1454,36,36.35
Fri 18:18:00,2105m,52%,52.625,2065Mi,53%,1470,36,36.75
Fri 18:19:00,2088m,52%,52.2,2076Mi,54%,1502,37,37.55
Fri 18:20:00,2100m,52%,52.5,2084Mi,54%,1470,36,36.75
Fri 18:21:00,2045m,51%,51.125,2070Mi,53%,1518,37,37.95
Fri 18:22:00,2134m,53%,53.35,2092Mi,54%,1582,39,39.55
Fri 18:23:00,2156m,53%,53.9,2103Mi,54%,1582,39,39.55
Fri 18:24:00,2096m,52%,52.4,2112Mi,54%,1566,39,39.15
Fri 18:25:00,2095m,52%,52.375,2109Mi,54%,1598,39,39.95
Fri 18:26:00,2102m,52%,52.55,2117Mi,55%,1566,39,39.15
Fri 18:27:00,2098m,52%,52.45,2100Mi,54%,1566,39,39.15
Fri 18:28:00,2087m,52%,52.175,2113Mi,55%,1550,38,38.75
Fri 18:29:00,2136m,53%,53.4,2112Mi,54%,1534,38,38.35
Fri 18:30:00,2104m,52%,52.6,2098Mi,54%,1534,38,38.35
Fri 18:31:00,2109m,52%,52.725,2111Mi,54%,1550,38,38.75
Fri 18:32:00,2109m,52%,52.725,2094Mi,54%,1534,38,38.35
Fri 18:33:00,2139m,53%,53.475,2117Mi,55%,1470,36,36.75
Fri 18:34:00,2094m,52%,52.35,2089Mi,54%,1470,36,36.75
Fri 18:35:00,2113m,52%,52.825,2087Mi,54%,1422,35,35.55
Fri 18:36:00,1999m,49%,49.975,2085Mi,54%,1422,35,35.55
Fri 18:37:00,2046m,51%,51.15,2087Mi,54%,1406,35,35.15
Fri 18:38:00,2119m,52%,52.975,2083Mi,54%,1438,35,35.95
Fri 18:39:00,2064m,51%,51.6,2091Mi,54%,1422,35,35.55
Fri 18:40:00,2117m,52%,52.925,2078Mi,54%,1438,35,35.95
Fri 18:41:00,2115m,52%,52.875,2093Mi,54%,1422,35,35.55
Fri 18:42:00,2121m,53%,53.025,2079Mi,54%,1406,35,35.15
Fri 18:43:00,2129m,53%,53.225,2091Mi,54%,1438,35,35.95
Fri 18:44:00,2097m,52%,52.425,2092Mi,54%,1454,36,36.35
Fri 18:45:00,2068m,51%,51.7,2091Mi,54%,1534,38,38.35
Fri 18:46:00,2105m,52%,52.625,2106Mi,54%,1566,39,39.15
Fri 18:47:00,2128m,53%,53.2,2108Mi,54%,1662,41,41.55
Fri 18:48:01,2133m,53%,53.325,2138Mi,55%,1630,40,40.75
Fri 18:49:00,2150m,53%,53.75,2126Mi,55%,1598,39,39.95
Fri 18:50:00,2054m,51%,51.35,2126Mi,55%,1598,39,39.95
Fri 18:51:00,2089m,52%,52.225,2130Mi,55%,1614,40,40.35
Fri 18:52:00,2173m,54%,54.325,2138Mi,55%,1566,39,39.15
Fri 18:53:00,2067m,51%,51.675,2119Mi,55%,1582,39,39.55
Fri 18:54:00,2162m,54%,54.05,2133Mi,55%,1582,39,39.55
Fri 18:55:00,2155m,53%,53.875,2131Mi,55%,1518,37,37.95
Fri 18:56:00,2065m,51%,51.625,2117Mi,55%,1470,36,36.75
Fri 18:57:00,2090m,52%,52.25,2114Mi,55%,1470,36,36.75
Fri 18:58:00,2094m,52%,52.35,2112Mi,54%,1470,36,36.75
Fri 18:59:00,2164m,54%,54.1,2112Mi,54%,1518,37,37.95
Fri 19:00:00,2082m,52%,52.05,2120Mi,55%,1518,37,37.95
Fri 19:01:00,2092m,52%,52.3,2121Mi,55%,1518,37,37.95
Fri 19:02:00,2126m,53%,53.15,2121Mi,55%,1566,39,39.15
Fri 19:03:01,2136m,53%,53.4,2135Mi,55%,1534,38,38.35
Fri 19:04:00,2146m,53%,53.65,2121Mi,55%,1566,39,39.15
Fri 19:05:00,2116m,52%,52.9,2135Mi,55%,1582,39,39.55
Fri 19:06:00,2129m,53%,53.225,2139Mi,55%,1646,41,41.15
Fri 19:07:00,2115m,52%,52.875,2140Mi,55%,1582,39,39.55
Fri 19:08:00,2062m,51%,51.55,2139Mi,55%,1566,39,39.15
Fri 19:09:00,2098m,52%,52.45,2133Mi,55%,1582,39,39.55
Fri 19:10:00,2100m,52%,52.5,2130Mi,55%,1486,37,37.15
Fri 19:11:00,2157m,53%,53.925,2118Mi,55%,1422,35,35.55
Fri 19:12:00,2096m,52%,52.4,2110Mi,54%,1390,34,34.75
Fri 19:13:00,2131m,53%,53.275,2109Mi,54%,1342,33,33.55
Fri 19:14:00,2047m,51%,51.175,2086Mi,54%,1294,32,32.35
Fri 19:15:00,1999m,49%,49.975,2088Mi,54%,1198,29,29.95
Fri 19:16:00,2042m,51%,51.05,2059Mi,53%,1262,31,31.55
Fri 19:17:00,2033m,50%,50.825,2091Mi,54%,1310,32,32.75
Fri 19:18:00,2089m,52%,52.225,2099Mi,54%,1278,31,31.95
Fri 19:19:00,2026m,50%,50.65,2093Mi,54%,1262,31,31.55
Fri 19:20:00,2077m,51%,51.925,2086Mi,54%,1262,31,31.55
Fri 19:21:00,2045m,51%,51.125,2085Mi,54%,1294,32,32.35
Fri 19:22:00,2085m,52%,52.125,2100Mi,54%,1342,33,33.55
Fri 19:23:00,2100m,52%,52.5,2105Mi,54%,1358,33,33.95
Fri 19:24:00,2078m,51%,51.95,2116Mi,55%,1406,35,35.15
Fri 19:25:00,2047m,51%,51.175,2128Mi,55%,1422,35,35.55
Fri 19:26:00,2058m,51%,51.45,2115Mi,55%,1406,35,35.15
Fri 19:27:00,2127m,53%,53.175,2118Mi,55%,1406,35,35.15
Fri 19:28:00,2066m,51%,51.65,2117Mi,55%,1454,36,36.35
Fri 19:29:00,2164m,54%,54.1,2124Mi,55%,1454,36,36.35
Fri 19:30:00,2075m,51%,51.875,2140Mi,55%,1470,36,36.75
Fri 19:31:00,2096m,52%,52.4,2142Mi,55%,1454,36,36.35
Fri 19:32:01,2176m,54%,54.4,2141Mi,55%,1454,36,36.35
Fri 19:33:01,2108m,52%,52.7,2131Mi,55%,1422,35,35.55
Fri 19:34:00,2085m,52%,52.125,2136Mi,55%,1454,36,36.35
Fri 19:35:00,2123m,53%,53.075,2141Mi,55%,1470,36,36.75
Fri 19:36:00,2137m,53%,53.425,2127Mi,55%,1470,36,36.75
Fri 19:37:00,2100m,52%,52.5,2140Mi,55%,1470,36,36.75
Fri 19:38:00,2113m,52%,52.825,2137Mi,55%,1438,35,35.95
Fri 19:39:00,2124m,53%,53.1,2140Mi,55%,1422,35,35.55
Fri 19:40:00,2082m,52%,52.05,2131Mi,55%,1438,35,35.95
Fri 19:41:00,2071m,51%,51.775,2139Mi,55%,1422,35,35.55
Fri 19:42:00,2149m,53%,53.725,2138Mi,55%,1374,34,34.35
Fri 19:43:00,2065m,51%,51.625,2119Mi,55%,1422,35,35.55
Fri 19:44:00,2111m,52%,52.775,2136Mi,55%,1374,34,34.35
Fri 19:45:00,2072m,51%,51.8,2141Mi,55%,1374,34,34.35
Fri 19:46:00,2100m,52%,52.5,2134Mi,55%,1374,34,34.35
Fri 19:47:00,2109m,52%,52.725,2133Mi,55%,1342,33,33.55
Fri 19:48:00,2025m,50%,50.625,2127Mi,55%,1326,33,33.15
Fri 19:49:00,2071m,51%,51.775,2130Mi,55%,1326,33,33.15
Fri 19:50:00,2028m,50%,50.7,2130Mi,55%,1326,33,33.15
Fri 19:51:00,2105m,52%,52.625,2119Mi,55%,1326,33,33.15
Fri 19:52:00,2075m,51%,51.875,2127Mi,55%,1374,34,34.35
Fri 19:53:00,2105m,52%,52.625,2131Mi,55%,1390,34,34.75
Fri 19:54:01,2112m,52%,52.8,2135Mi,55%,1342,33,33.55
Fri 19:55:01,2069m,51%,51.725,2140Mi,55%,1374,34,34.35
Fri 19:56:00,2090m,52%,52.25,2137Mi,55%,1374,34,34.35
Fri 19:57:00,2071m,51%,51.775,2140Mi,55%,1422,35,35.55
Fri 19:58:00,2106m,52%,52.65,2152Mi,56%,1390,34,34.75
Fri 19:59:00,2064m,51%,51.6,2130Mi,55%,1406,35,35.15
Fri 20:00:00,2036m,50%,50.9,2135Mi,55%,1390,34,34.75
Fri 20:01:00,2120m,53%,53,2141Mi,55%,1374,34,34.35
Fri 20:02:00,2100m,52%,52.5,2142Mi,55%,1326,33,33.15
Fri 20:03:00,2067m,51%,51.675,2128Mi,55%,1326,33,33.15
Fri 20:04:00,2109m,52%,52.725,2121Mi,55%,1342,33,33.55
Fri 20:05:00,2060m,51%,51.5,2136Mi,55%,1326,33,33.15
Fri 20:06:00,2071m,51%,51.775,2134Mi,55%,1310,32,32.75
Fri 20:07:00,2116m,52%,52.9,2132Mi,55%,1310,32,32.75
Fri 20:08:00,2053m,51%,51.325,2135Mi,55%,1326,33,33.15
Fri 20:09:00,2055m,51%,51.375,2138Mi,55%,1294,32,32.35
Fri 20:10:00,2108m,52%,52.7,2122Mi,55%,1262,31,31.55
Fri 20:11:00,2009m,50%,50.225,2115Mi,55%,1326,33,33.15
Fri 20:12:00,2152m,53%,53.8,2139Mi,55%,1294,32,32.35
Fri 20:13:00,2041m,51%,51.025,2122Mi,55%,1278,31,31.95
Fri 20:14:00,2083m,52%,52.075,2123Mi,55%,1326,33,33.15
Fri 20:15:00,2085m,52%,52.125,2125Mi,55%,1310,32,32.75
Fri 20:16:00,2073m,51%,51.825,2132Mi,55%,1294,32,32.35
Fri 20:17:00,2042m,51%,51.05,2143Mi,55%,1278,31,31.95
Fri 20:18:00,2065m,51%,51.625,2143Mi,55%,1278,31,31.95
Fri 20:19:00,2029m,50%,50.725,2134Mi,55%,1326,33,33.15
Fri 20:20:00,2092m,52%,52.3,2152Mi,56%,1358,33,33.95
Fri 20:21:00,2086m,52%,52.15,2159Mi,56%,1294,32,32.35
Fri 20:22:00,1999m,49%,49.975,2138Mi,55%,1310,32,32.75
Fri 20:23:00,2109m,52%,52.725,2150Mi,55%,1294,32,32.35
Fri 20:24:00,2053m,51%,51.325,2145Mi,55%,1278,31,31.95
Fri 20:25:00,2126m,53%,53.15,2144Mi,55%,1310,32,32.75
Fri 20:26:00,2025m,50%,50.625,2136Mi,55%,1310,32,32.75
Fri 20:27:00,2105m,52%,52.625,2137Mi,55%,1358,33,33.95
Fri 20:28:00,2107m,52%,52.675,2162Mi,56%,1326,33,33.15
Fri 20:29:00,2057m,51%,51.425,2156Mi,56%,1310,32,32.75
Fri 20:30:00,2106m,52%,52.65,2154Mi,56%,1342,33,33.55
Fri 20:31:00,2032m,50%,50.8,2157Mi,56%,1374,34,34.35
Fri 20:32:00,2129m,53%,53.225,2167Mi,56%,1358,33,33.95
Fri 20:33:01,2069m,51%,51.725,2153Mi,56%,1310,32,32.75
Fri 20:34:01,1508m,37%,37.7,2143Mi,55%,1310,32,32.75
Fri 20:35:00,2025m,50%,50.625,2135Mi,55%,1294,32,32.35
Fri 20:36:00,2077m,51%,51.925,2131Mi,55%,1294,32,32.35
Fri 20:37:00,2095m,52%,52.375,2142Mi,55%,1278,31,31.95
Fri 20:38:00,2085m,52%,52.125,2135Mi,55%,1262,31,31.55
Fri 20:39:00,2046m,51%,51.15,2132Mi,55%,1262,31,31.55
Fri 20:40:00,2064m,51%,51.6,2144Mi,55%,1230,30,30.75
Fri 20:41:00,2009m,50%,50.225,2137Mi,55%,1198,29,29.95
Fri 20:42:00,2148m,53%,53.7,2125Mi,55%,1246,31,31.15
Fri 20:43:00,2065m,51%,51.625,2142Mi,55%,1310,32,32.75
Fri 20:44:00,2075m,51%,51.875,2138Mi,55%,1310,32,32.75
Fri 20:45:00,2089m,52%,52.225,2154Mi,56%,1278,31,31.95
Fri 20:46:00,2073m,51%,51.825,2150Mi,55%,1294,32,32.35
Fri 20:47:00,2044m,51%,51.1,2155Mi,56%,1278,31,31.95
Fri 20:48:00,2037m,50%,50.925,2141Mi,55%,1262,31,31.55
Fri 20:49:00,2066m,51%,51.65,2151Mi,55%,1310,32,32.75
Fri 20:50:00,2032m,50%,50.8,2148Mi,55%,1294,32,32.35
Fri 20:51:00,2074m,51%,51.85,2147Mi,55%,1262,31,31.55
Fri 20:52:00,2001m,50%,50.025,2144Mi,55%,1198,29,29.95
Fri 20:53:00,2054m,51%,51.35,2141Mi,55%,1214,30,30.35
Fri 20:54:00,2124m,53%,53.1,2139Mi,55%,1214,30,30.35
Fri 20:55:00,2045m,51%,51.125,2138Mi,55%,1214,30,30.35
Fri 20:56:00,2067m,51%,51.675,2135Mi,55%,1262,31,31.55
Fri 20:57:00,2060m,51%,51.5,2138Mi,55%,1278,31,31.95
Fri 20:58:00,2083m,52%,52.075,2146Mi,55%,1278,31,31.95
Fri 20:59:00,2034m,50%,50.85,2152Mi,56%,1278,31,31.95
Fri 21:00:00,2108m,52%,52.7,2142Mi,55%,1310,32,32.75
Fri 21:01:00,2042m,51%,51.05,2165Mi,56%,1390,34,34.75
Fri 21:02:00,2097m,52%,52.425,2182Mi,56%,1374,34,34.35
Fri 21:03:00,2086m,52%,52.15,2176Mi,56%,1342,33,33.55
Fri 21:04:00,2099m,52%,52.475,2167Mi,56%,1326,33,33.15
Fri 21:05:00,2029m,50%,50.725,2159Mi,56%,1326,33,33.15
Fri 21:06:00,2090m,52%,52.25,2162Mi,56%,1310,32,32.75
Fri 21:07:00,2080m,52%,52,2167Mi,56%,1326,33,33.15
Fri 21:08:00,2082m,52%,52.05,2173Mi,56%,1294,32,32.35
Fri 21:09:00,2047m,51%,51.175,2151Mi,55%,1326,33,33.15
Fri 21:10:00,2056m,51%,51.4,2168Mi,56%,1310,32,32.75
Fri 21:11:00,2091m,52%,52.275,2155Mi,56%,1310,32,32.75
Fri 21:12:00,2191m,54%,54.775,2171Mi,56%,1326,33,33.15
Fri 21:13:00,2089m,52%,52.225,2175Mi,56%,1294,32,32.35
Fri 21:14:00,2005m,50%,50.125,2165Mi,56%,1310,32,32.75
Fri 21:15:00,2068m,51%,51.7,2173Mi,56%,1294,32,32.35
Fri 21:16:00,2088m,52%,52.2,2172Mi,56%,1262,31,31.55
Fri 21:17:00,2060m,51%,51.5,2162Mi,56%,1294,32,32.35
Fri 21:18:00,2094m,52%,52.35,2166Mi,56%,1326,33,33.15
Fri 21:19:00,2070m,51%,51.75,2166Mi,56%,1310,32,32.75
Fri 21:20:00,2088m,52%,52.2,2177Mi,56%,1278,31,31.95
Fri 21:21:00,2074m,51%,51.85,2170Mi,56%,1278,31,31.95
Fri 21:22:00,2053m,51%,51.325,2183Mi,56%,1294,32,32.35
Fri 21:23:00,2073m,51%,51.825,2184Mi,56%,1342,33,33.55
Fri 21:24:00,2111m,52%,52.775,2189Mi,56%,1310,32,32.75
Fri 21:25:00,2073m,51%,51.825,2170Mi,56%,1342,33,33.55
Fri 21:26:00,2078m,51%,51.95,2183Mi,56%,1374,34,34.35
Fri 21:27:00,2122m,53%,53.05,2199Mi,57%,1374,34,34.35
Fri 21:28:00,2101m,52%,52.525,2182Mi,56%,1390,34,34.75
Fri 21:29:00,2110m,52%,52.75,2197Mi,57%,1390,34,34.75
Fri 21:30:00,2073m,51%,51.825,2185Mi,56%,1406,35,35.15
Fri 21:31:00,2107m,52%,52.675,2192Mi,57%,1406,35,35.15
Fri 21:32:00,2109m,52%,52.725,2187Mi,56%,1406,35,35.15
Fri 21:33:00,2099m,52%,52.475,2185Mi,56%,1406,35,35.15
Fri 21:34:00,2138m,53%,53.45,2179Mi,56%,1406,35,35.15
Fri 21:35:01,2091m,52%,52.275,2194Mi,57%,1406,35,35.15
Fri 21:36:00,2085m,52%,52.125,2182Mi,56%,1374,34,34.35
Fri 21:37:00,2134m,53%,53.35,2188Mi,56%,1342,33,33.55
Fri 21:38:00,2051m,51%,51.275,2182Mi,56%,1326,33,33.15
Fri 21:39:00,2038m,50%,50.95,2182Mi,56%,1262,31,31.55
Fri 21:40:00,2053m,51%,51.325,2168Mi,56%,1262,31,31.55
Fri 21:41:00,2083m,52%,52.075,2159Mi,56%,1214,30,30.35
Fri 21:42:00,2139m,53%,53.475,2160Mi,56%,1214,30,30.35
Fri 21:43:00,2071m,51%,51.775,2150Mi,55%,1230,30,30.75
Fri 21:44:00,2072m,51%,51.8,2153Mi,56%,1262,31,31.55
Fri 21:45:00,2110m,52%,52.75,2159Mi,56%,1246,31,31.15
Fri 21:46:00,2059m,51%,51.475,2154Mi,56%,1278,31,31.95
Fri 21:47:00,2109m,52%,52.725,2171Mi,56%,1310,32,32.75
Fri 21:48:00,2083m,52%,52.075,2167Mi,56%,1342,33,33.55
Fri 21:49:00,2052m,51%,51.3,2182Mi,56%,1374,34,34.35
Fri 21:50:00,2092m,52%,52.3,2175Mi,56%,1342,33,33.55
Fri 21:51:00,2051m,51%,51.275,2169Mi,56%,1374,34,34.35
Fri 21:52:00,2115m,52%,52.875,2177Mi,56%,1374,34,34.35
Fri 21:53:00,2097m,52%,52.425,2188Mi,56%,1374,34,34.35
Fri 21:54:00,2065m,51%,51.625,2190Mi,57%,1342,33,33.55
Fri 21:55:00,2084m,52%,52.1,2177Mi,56%,1310,32,32.75
Fri 21:56:00,2099m,52%,52.475,2186Mi,56%,1310,32,32.75
Fri 21:57:00,2051m,51%,51.275,2175Mi,56%,1278,31,31.95
Fri 21:58:00,2045m,51%,51.125,2176Mi,56%,1294,32,32.35
Fri 21:59:00,2099m,52%,52.475,2181Mi,56%,1326,33,33.15
Fri 22:00:00,2109m,52%,52.725,2186Mi,56%,1310,32,32.75
Fri 22:01:00,2059m,51%,51.475,2175Mi,56%,1326,33,33.15
Fri 22:02:00,2107m,52%,52.675,2186Mi,56%,1326,33,33.15
Fri 22:03:00,2047m,51%,51.175,2170Mi,56%,1310,32,32.75
Fri 22:04:00,2098m,52%,52.45,2170Mi,56%,1342,33,33.55
Fri 22:05:00,2066m,51%,51.65,2190Mi,57%,1310,32,32.75
Fri 22:06:00,2056m,51%,51.4,2183Mi,56%,1358,33,33.95
Fri 22:07:00,2072m,51%,51.8,2195Mi,57%,1342,33,33.55
Fri 22:08:00,2104m,52%,52.6,2189Mi,56%,1310,32,32.75
Fri 22:09:00,2089m,52%,52.225,2171Mi,56%,1278,31,31.95
Fri 22:10:00,2090m,52%,52.25,2177Mi,56%,1246,31,31.15
Fri 22:11:00,2093m,52%,52.325,2163Mi,56%,1262,31,31.55
Fri 22:12:00,2158m,53%,53.95,2176Mi,56%,1262,31,31.55
Fri 22:13:00,2097m,52%,52.425,2179Mi,56%,1294,32,32.35
Fri 22:14:00,2103m,52%,52.575,2187Mi,56%,1342,33,33.55
Fri 22:15:00,2071m,51%,51.775,2184Mi,56%,1326,33,33.15
Fri 22:16:00,2095m,52%,52.375,2194Mi,57%,1358,33,33.95
Fri 22:17:00,2105m,52%,52.625,2196Mi,57%,1326,33,33.15
Fri 22:18:00,2068m,51%,51.7,2180Mi,56%,1342,33,33.55
Fri 22:19:00,2088m,52%,52.2,2200Mi,57%,1358,33,33.95
Fri 22:20:00,2076m,51%,51.9,2200Mi,57%,1310,32,32.75
Fri 22:21:00,2097m,52%,52.425,2188Mi,56%,1310,32,32.75
Fri 22:22:00,2093m,52%,52.325,2186Mi,56%,1326,33,33.15
Fri 22:23:00,2147m,53%,53.675,2196Mi,57%,1310,32,32.75
Fri 22:24:00,2090m,52%,52.25,2194Mi,57%,1310,32,32.75
Fri 22:25:00,2141m,53%,53.525,2183Mi,56%,1342,33,33.55
Fri 22:26:00,2122m,53%,53.05,2205Mi,57%,1390,34,34.75
Fri 22:27:00,2106m,52%,52.65,2203Mi,57%,1358,33,33.95
Fri 22:28:00,2113m,52%,52.825,2205Mi,57%,1358,33,33.95
Fri 22:29:00,2084m,52%,52.1,2198Mi,57%,1406,35,35.15
Fri 22:30:00,2104m,52%,52.6,2210Mi,57%,1342,33,33.55
Fri 22:31:00,2072m,51%,51.8,2199Mi,57%,1358,33,33.95
Fri 22:32:00,2095m,52%,52.375,2209Mi,57%,1406,35,35.15
Fri 22:33:00,2148m,53%,53.7,2212Mi,57%,1374,34,34.35
Fri 22:34:00,2115m,52%,52.875,2220Mi,57%,1342,33,33.55
Fri 22:35:00,2147m,53%,53.675,2209Mi,57%,1326,33,33.15
Fri 22:36:01,2051m,51%,51.275,2198Mi,57%,1342,33,33.55
Fri 22:37:01,2129m,53%,53.225,2194Mi,57%,1326,33,33.15
Fri 22:38:01,2068m,51%,51.7,2189Mi,56%,1342,33,33.55
Fri 22:39:01,2115m,52%,52.875,2203Mi,57%,1374,34,34.35
Fri 22:40:01,2115m,52%,52.875,2197Mi,57%,1406,35,35.15
Fri 22:41:00,2131m,53%,53.275,2220Mi,57%,1358,33,33.95
Fri 22:42:01,2150m,53%,53.75,2210Mi,57%,1358,33,33.95
Fri 22:43:00,2205m,55%,55.125,2217Mi,57%,1390,34,34.75
Fri 22:44:01,2151m,53%,53.775,2215Mi,57%,1390,34,34.75
Fri 22:45:00,2072m,51%,51.8,2204Mi,57%,1390,34,34.75
Fri 22:46:00,2130m,53%,53.25,2205Mi,57%,1406,35,35.15
Fri 22:47:00,2075m,51%,51.875,2214Mi,57%,1422,35,35.55
Fri 22:48:00,2151m,53%,53.775,2217Mi,57%,1390,34,34.75
Fri 22:49:01,2114m,52%,52.85,2217Mi,57%,1390,34,34.75
Fri 22:50:00,2132m,53%,53.3,2208Mi,57%,1406,35,35.15
Fri 22:51:00,2087m,52%,52.175,2221Mi,57%,1342,33,33.55
Fri 22:52:00,2106m,52%,52.65,2213Mi,57%,1326,33,33.15
Fri 22:53:00,2090m,52%,52.25,2209Mi,57%,1342,33,33.55
Fri 22:54:00,2076m,51%,51.9,2206Mi,57%,1310,32,32.75
Fri 22:55:00,2118m,52%,52.95,2208Mi,57%,1294,32,32.35
Fri 22:56:00,2036m,50%,50.9,2200Mi,57%,1294,32,32.35
Fri 22:57:00,2120m,53%,53,2205Mi,57%,1278,31,31.95
Fri 22:58:00,2082m,52%,52.05,2203Mi,57%,1278,31,31.95
Fri 22:59:00,2120m,53%,53,2202Mi,57%,1262,31,31.55
Fri 23:00:00,2062m,51%,51.55,2199Mi,57%,1294,32,32.35
Fri 23:01:00,2090m,52%,52.25,2203Mi,57%,1262,31,31.55
Fri 23:02:00,2004m,50%,50.1,2195Mi,57%,1278,31,31.95
Fri 23:03:00,2131m,53%,53.275,2202Mi,57%,1246,31,31.15
Fri 23:04:00,2053m,51%,51.325,2189Mi,56%,1294,32,32.35
Fri 23:05:00,2105m,52%,52.625,2206Mi,57%,1294,32,32.35
Fri 23:06:00,2102m,52%,52.55,2195Mi,57%,1278,31,31.95
Fri 23:07:00,2118m,52%,52.95,2200Mi,57%,1262,31,31.55
Fri 23:08:00,2039m,50%,50.975,2187Mi,56%,1294,32,32.35
Fri 23:09:00,2095m,52%,52.375,2196Mi,57%,1294,32,32.35
Fri 23:10:00,2119m,52%,52.975,2209Mi,57%,1358,33,33.95
Fri 23:11:00,2063m,51%,51.575,2222Mi,57%,1390,34,34.75
Fri 23:12:00,2109m,52%,52.725,2214Mi,57%,1390,34,34.75
Fri 23:13:00,2200m,55%,55,2214Mi,57%,1406,35,35.15
Fri 23:14:00,2078m,51%,51.95,2225Mi,57%,1374,34,34.35
Fri 23:15:00,2160m,54%,54,2221Mi,57%,1374,34,34.35
Fri 23:16:00,2126m,53%,53.15,2211Mi,57%,1326,33,33.15
Fri 23:17:00,2071m,51%,51.775,2212Mi,57%,1342,33,33.55
Fri 23:18:00,2095m,52%,52.375,2204Mi,57%,1310,32,32.75
Fri 23:19:00,2127m,53%,53.175,2197Mi,57%,1342,33,33.55
Fri 23:20:00,2115m,52%,52.875,2216Mi,57%,1326,33,33.15
Fri 23:21:00,2076m,51%,51.9,2215Mi,57%,1294,32,32.35
Fri 23:22:00,2115m,52%,52.875,2206Mi,57%,1310,32,32.75
Fri 23:23:00,2095m,52%,52.375,2208Mi,57%,1294,32,32.35
Fri 23:24:00,2105m,52%,52.625,2200Mi,57%,1262,31,31.55
Fri 23:25:00,2044m,51%,51.1,2200Mi,57%,1294,32,32.35
Fri 23:26:00,2136m,53%,53.4,2206Mi,57%,1326,33,33.15
Fri 23:27:00,2076m,51%,51.9,2221Mi,57%,1326,33,33.15
Fri 23:28:00,2125m,53%,53.125,2211Mi,57%,1262,31,31.55
Fri 23:29:00,2020m,50%,50.5,2208Mi,57%,1294,32,32.35
Fri 23:30:00,2168m,54%,54.2,2215Mi,57%,1310,32,32.75
Fri 23:31:00,2088m,52%,52.2,2208Mi,57%,1358,33,33.95
Fri 23:32:00,2149m,53%,53.725,2217Mi,57%,1390,34,34.75
Fri 23:33:00,2127m,53%,53.175,2235Mi,58%,1374,34,34.35
Fri 23:34:00,2076m,51%,51.9,2229Mi,58%,1406,35,35.15
Fri 23:35:00,2081m,52%,52.025,2223Mi,57%,1390,34,34.75
Fri 23:36:00,2092m,52%,52.3,2236Mi,58%,1358,33,33.95
Fri 23:37:00,2158m,53%,53.95,2235Mi,58%,1406,35,35.15
Fri 23:38:00,2079m,51%,51.975,2234Mi,58%,1454,36,36.35
Fri 23:39:00,2134m,53%,53.35,2251Mi,58%,1406,35,35.15
Fri 23:40:00,2154m,53%,53.85,2231Mi,58%,1374,34,34.35
Fri 23:41:00,2076m,51%,51.9,2224Mi,57%,1358,33,33.95
Fri 23:42:00,2104m,52%,52.6,2215Mi,57%,1358,33,33.95
Fri 23:43:00,2284m,57%,57.1,2236Mi,58%,1422,35,35.55
Fri 23:44:00,2172m,54%,54.3,2249Mi,58%,1438,35,35.95
Fri 23:45:00,2143m,53%,53.575,2240Mi,58%,1422,35,35.55
Fri 23:46:01,2157m,53%,53.925,2248Mi,58%,1422,35,35.55
Fri 23:47:00,2111m,52%,52.775,2236Mi,58%,1390,34,34.75
Fri 23:48:00,2078m,51%,51.95,2233Mi,58%,1390,34,34.75
Fri 23:49:00,2160m,54%,54,2243Mi,58%,1406,35,35.15
Fri 23:50:00,2119m,52%,52.975,2245Mi,58%,1422,35,35.55
Fri 23:51:00,2095m,52%,52.375,2248Mi,58%,1406,35,35.15
Fri 23:52:00,2163m,54%,54.075,2247Mi,58%,1406,35,35.15
Fri 23:53:01,2133m,53%,53.325,2241Mi,58%,1342,33,33.55
Fri 23:54:00,2095m,52%,52.375,2224Mi,57%,1358,33,33.95
Fri 23:55:00,2167m,54%,54.175,2246Mi,58%,1358,33,33.95
Fri 23:56:00,2083m,52%,52.075,2242Mi,58%,1406,35,35.15
Fri 23:57:00,2138m,53%,53.45,2249Mi,58%,1406,35,35.15
Fri 23:58:00,2100m,52%,52.5,2243Mi,58%,1374,34,34.35
Fri 23:59:00,2114m,52%,52.85,2244Mi,58%,1374,34,34.35
Sat 00:00:00,2106m,52%,52.65,2244Mi,58%,1406,35,35.15
Sat 00:01:00,2151m,53%,53.775,2237Mi,58%,1390,34,34.75
Sat 00:02:00,2099m,52%,52.475,2243Mi,58%,1390,34,34.75
Sat 00:03:00,2168m,54%,54.2,2235Mi,58%,1422,35,35.55
Sat 00:04:00,2121m,53%,53.025,2254Mi,58%,1454,36,36.35
Sat 00:05:00,2157m,53%,53.925,2250Mi,58%,1438,35,35.95
Sat 00:06:00,2125m,53%,53.125,2250Mi,58%,1406,35,35.15
Sat 00:07:01,2124m,53%,53.1,2238Mi,58%,1406,35,35.15
Sat 00:08:00,2077m,51%,51.925,2247Mi,58%,1438,35,35.95
Sat 00:09:01,2107m,52%,52.675,2261Mi,58%,1358,33,33.95
Sat 00:10:01,2075m,51%,51.875,2238Mi,58%,1310,32,32.75
Sat 00:11:00,2118m,52%,52.95,2235Mi,58%,1278,31,31.95
Sat 00:12:00,2113m,52%,52.825,2220Mi,57%,1278,31,31.95
Sat 00:13:00,2210m,55%,55.25,2232Mi,58%,1262,31,31.55
Sat 00:14:00,2196m,54%,54.9,2231Mi,58%,1278,31,31.95
Sat 00:15:00,2129m,53%,53.225,2223Mi,57%,1326,33,33.15
Sat 00:16:00,2126m,53%,53.15,2240Mi,58%,1326,33,33.15
Sat 00:17:00,2107m,52%,52.675,2248Mi,58%,1294,32,32.35
Sat 00:18:00,2055m,51%,51.375,2230Mi,58%,1326,33,33.15
Sat 00:19:00,2127m,53%,53.175,2238Mi,58%,1342,33,33.55
Sat 00:20:00,2094m,52%,52.35,2251Mi,58%,1326,33,33.15
Sat 00:21:00,2115m,52%,52.875,2234Mi,58%,1310,32,32.75
Sat 00:22:00,2096m,52%,52.4,2250Mi,58%,1294,32,32.35
Sat 00:23:00,2144m,53%,53.6,2251Mi,58%,1278,31,31.95
Sat 00:24:01,2099m,52%,52.475,2246Mi,58%,1262,31,31.55
Sat 00:25:00,2145m,53%,53.625,2248Mi,58%,1278,31,31.95
Sat 00:26:00,2089m,52%,52.225,2247Mi,58%,1278,31,31.95
Sat 00:27:00,2085m,52%,52.125,2235Mi,58%,1246,31,31.15
Sat 00:28:00,2051m,51%,51.275,2230Mi,58%,1246,31,31.15
Sat 00:29:00,2127m,53%,53.175,2238Mi,58%,1278,31,31.95
Sat 00:30:00,2128m,53%,53.2,2238Mi,58%,1294,32,32.35
Sat 00:31:00,2101m,52%,52.525,2253Mi,58%,1278,31,31.95
Sat 00:32:00,2087m,52%,52.175,2239Mi,58%,1278,31,31.95
Sat 00:33:01,2066m,51%,51.65,2248Mi,58%,1262,31,31.55
Sat 00:34:01,2126m,53%,53.15,2239Mi,58%,1246,31,31.15
Sat 00:35:00,2042m,51%,51.05,2230Mi,58%,1246,31,31.15
Sat 00:36:00,2086m,52%,52.15,2247Mi,58%,1262,31,31.55
Sat 00:37:00,2083m,52%,52.075,2249Mi,58%,1278,31,31.95
Sat 00:38:00,2098m,52%,52.45,2239Mi,58%,1246,31,31.15
Sat 00:39:00,2105m,52%,52.625,2233Mi,58%,1214,30,30.35
Sat 00:40:00,2074m,51%,51.85,2231Mi,58%,1230,30,30.75
Sat 00:41:00,2108m,52%,52.7,2236Mi,58%,1246,31,31.15
Sat 00:42:00,2082m,52%,52.05,2241Mi,58%,1214,30,30.35
Sat 00:43:00,2087m,52%,52.175,2227Mi,57%,1246,31,31.15
Sat 00:44:01,2180m,54%,54.5,2233Mi,58%,1246,31,31.15
Sat 00:45:01,2095m,52%,52.375,2239Mi,58%,1262,31,31.55
Sat 00:46:01,2077m,51%,51.925,2234Mi,58%,1246,31,31.15
Sat 00:47:00,2131m,53%,53.275,2231Mi,58%,1262,31,31.55
Sat 00:48:00,2132m,53%,53.3,2236Mi,58%,1294,32,32.35
Sat 00:49:00,2083m,52%,52.075,2251Mi,58%,1246,31,31.15
Sat 00:50:00,2059m,51%,51.475,2242Mi,58%,1246,31,31.15
Sat 00:51:00,2077m,51%,51.925,2243Mi,58%,1294,32,32.35
Sat 00:52:00,2113m,52%,52.825,2252Mi,58%,1278,31,31.95
Sat 00:53:00,2055m,51%,51.375,2249Mi,58%,1326,33,33.15
Sat 00:54:00,2157m,53%,53.925,2260Mi,58%,1342,33,33.55
Sat 00:55:00,2124m,53%,53.1,2254Mi,58%,1358,33,33.95
Sat 00:56:01,2099m,52%,52.475,2274Mi,59%,1326,33,33.15
Sat 00:57:00,2138m,53%,53.45,2252Mi,58%,1326,33,33.15
Sat 00:58:00,2118m,52%,52.95,2261Mi,58%,1342,33,33.55
Sat 00:59:00,2087m,52%,52.175,2273Mi,59%,1358,33,33.95
Sat 01:00:00,2124m,53%,53.1,2270Mi,59%,1326,33,33.15
Sat 01:01:00,2129m,53%,53.225,2262Mi,58%,1342,33,33.55
Sat 01:02:00,2091m,52%,52.275,2269Mi,59%,1310,32,32.75
Sat 01:03:00,2127m,53%,53.175,2265Mi,58%,1326,33,33.15
Sat 01:04:00,2184m,54%,54.6,2269Mi,59%,1326,33,33.15
Sat 01:05:00,2099m,52%,52.475,2256Mi,58%,1310,32,32.75
Sat 01:06:00,2135m,53%,53.375,2257Mi,58%,1294,32,32.35
Sat 01:07:01,2122m,53%,53.05,2260Mi,58%,1326,33,33.15
Sat 01:08:00,2130m,53%,53.25,2270Mi,59%,1262,31,31.55
Sat 01:09:00,2048m,51%,51.2,2257Mi,58%,1230,30,30.75
Sat 01:10:00,2099m,52%,52.475,2256Mi,58%,1246,31,31.15
Sat 01:11:00,2089m,52%,52.225,2252Mi,58%,1182,29,29.55
Sat 01:12:00,2069m,51%,51.725,2230Mi,58%,1150,28,28.75
Sat 01:13:00,2096m,52%,52.4,2236Mi,58%,1182,29,29.55
Sat 01:14:00,2223m,55%,55.575,2243Mi,58%,1214,30,30.35
Sat 01:15:01,2135m,53%,53.375,2249Mi,58%,1166,29,29.15
Sat 01:16:00,2049m,51%,51.225,2238Mi,58%,1166,29,29.15
Sat 01:17:00,2125m,53%,53.125,2224Mi,57%,1214,30,30.35
Sat 01:18:00,2085m,52%,52.125,2252Mi,58%,1214,30,30.35
Sat 01:19:00,2047m,51%,51.175,2241Mi,58%,1182,29,29.55
Sat 01:20:00,2058m,51%,51.45,2225Mi,57%,1246,31,31.15
Sat 01:21:00,2082m,52%,52.05,2254Mi,58%,1230,30,30.75
Sat 01:22:00,2111m,52%,52.775,2250Mi,58%,1246,31,31.15
Sat 01:23:00,2154m,53%,53.85,2254Mi,58%,1198,29,29.95
Sat 01:24:00,2120m,53%,53,2238Mi,58%,1214,30,30.35
Sat 01:25:00,2064m,51%,51.6,2242Mi,58%,1214,30,30.35
Sat 01:26:00,2106m,52%,52.65,2245Mi,58%,1214,30,30.35
Sat 01:27:00,2062m,51%,51.55,2240Mi,58%,1214,30,30.35
Sat 01:28:00,2098m,52%,52.45,2254Mi,58%,1262,31,31.55
Sat 01:29:00,2083m,52%,52.075,2257Mi,58%,1246,31,31.15
Sat 01:30:01,2118m,52%,52.95,2255Mi,58%,1230,30,30.75
Sat 01:31:01,2109m,52%,52.725,2264Mi,58%,1214,30,30.35
Sat 01:32:00,2071m,51%,51.775,2255Mi,58%,1198,29,29.95
Sat 01:33:00,2092m,52%,52.3,2248Mi,58%,1198,29,29.95
Sat 01:34:00,2093m,52%,52.325,2258Mi,58%,1214,30,30.35
Sat 01:35:00,2091m,52%,52.275,2259Mi,58%,1198,29,29.95
Sat 01:36:00,2117m,52%,52.925,2256Mi,58%,1230,30,30.75
Sat 01:37:00,2084m,52%,52.1,2262Mi,58%,1214,30,30.35
Sat 01:38:01,2103m,52%,52.575,2259Mi,58%,1214,30,30.35
Sat 01:39:01,2116m,52%,52.9,2254Mi,58%,1246,31,31.15
Sat 01:40:00,2104m,52%,52.6,2263Mi,58%,1230,30,30.75
Sat 01:41:00,2105m,52%,52.625,2260Mi,58%,1214,30,30.35
Sat 01:42:00,2080m,52%,52,2258Mi,58%,1230,30,30.75
Sat 01:43:00,2122m,53%,53.05,2262Mi,58%,1198,29,29.95
Sat 01:44:00,2194m,54%,54.85,2250Mi,58%,1246,31,31.15
Sat 01:45:00,2130m,53%,53.25,2268Mi,59%,1214,30,30.35
Sat 01:46:00,2144m,53%,53.6,2275Mi,59%,1230,30,30.75
Sat 01:47:00,2084m,52%,52.1,2267Mi,59%,1246,31,31.15
Sat 01:48:00,2158m,53%,53.95,2283Mi,59%,1198,29,29.95
Sat 01:49:00,2088m,52%,52.2,2273Mi,59%,1214,30,30.35
Sat 01:50:00,2111m,52%,52.775,2262Mi,58%,1230,30,30.75
Sat 01:51:00,2061m,51%,51.525,2278Mi,59%,1198,29,29.95
Sat 01:52:00,2109m,52%,52.725,2267Mi,59%,1214,30,30.35
Sat 01:53:00,2107m,52%,52.675,2260Mi,58%,1230,30,30.75
Sat 01:54:00,2135m,53%,53.375,2277Mi,59%,1246,31,31.15
Sat 01:55:00,2169m,54%,54.225,2268Mi,59%,1278,31,31.95
Sat 01:56:00,2120m,53%,53,2283Mi,59%,1230,30,30.75
Sat 01:57:00,2104m,52%,52.6,2272Mi,59%,1310,32,32.75
Sat 01:58:00,2149m,53%,53.725,2285Mi,59%,1294,32,32.35
Sat 01:59:00,2065m,51%,51.625,2281Mi,59%,1310,32,32.75
Sat 02:00:00,2143m,53%,53.575,2287Mi,59%,1310,32,32.75
Sat 02:01:01,2153m,53%,53.825,2273Mi,59%,1342,33,33.55
Sat 02:02:00,2150m,53%,53.75,2291Mi,59%,1310,32,32.75
Sat 02:03:00,2133m,53%,53.325,2295Mi,59%,1310,32,32.75
Sat 02:04:00,2190m,54%,54.75,2284Mi,59%,1278,31,31.95
Sat 02:05:00,2108m,52%,52.7,2284Mi,59%,1310,32,32.75
Sat 02:06:00,2155m,53%,53.875,2300Mi,59%,1278,31,31.95
Sat 02:07:00,2157m,53%,53.925,2291Mi,59%,1326,33,33.15
Sat 02:08:00,2139m,53%,53.475,2283Mi,59%,1326,33,33.15
Sat 02:09:00,2151m,53%,53.775,2303Mi,59%,1294,32,32.35
Sat 02:10:00,2140m,53%,53.5,2287Mi,59%,1310,32,32.75
Sat 02:11:00,2135m,53%,53.375,2301Mi,59%,1326,33,33.15
Sat 02:12:00,2187m,54%,54.675,2308Mi,60%,1294,32,32.35
Sat 02:13:00,2080m,52%,52,2298Mi,59%,1294,32,32.35
Sat 02:14:00,2134m,53%,53.35,2300Mi,59%,1278,31,31.95
Sat 02:15:00,2209m,55%,55.225,2297Mi,59%,1262,31,31.55
Sat 02:16:00,2114m,52%,52.85,2301Mi,59%,1246,31,31.15
Sat 02:17:00,2123m,53%,53.075,2286Mi,59%,1262,31,31.55
Sat 02:18:00,2184m,54%,54.6,2292Mi,59%,1246,31,31.15
Sat 02:19:00,2118m,52%,52.95,2303Mi,59%,1246,31,31.15
Sat 02:20:00,2162m,54%,54.05,2309Mi,60%,1262,31,31.55
Sat 02:21:00,2116m,52%,52.9,2306Mi,60%,1230,30,30.75
Sat 02:22:00,2098m,52%,52.45,2306Mi,60%,1246,31,31.15
Sat 02:23:00,2129m,53%,53.225,2305Mi,59%,1246,31,31.15
Sat 02:24:00,2187m,54%,54.675,2291Mi,59%,1230,30,30.75
Sat 02:25:00,2088m,52%,52.2,2301Mi,59%,1214,30,30.35
Sat 02:26:00,2135m,53%,53.375,2298Mi,59%,1198,29,29.95
Sat 02:27:00,2153m,53%,53.825,2290Mi,59%,1182,29,29.55
Sat 02:28:00,2109m,52%,52.725,2294Mi,59%,1198,29,29.95
Sat 02:29:01,2148m,53%,53.7,2293Mi,59%,1214,30,30.35
Sat 02:30:01,2127m,53%,53.175,2285Mi,59%,1230,30,30.75
Sat 02:31:01,2147m,53%,53.675,2297Mi,59%,1166,29,29.15
Sat 02:32:01,2071m,51%,51.775,2285Mi,59%,1182,29,29.55
Sat 02:33:01,2155m,53%,53.875,2284Mi,59%,1182,29,29.55
Sat 02:34:00,2077m,51%,51.925,2284Mi,59%,1198,29,29.95
Sat 02:35:00,2197m,54%,54.925,2294Mi,59%,1230,30,30.75
Sat 02:36:01,2182m,54%,54.55,2305Mi,60%,1246,31,31.15
Sat 02:37:01,2156m,53%,53.9,2297Mi,59%,1262,31,31.55
Sat 02:38:00,2115m,52%,52.875,2300Mi,59%,1262,31,31.55
Sat 02:39:00,2170m,54%,54.25,2312Mi,60%,1310,32,32.75
Sat 02:40:00,2147m,53%,53.675,2316Mi,60%,1358,33,33.95
Sat 02:41:00,2161m,54%,54.025,2324Mi,60%,1358,33,33.95
Sat 02:42:00,2189m,54%,54.725,2338Mi,60%,1342,33,33.55
Sat 02:43:00,2133m,53%,53.325,2336Mi,60%,1278,31,31.95
Sat 02:44:00,2091m,52%,52.275,2317Mi,60%,1278,31,31.95
Sat 02:45:00,2206m,55%,55.15,2341Mi,60%,1262,31,31.55
Sat 02:46:00,2113m,52%,52.825,2335Mi,60%,1246,31,31.15
Sat 02:47:00,2139m,53%,53.475,2332Mi,60%,1230,30,30.75
Sat 02:48:00,2154m,53%,53.85,2314Mi,60%,1166,29,29.15
Sat 02:49:00,2104m,52%,52.6,2308Mi,60%,1150,28,28.75
Sat 02:50:00,2089m,52%,52.225,2298Mi,59%,1150,28,28.75
Sat 02:51:00,2128m,53%,53.2,2297Mi,59%,1166,29,29.15
Sat 02:52:00,2108m,52%,52.7,2312Mi,60%,1166,29,29.15
Sat 02:53:00,2148m,53%,53.7,2308Mi,60%,1182,29,29.55
Sat 02:54:00,2197m,54%,54.925,2309Mi,60%,1166,29,29.15
Sat 02:55:00,2115m,52%,52.875,2303Mi,59%,1182,29,29.55
Sat 02:56:00,2144m,53%,53.6,2309Mi,60%,1182,29,29.55
Sat 02:57:00,2087m,52%,52.175,2302Mi,59%,1134,28,28.35
Sat 02:58:00,2104m,52%,52.6,2303Mi,59%,1198,29,29.95
Sat 02:59:00,2167m,54%,54.175,2304Mi,59%,1198,29,29.95
Sat 03:00:00,2124m,53%,53.1,2300Mi,59%,1198,29,29.95
Sat 03:01:00,2187m,54%,54.675,2311Mi,60%,1214,30,30.35
Sat 03:02:00,2122m,53%,53.05,2314Mi,60%,1214,30,30.35
Sat 03:03:00,2133m,53%,53.325,2305Mi,60%,1214,30,30.35
Sat 03:04:00,2128m,53%,53.2,2311Mi,60%,1246,31,31.15
Sat 03:05:00,2115m,52%,52.875,2319Mi,60%,1246,31,31.15
Sat 03:06:00,2143m,53%,53.575,2319Mi,60%,1246,31,31.15
Sat 03:07:00,2118m,52%,52.95,2314Mi,60%,1230,30,30.75
Sat 03:08:00,2195m,54%,54.875,2318Mi,60%,1198,29,29.95
Sat 03:09:00,2083m,52%,52.075,2311Mi,60%,1230,30,30.75
Sat 03:10:00,2160m,54%,54,2312Mi,60%,1262,31,31.55
Sat 03:11:00,2116m,52%,52.9,2323Mi,60%,1214,30,30.35
Sat 03:12:00,2096m,52%,52.4,2317Mi,60%,1166,29,29.15
Sat 03:13:00,2132m,53%,53.3,2306Mi,60%,1166,29,29.15
Sat 03:14:00,2063m,51%,51.575,2303Mi,59%,1134,28,28.35
Sat 03:15:01,2144m,53%,53.6,2306Mi,60%,1118,27,27.95
Sat 03:16:00,2050m,51%,51.25,2285Mi,59%,1086,27,27.15
Sat 03:17:00,2084m,52%,52.1,2282Mi,59%,1086,27,27.15
Sat 03:18:00,2114m,52%,52.85,2290Mi,59%,1070,26,26.75
Sat 03:19:00,2065m,51%,51.625,2285Mi,59%,1054,26,26.35
Sat 03:20:01,2124m,53%,53.1,2287Mi,59%,1086,27,27.15
Sat 03:21:01,2123m,53%,53.075,2285Mi,59%,1118,27,27.95
Sat 03:22:01,2067m,51%,51.675,2298Mi,59%,1166,29,29.15
Sat 03:23:00,2142m,53%,53.55,2307Mi,60%,1134,28,28.35
Sat 03:24:00,1910m,47%,47.75,2284Mi,59%,1166,29,29.15
Sat 03:25:00,963m,24%,24.075,2269Mi,59%,1182,29,29.55
Sat 03:26:00,1464m,36%,36.6,2281Mi,59%,1182,29,29.55
Sat 03:27:00,1193m,29%,29.825,2308Mi,60%,1230,30,30.75
Sat 03:28:00,2132m,53%,53.3,2303Mi,59%,1294,32,32.35
Sat 03:29:00,2146m,53%,53.65,2329Mi,60%,1246,31,31.15
Sat 03:30:00,2108m,52%,52.7,2310Mi,60%,1230,30,30.75
Sat 03:31:00,2129m,53%,53.225,2323Mi,60%,1166,29,29.15
Sat 03:32:00,2108m,52%,52.7,2316Mi,60%,1198,29,29.95
Sat 03:33:00,2065m,51%,51.625,2325Mi,60%,1246,31,31.15
Sat 03:34:00,2088m,52%,52.2,2330Mi,60%,1310,32,32.75
Sat 03:35:00,2143m,53%,53.575,2338Mi,60%,1358,33,33.95
Sat 03:36:00,2119m,52%,52.975,2362Mi,61%,1246,31,31.15
Sat 03:37:00,2161m,54%,54.025,2349Mi,61%,1150,28,28.75
Sat 03:38:00,2140m,53%,53.5,2316Mi,60%,1086,27,27.15
Sat 03:39:00,2097m,52%,52.425,2306Mi,60%,1118,27,27.95
Sat 03:40:00,2120m,53%,53,2307Mi,60%,1150,28,28.75
Sat 03:41:00,2101m,52%,52.525,2327Mi,60%,1182,29,29.55
Sat 03:42:00,2109m,52%,52.725,2330Mi,60%,1198,29,29.95
Sat 03:43:00,2118m,52%,52.95,2336Mi,60%,1166,29,29.15
Sat 03:44:00,2077m,51%,51.925,2335Mi,60%,1150,28,28.75
Sat 03:45:01,2108m,52%,52.7,2331Mi,60%,1118,27,27.95
Sat 03:46:00,2081m,52%,52.025,2325Mi,60%,1134,28,28.35
Sat 03:47:00,2124m,53%,53.1,2325Mi,60%,1166,29,29.15
Sat 03:48:00,2143m,53%,53.575,2338Mi,60%,1166,29,29.15
Sat 03:49:00,2064m,51%,51.6,2324Mi,60%,1118,27,27.95
Sat 03:50:01,2100m,52%,52.5,2328Mi,60%,1118,27,27.95
Sat 03:51:01,2094m,52%,52.35,2329Mi,60%,1134,28,28.35
Sat 03:52:00,2114m,52%,52.85,2322Mi,60%,1134,28,28.35
Sat 03:53:00,2075m,51%,51.875,2335Mi,60%,1118,27,27.95
Sat 03:54:00,2091m,52%,52.275,2345Mi,61%,1166,29,29.15
Sat 03:55:00,2185m,54%,54.625,2352Mi,61%,1182,29,29.55
Sat 03:56:00,2080m,52%,52,2353Mi,61%,1182,29,29.55
Sat 03:57:00,2148m,53%,53.7,2358Mi,61%,1182,29,29.55
Sat 03:58:01,2141m,53%,53.525,2357Mi,61%,1182,29,29.55
Sat 03:59:01,2062m,51%,51.55,2348Mi,61%,1166,29,29.15
Sat 04:00:00,2082m,52%,52.05,2356Mi,61%,1182,29,29.55
Sat 04:01:00,2103m,52%,52.575,2347Mi,61%,1182,29,29.55
Sat 04:02:00,2111m,52%,52.775,2363Mi,61%,1198,29,29.95
Sat 04:03:00,2115m,52%,52.875,2366Mi,61%,1230,30,30.75
Sat 04:04:00,2142m,53%,53.55,2371Mi,61%,1182,29,29.55
Sat 04:05:00,2126m,53%,53.15,2369Mi,61%,1166,29,29.15
Sat 04:06:00,2136m,53%,53.4,2345Mi,61%,1150,28,28.75
Sat 04:07:00,2123m,53%,53.075,2349Mi,61%,1150,28,28.75
Sat 04:08:00,2142m,53%,53.55,2352Mi,61%,1182,29,29.55
Sat 04:09:00,2125m,53%,53.125,2366Mi,61%,1198,29,29.95
Sat 04:10:00,2120m,53%,53,2374Mi,61%,1166,29,29.15
Sat 04:11:00,2106m,52%,52.65,2363Mi,61%,1150,28,28.75
Sat 04:12:00,2157m,53%,53.925,2350Mi,61%,1150,28,28.75
Sat 04:13:01,2115m,52%,52.875,2346Mi,61%,1134,28,28.35
Sat 04:14:00,2141m,53%,53.525,2359Mi,61%,1150,28,28.75
Sat 04:15:00,2113m,52%,52.825,2363Mi,61%,1118,27,27.95
Sat 04:16:00,2088m,52%,52.2,2359Mi,61%,1102,27,27.55
Sat 04:17:00,2151m,53%,53.775,2358Mi,61%,1118,27,27.95
Sat 04:18:00,2123m,53%,53.075,2354Mi,61%,1102,27,27.55
Sat 04:19:00,2147m,53%,53.675,2343Mi,60%,1134,28,28.35
Sat 04:20:00,2098m,52%,52.45,2355Mi,61%,1134,28,28.35
Sat 04:21:01,2098m,52%,52.45,2360Mi,61%,1134,28,28.35
Sat 04:22:00,2178m,54%,54.45,2361Mi,61%,1134,28,28.35
Sat 04:23:00,2094m,52%,52.35,2359Mi,61%,1166,29,29.15
Sat 04:24:00,2125m,53%,53.125,2352Mi,61%,1150,28,28.75
Sat 04:25:00,2073m,51%,51.825,2362Mi,61%,1166,29,29.15
Sat 04:26:01,2125m,53%,53.125,2373Mi,61%,1150,28,28.75
Sat 04:27:00,2120m,53%,53,2372Mi,61%,1150,28,28.75
Sat 04:28:00,2096m,52%,52.4,2376Mi,61%,1118,27,27.95
Sat 04:29:00,2110m,52%,52.75,2362Mi,61%,1118,27,27.95
Sat 04:30:00,2105m,52%,52.625,2349Mi,61%,1086,27,27.15
Sat 04:31:00,2089m,52%,52.225,2341Mi,60%,1070,26,26.75
Sat 04:32:01,2113m,52%,52.825,2350Mi,61%,1070,26,26.75
Sat 04:33:00,2076m,51%,51.9,2353Mi,61%,1054,26,26.35
Sat 04:34:00,2080m,52%,52,2334Mi,60%,1038,25,25.95
Sat 04:35:00,2073m,51%,51.825,2342Mi,60%,1054,26,26.35
Sat 04:36:00,2074m,51%,51.85,2345Mi,61%,1038,25,25.95
Sat 04:37:00,2110m,52%,52.75,2334Mi,60%,1054,26,26.35
Sat 04:38:00,2062m,51%,51.55,2341Mi,60%,1022,25,25.55
Sat 04:39:00,2071m,51%,51.775,2336Mi,60%,1038,25,25.95
Sat 04:40:00,2106m,52%,52.65,2347Mi,61%,1038,25,25.95
Sat 04:41:00,2078m,51%,51.95,2346Mi,61%,1070,26,26.75
Sat 04:42:00,2138m,53%,53.45,2355Mi,61%,1070,26,26.75
Sat 04:43:00,2062m,51%,51.55,2354Mi,61%,1054,26,26.35
Sat 04:44:00,2080m,52%,52,2337Mi,60%,1038,25,25.95
Sat 04:45:00,2093m,52%,52.325,2346Mi,61%,1038,25,25.95
Sat 04:46:00,2073m,51%,51.825,2350Mi,61%,1006,25,25.15
Sat 04:47:00,2103m,52%,52.575,2347Mi,61%,1006,25,25.15
Sat 04:48:00,2079m,51%,51.975,2349Mi,61%,1038,25,25.95
Sat 04:49:00,2060m,51%,51.5,2346Mi,61%,1022,25,25.55
Sat 04:50:00,2131m,53%,53.275,2349Mi,61%,974,24,24.35
Sat 04:51:00,2095m,52%,52.375,2337Mi,60%,1006,25,25.15
Sat 04:52:00,2093m,52%,52.325,2332Mi,60%,1070,26,26.75
Sat 04:53:00,2142m,53%,53.55,2356Mi,61%,1102,27,27.55
Sat 04:54:01,2092m,52%,52.3,2368Mi,61%,1118,27,27.95
Sat 04:55:00,2098m,52%,52.45,2362Mi,61%,1150,28,28.75
Sat 04:56:00,2134m,53%,53.35,2379Mi,61%,1214,30,30.35
Sat 04:57:00,2106m,52%,52.65,2390Mi,62%,1230,30,30.75
Sat 04:58:00,2139m,53%,53.475,2381Mi,61%,1214,30,30.35
Sat 04:59:00,2104m,52%,52.6,2385Mi,62%,1230,30,30.75
Sat 05:00:00,2157m,53%,53.925,2395Mi,62%,1230,30,30.75
Sat 05:01:01,2104m,52%,52.6,2379Mi,61%,1214,30,30.35
Sat 05:02:00,2122m,53%,53.05,2393Mi,62%,1230,30,30.75
Sat 05:03:00,2149m,53%,53.725,2399Mi,62%,1246,31,31.15
Sat 05:04:00,2165m,54%,54.125,2399Mi,62%,1246,31,31.15
Sat 05:05:00,2112m,52%,52.8,2398Mi,62%,1230,30,30.75
Sat 05:06:00,2136m,53%,53.4,2395Mi,62%,1198,29,29.95
Sat 05:07:00,2093m,52%,52.325,2383Mi,62%,1150,28,28.75
Sat 05:08:00,2083m,52%,52.075,2379Mi,61%,1134,28,28.35
Sat 05:09:00,2092m,52%,52.3,2370Mi,61%,1150,28,28.75
Sat 05:10:00,2100m,52%,52.5,2370Mi,61%,1150,28,28.75
Sat 05:11:00,2121m,53%,53.025,2379Mi,61%,1182,29,29.55
Sat 05:12:00,2068m,51%,51.7,2388Mi,62%,1150,28,28.75
Sat 05:13:01,2125m,53%,53.125,2379Mi,61%,1118,27,27.95
Sat 05:14:00,2102m,52%,52.55,2376Mi,61%,1086,27,27.15
Sat 05:15:00,2084m,52%,52.1,2374Mi,61%,1102,27,27.55
Sat 05:16:00,2146m,53%,53.65,2373Mi,61%,1102,27,27.55
Sat 05:17:00,2088m,52%,52.2,2361Mi,61%,1118,27,27.95
Sat 05:18:00,2088m,52%,52.2,2378Mi,61%,1150,28,28.75
Sat 05:19:00,2150m,53%,53.75,2364Mi,61%,1182,29,29.55
Sat 05:20:00,2127m,53%,53.175,2385Mi,62%,1182,29,29.55
Sat 05:21:00,2146m,53%,53.65,2386Mi,62%,1198,29,29.95
Sat 05:22:00,2155m,53%,53.875,2388Mi,62%,1198,29,29.95
Sat 05:23:00,2115m,52%,52.875,2392Mi,62%,1198,29,29.95
Sat 05:24:00,2101m,52%,52.525,2393Mi,62%,1214,30,30.35
Sat 05:25:00,2157m,53%,53.925,2393Mi,62%,1198,29,29.95
Sat 05:26:00,2092m,52%,52.3,2400Mi,62%,1166,29,29.15
Sat 05:27:00,2096m,52%,52.4,2392Mi,62%,1166,29,29.15
Sat 05:28:00,878m,21%,21.95,2384Mi,62%,1134,28,28.35
Sat 05:29:00,2114m,52%,52.85,2387Mi,62%,1118,27,27.95
Sat 05:30:00,2130m,53%,53.25,2386Mi,62%,1086,27,27.15
Sat 05:31:00,2063m,51%,51.575,2370Mi,61%,1102,27,27.55
Sat 05:32:00,2160m,54%,54,2377Mi,61%,1102,27,27.55
Sat 05:33:00,2096m,52%,52.4,2384Mi,62%,1118,27,27.95
Sat 05:34:00,2134m,53%,53.35,2381Mi,61%,1166,29,29.15
Sat 05:35:00,2112m,52%,52.8,2393Mi,62%,1134,28,28.35
Sat 05:36:00,2139m,53%,53.475,2391Mi,62%,1166,29,29.15
Sat 05:37:00,2139m,53%,53.475,2383Mi,62%,1214,30,30.35
Sat 05:38:00,2072m,51%,51.8,2395Mi,62%,1182,29,29.55
Sat 05:39:00,2120m,53%,53,2397Mi,62%,1182,29,29.55
Sat 05:40:00,2081m,52%,52.025,2388Mi,62%,1198,29,29.95
Sat 05:41:00,2144m,53%,53.6,2406Mi,62%,1198,29,29.95
Sat 05:42:00,2091m,52%,52.275,2404Mi,62%,1150,28,28.75
Sat 05:43:00,2108m,52%,52.7,2395Mi,62%,1134,28,28.35
Sat 05:44:00,2129m,53%,53.225,2392Mi,62%,1134,28,28.35
Sat 05:45:00,2132m,53%,53.3,2390Mi,62%,1118,27,27.95
Sat 05:46:00,2087m,52%,52.175,2386Mi,62%,1102,27,27.55
Sat 05:47:00,2100m,52%,52.5,2376Mi,61%,1134,28,28.35
Sat 05:48:00,2119m,52%,52.975,2390Mi,62%,1134,28,28.35
Sat 05:49:00,2110m,52%,52.75,2373Mi,61%,1166,29,29.15
Sat 05:50:00,2134m,53%,53.35,2396Mi,62%,1166,29,29.15
Sat 05:51:00,2078m,51%,51.95,2399Mi,62%,1198,29,29.95
Sat 05:52:00,2156m,53%,53.9,2386Mi,62%,1198,29,29.95
Sat 05:53:00,2078m,51%,51.95,2390Mi,62%,1182,29,29.55
Sat 05:54:00,2126m,53%,53.15,2389Mi,62%,1198,29,29.95
Sat 05:55:00,2083m,52%,52.075,2403Mi,62%,1150,28,28.75
Sat 05:56:00,2094m,52%,52.35,2390Mi,62%,1182,29,29.55
Sat 05:57:00,2129m,53%,53.225,2402Mi,62%,1166,29,29.15
Sat 05:58:00,2133m,53%,53.325,2390Mi,62%,1166,29,29.15
Sat 05:59:00,2154m,53%,53.85,2395Mi,62%,1166,29,29.15
Sat 06:00:00,2119m,52%,52.975,2382Mi,62%,1150,28,28.75
Sat 06:01:00,2152m,53%,53.8,2396Mi,62%,1182,29,29.55
Sat 06:02:00,2114m,52%,52.85,2400Mi,62%,1182,29,29.55
Sat 06:03:00,2141m,53%,53.525,2394Mi,62%,1198,29,29.95
Sat 06:04:00,2155m,53%,53.875,2395Mi,62%,1246,31,31.15
Sat 06:05:00,2186m,54%,54.65,2416Mi,62%,1246,31,31.15
Sat 06:06:00,2110m,52%,52.75,2408Mi,62%,1246,31,31.15
Sat 06:07:01,2079m,51%,51.975,2400Mi,62%,1214,30,30.35
Sat 06:08:00,2144m,53%,53.6,2413Mi,62%,1214,30,30.35
Sat 06:09:01,2129m,53%,53.225,2396Mi,62%,1230,30,30.75
Sat 06:10:00,2152m,53%,53.8,2410Mi,62%,1214,30,30.35
Sat 06:11:00,2123m,53%,53.075,2415Mi,62%,1214,30,30.35
Sat 06:12:00,2168m,54%,54.2,2412Mi,62%,1214,30,30.35
Sat 06:13:00,2117m,52%,52.925,2390Mi,62%,1230,30,30.75
Sat 06:14:00,2167m,54%,54.175,2414Mi,62%,1198,29,29.95
Sat 06:15:01,2119m,52%,52.975,2410Mi,62%,1198,29,29.95
Sat 06:16:00,2187m,54%,54.675,2408Mi,62%,1246,31,31.15
Sat 06:17:00,2102m,52%,52.55,2414Mi,62%,1262,31,31.55
Sat 06:18:00,2125m,53%,53.125,2421Mi,63%,1278,31,31.95
Sat 06:19:00,2144m,53%,53.6,2397Mi,62%,1294,32,32.35
Sat 06:20:00,2187m,54%,54.675,2414Mi,62%,1294,32,32.35
Sat 06:21:00,2149m,53%,53.725,2412Mi,62%,1310,32,32.75
Sat 06:22:00,2155m,53%,53.875,2416Mi,62%,1294,32,32.35
Sat 06:23:00,2150m,53%,53.75,2410Mi,62%,1294,32,32.35
Sat 06:24:00,2115m,52%,52.875,2413Mi,62%,1294,32,32.35
Sat 06:25:00,2176m,54%,54.4,2398Mi,62%,1310,32,32.75
Sat 06:26:00,2144m,53%,53.6,2418Mi,62%,1294,32,32.35
Sat 06:27:00,2187m,54%,54.675,2417Mi,62%,1310,32,32.75
Sat 06:28:00,2118m,52%,52.95,2414Mi,62%,1326,33,33.15
Sat 06:29:00,2176m,54%,54.4,2421Mi,63%,1278,31,31.95
Sat 06:30:00,2131m,53%,53.275,2415Mi,62%,1278,31,31.95
Sat 06:31:00,2137m,53%,53.425,2411Mi,62%,1278,31,31.95
Sat 06:32:00,2170m,54%,54.25,2415Mi,62%,1310,32,32.75
Sat 06:33:00,2146m,53%,53.65,2405Mi,62%,1310,32,32.75
Sat 06:34:00,2139m,53%,53.475,2426Mi,63%,1294,32,32.35
Sat 06:35:00,2141m,53%,53.525,2414Mi,62%,1262,31,31.55
Sat 06:36:00,2143m,53%,53.575,2410Mi,62%,1230,30,30.75
Sat 06:37:00,2139m,53%,53.475,2401Mi,62%,1182,29,29.55
Sat 06:38:00,2131m,53%,53.275,2393Mi,62%,1166,29,29.15
Sat 06:39:00,2131m,53%,53.275,2382Mi,62%,1150,28,28.75
Sat 06:40:00,2135m,53%,53.375,2391Mi,62%,1182,29,29.55
Sat 06:41:00,2134m,53%,53.35,2389Mi,62%,1182,29,29.55
Sat 06:42:00,2152m,53%,53.8,2390Mi,62%,1166,29,29.15
Sat 06:43:00,2108m,52%,52.7,2382Mi,61%,1134,28,28.35
Sat 06:44:00,2191m,54%,54.775,2382Mi,62%,1118,27,27.95
Sat 06:45:00,2149m,53%,53.725,2374Mi,61%,1166,29,29.15
Sat 06:46:00,2127m,53%,53.175,2391Mi,62%,1182,29,29.55
Sat 06:47:00,2136m,53%,53.4,2393Mi,62%,1166,29,29.15
Sat 06:48:00,2135m,53%,53.375,2392Mi,62%,1214,30,30.35
Sat 06:49:00,2106m,52%,52.65,2387Mi,62%,1230,30,30.75
Sat 06:50:00,2177m,54%,54.425,2403Mi,62%,1262,31,31.55
Sat 06:51:00,2148m,53%,53.7,2408Mi,62%,1214,30,30.35
Sat 06:52:00,2099m,52%,52.475,2381Mi,61%,1198,29,29.95
Sat 06:53:00,2155m,53%,53.875,2392Mi,62%,1182,29,29.55
Sat 06:54:01,2068m,51%,51.7,2386Mi,62%,1166,29,29.15
Sat 06:55:00,2119m,52%,52.975,2388Mi,62%,1182,29,29.55
Sat 06:56:00,2146m,53%,53.65,2379Mi,61%,1166,29,29.15
Sat 06:57:00,2139m,53%,53.475,2386Mi,62%,1150,28,28.75
Sat 06:58:00,2128m,53%,53.2,2369Mi,61%,1166,29,29.15
Sat 06:59:00,2125m,53%,53.125,2386Mi,62%,1150,28,28.75
Sat 07:00:00,2129m,53%,53.225,2382Mi,61%,1102,27,27.55
Sat 07:01:00,2101m,52%,52.525,2365Mi,61%,1134,28,28.35
Sat 07:02:00,2137m,53%,53.425,2383Mi,62%,1166,29,29.15
Sat 07:03:00,2129m,53%,53.225,2391Mi,62%,1182,29,29.55
Sat 07:04:00,2103m,52%,52.575,2392Mi,62%,1230,30,30.75
Sat 07:05:00,2126m,53%,53.15,2399Mi,62%,1262,31,31.55
Sat 07:06:00,2118m,52%,52.95,2410Mi,62%,1230,30,30.75
Sat 07:07:01,2137m,53%,53.425,2398Mi,62%,1246,31,31.15
Sat 07:08:00,2106m,52%,52.65,2406Mi,62%,1230,30,30.75
Sat 07:09:00,2160m,54%,54,2397Mi,62%,1246,31,31.15
Sat 07:10:00,2167m,54%,54.175,2400Mi,62%,1262,31,31.55
Sat 07:11:00,2141m,53%,53.525,2404Mi,62%,1262,31,31.55
Sat 07:12:00,2149m,53%,53.725,2402Mi,62%,1246,31,31.15
Sat 07:13:00,2185m,54%,54.625,2387Mi,62%,1246,31,31.15
Sat 07:14:00,2134m,53%,53.35,2399Mi,62%,1246,31,31.15
Sat 07:15:01,2181m,54%,54.525,2399Mi,62%,1214,30,30.35
Sat 07:16:00,2105m,52%,52.625,2391Mi,62%,1214,30,30.35
Sat 07:17:00,2150m,53%,53.75,2391Mi,62%,1198,29,29.95
Sat 07:18:00,2121m,53%,53.025,2390Mi,62%,1182,29,29.55
Sat 07:19:00,2141m,53%,53.525,2364Mi,61%,1166,29,29.15
Sat 07:20:00,2155m,53%,53.875,2369Mi,61%,1166,29,29.15
Sat 07:21:00,2183m,54%,54.575,2365Mi,61%,1150,28,28.75
Sat 07:22:00,2139m,53%,53.475,2366Mi,61%,1118,27,27.95
Sat 07:23:00,2095m,52%,52.375,2353Mi,61%,1134,28,28.35
Sat 07:24:01,2153m,53%,53.825,2361Mi,61%,1150,28,28.75
Sat 07:25:00,2146m,53%,53.65,2359Mi,61%,1198,29,29.95
Sat 07:26:00,2194m,54%,54.85,2362Mi,61%,1230,30,30.75
Sat 07:27:00,2131m,53%,53.275,2382Mi,61%,1246,31,31.15
Sat 07:28:00,2163m,54%,54.075,2383Mi,62%,1278,31,31.95
Sat 07:29:00,2167m,54%,54.175,2392Mi,62%,1294,32,32.35
Sat 07:30:00,2137m,53%,53.425,2388Mi,62%,1294,32,32.35
Sat 07:31:00,2203m,55%,55.075,2385Mi,62%,1310,32,32.75
Sat 07:32:00,2170m,54%,54.25,2395Mi,62%,1342,33,33.55
Sat 07:33:00,2130m,53%,53.25,2404Mi,62%,1358,33,33.95
Sat 07:34:00,2237m,55%,55.925,2403Mi,62%,1326,33,33.15
Sat 07:35:00,2138m,53%,53.45,2400Mi,62%,1326,33,33.15
Sat 07:36:00,2159m,53%,53.975,2401Mi,62%,1326,33,33.15
Sat 07:37:00,2210m,55%,55.25,2393Mi,62%,1358,33,33.95
Sat 07:38:00,2189m,54%,54.725,2395Mi,62%,1342,33,33.55
Sat 07:39:00,2146m,53%,53.65,2389Mi,62%,1342,33,33.55
Sat 07:40:01,2178m,54%,54.45,2403Mi,62%,1358,33,33.95
Sat 07:41:00,2209m,55%,55.225,2402Mi,62%,1326,33,33.15
Sat 07:42:00,2122m,53%,53.05,2386Mi,62%,1326,33,33.15
Sat 07:43:00,2170m,54%,54.25,2397Mi,62%,1278,31,31.95
Sat 07:44:01,2149m,53%,53.725,2378Mi,61%,1310,32,32.75
Sat 07:45:00,2139m,53%,53.475,2395Mi,62%,1262,31,31.55
Sat 07:46:00,2127m,53%,53.175,2374Mi,61%,1230,30,30.75
Sat 07:47:00,2153m,53%,53.825,2381Mi,61%,1198,29,29.95
Sat 07:48:00,2119m,52%,52.975,2374Mi,61%,1166,29,29.15
Sat 07:49:01,2082m,52%,52.05,2368Mi,61%,1182,29,29.55
Sat 07:50:00,2156m,53%,53.9,2364Mi,61%,1134,28,28.35
Sat 07:51:00,2168m,54%,54.2,2365Mi,61%,1134,28,28.35
Sat 07:52:00,2103m,52%,52.575,2360Mi,61%,1134,28,28.35
Sat 07:53:00,2158m,53%,53.95,2361Mi,61%,1166,29,29.15
Sat 07:54:00,2146m,53%,53.65,2363Mi,61%,1150,28,28.75
Sat 07:55:00,2161m,54%,54.025,2361Mi,61%,1166,29,29.15
Sat 07:56:00,2121m,53%,53.025,2362Mi,61%,1182,29,29.55
Sat 07:57:00,2098m,52%,52.45,2367Mi,61%,1166,29,29.15
Sat 07:58:00,2154m,53%,53.85,2368Mi,61%,1230,30,30.75
Sat 07:59:00,2153m,53%,53.825,2378Mi,61%,1214,30,30.35
Sat 08:00:01,2159m,53%,53.975,2380Mi,61%,1214,30,30.35
Sat 08:01:00,2128m,53%,53.2,2376Mi,61%,1246,31,31.15
Sat 08:02:00,2137m,53%,53.425,2376Mi,61%,1246,31,31.15
Sat 08:03:00,2179m,54%,54.475,2383Mi,62%,1246,31,31.15
Sat 08:04:00,2171m,54%,54.275,2376Mi,61%,1246,31,31.15
Sat 08:05:00,2149m,53%,53.725,2374Mi,61%,1278,31,31.95
Sat 08:06:00,2180m,54%,54.5,2388Mi,62%,1310,32,32.75
Sat 08:07:00,2187m,54%,54.675,2403Mi,62%,1326,33,33.15
Sat 08:08:01,2185m,54%,54.625,2406Mi,62%,1278,31,31.95
Sat 08:09:00,2142m,53%,53.55,2395Mi,62%,1262,31,31.55
Sat 08:10:00,2131m,53%,53.275,2397Mi,62%,1278,31,31.95
Sat 08:11:00,2174m,54%,54.35,2399Mi,62%,1326,33,33.15
Sat 08:12:00,2121m,53%,53.025,2405Mi,62%,1310,32,32.75
Sat 08:13:00,2179m,54%,54.475,2405Mi,62%,1278,31,31.95
Sat 08:14:00,2138m,53%,53.45,2403Mi,62%,1326,33,33.15
Sat 08:15:00,2213m,55%,55.325,2406Mi,62%,1358,33,33.95
Sat 08:16:00,2178m,54%,54.45,2404Mi,62%,1294,32,32.35
Sat 08:17:00,2153m,53%,53.825,2395Mi,62%,1246,31,31.15
Sat 08:18:00,2124m,53%,53.1,2389Mi,62%,1246,31,31.15
Sat 08:19:00,2166m,54%,54.15,2394Mi,62%,1294,32,32.35
Sat 08:20:00,2125m,53%,53.125,2409Mi,62%,1294,32,32.35
Sat 08:21:00,2166m,54%,54.15,2407Mi,62%,1278,31,31.95
Sat 08:22:00,2122m,53%,53.05,2416Mi,62%,1326,33,33.15
Sat 08:23:00,2220m,55%,55.5,2431Mi,63%,1326,33,33.15
Sat 08:24:00,2167m,54%,54.175,2421Mi,63%,1358,33,33.95
Sat 08:25:00,2202m,55%,55.05,2430Mi,63%,1294,32,32.35
Sat 08:26:00,2163m,54%,54.075,2419Mi,62%,1294,32,32.35
Sat 08:27:00,2147m,53%,53.675,2421Mi,63%,1326,33,33.15
Sat 08:28:00,2180m,54%,54.5,2421Mi,63%,1358,33,33.95
Sat 08:29:00,2186m,54%,54.65,2433Mi,63%,1374,34,34.35
Sat 08:30:00,2182m,54%,54.55,2437Mi,63%,1342,33,33.55
Sat 08:31:00,2150m,53%,53.75,2431Mi,63%,1294,32,32.35
Sat 08:32:00,2146m,53%,53.65,2410Mi,62%,1326,33,33.15
Sat 08:33:00,2171m,54%,54.275,2415Mi,62%,1358,33,33.95
Sat 08:34:00,2186m,54%,54.65,2420Mi,62%,1294,32,32.35
Sat 08:35:00,2199m,54%,54.975,2426Mi,63%,1310,32,32.75
Sat 08:36:00,2165m,54%,54.125,2423Mi,63%,1294,32,32.35
Sat 08:37:00,2196m,54%,54.9,2423Mi,63%,1310,32,32.75
Sat 08:38:00,2163m,54%,54.075,2430Mi,63%,1326,33,33.15
Sat 08:39:00,2220m,55%,55.5,2433Mi,63%,1326,33,33.15
Sat 08:40:00,2195m,54%,54.875,2429Mi,63%,1326,33,33.15
Sat 08:41:01,2167m,54%,54.175,2426Mi,63%,1374,34,34.35
Sat 08:42:00,2155m,53%,53.875,2435Mi,63%,1422,35,35.55
Sat 08:43:00,2175m,54%,54.375,2443Mi,63%,1374,34,34.35
Sat 08:44:00,2236m,55%,55.9,2429Mi,63%,1390,34,34.75
Sat 08:45:00,2185m,54%,54.625,2439Mi,63%,1406,35,35.15
Sat 08:46:00,2173m,54%,54.325,2440Mi,63%,1406,35,35.15
Sat 08:47:00,2226m,55%,55.65,2444Mi,63%,1422,35,35.55
Sat 08:48:00,2130m,53%,53.25,2444Mi,63%,1390,34,34.75
Sat 08:49:00,2195m,54%,54.875,2437Mi,63%,1406,35,35.15
Sat 08:50:00,2209m,55%,55.225,2447Mi,63%,1374,34,34.35
Sat 08:51:00,2169m,54%,54.225,2442Mi,63%,1358,33,33.95
Sat 08:52:00,2191m,54%,54.775,2439Mi,63%,1374,34,34.35
Sat 08:53:00,2194m,54%,54.85,2445Mi,63%,1406,35,35.15
Sat 08:54:00,2167m,54%,54.175,2429Mi,63%,1358,33,33.95
Sat 08:55:00,2210m,55%,55.25,2433Mi,63%,1358,33,33.95
Sat 08:56:00,2144m,53%,53.6,2421Mi,63%,1390,34,34.75
Sat 08:57:00,2218m,55%,55.45,2438Mi,63%,1374,34,34.35
Sat 08:58:00,2219m,55%,55.475,2424Mi,63%,1406,35,35.15
Sat 08:59:00,2173m,54%,54.325,2441Mi,63%,1406,35,35.15
Sat 09:00:00,2193m,54%,54.825,2441Mi,63%,1390,34,34.75
Sat 09:01:00,2153m,53%,53.825,2421Mi,63%,1390,34,34.75
Sat 09:02:00,2166m,54%,54.15,2439Mi,63%,1406,35,35.15
Sat 09:03:00,2239m,55%,55.975,2442Mi,63%,1422,35,35.55
Sat 09:04:00,2129m,53%,53.225,2441Mi,63%,1422,35,35.55
Sat 09:05:00,2249m,56%,56.225,2442Mi,63%,1470,36,36.75
Sat 09:06:00,2224m,55%,55.6,2442Mi,63%,1470,36,36.75
Sat 09:07:00,2205m,55%,55.125,2443Mi,63%,1406,35,35.15
Sat 09:08:00,2189m,54%,54.725,2446Mi,63%,1406,35,35.15
Sat 09:09:00,2237m,55%,55.925,2446Mi,63%,1390,34,34.75
Sat 09:10:00,2181m,54%,54.525,2443Mi,63%,1390,34,34.75
Sat 09:11:00,2178m,54%,54.45,2443Mi,63%,1390,34,34.75
Sat 09:12:00,2172m,54%,54.3,2442Mi,63%,1422,35,35.55
Sat 09:13:00,2200m,55%,55,2448Mi,63%,1406,35,35.15
Sat 09:14:00,2256m,56%,56.4,2444Mi,63%,1390,34,34.75
Sat 09:15:00,2159m,53%,53.975,2439Mi,63%,1326,33,33.15
Sat 09:16:00,2142m,53%,53.55,2427Mi,63%,1310,32,32.75
Sat 09:17:00,2233m,55%,55.825,2416Mi,62%,1326,33,33.15
Sat 09:18:00,2147m,53%,53.675,2419Mi,62%,1358,33,33.95
Sat 09:19:00,2220m,55%,55.5,2443Mi,63%,1294,32,32.35
Sat 09:20:00,2099m,52%,52.475,2429Mi,63%,1310,32,32.75
Sat 09:21:00,2194m,54%,54.85,2428Mi,63%,1374,34,34.35
Sat 09:22:00,2196m,54%,54.9,2429Mi,63%,1390,34,34.75
Sat 09:23:00,2212m,55%,55.3,2435Mi,63%,1374,34,34.35
Sat 09:24:00,2216m,55%,55.4,2437Mi,63%,1390,34,34.75
Sat 09:25:01,2223m,55%,55.575,2449Mi,63%,1438,35,35.95
Sat 09:26:00,2227m,55%,55.675,2462Mi,64%,1454,36,36.35
Sat 09:27:00,2141m,53%,53.525,2465Mi,64%,1422,35,35.55
Sat 09:28:00,2219m,55%,55.475,2462Mi,64%,1422,35,35.55
Sat 09:29:01,2144m,53%,53.6,2455Mi,63%,1406,35,35.15
Sat 09:30:00,2220m,55%,55.5,2455Mi,63%,1454,36,36.35
Sat 09:31:00,2181m,54%,54.525,2462Mi,64%,1438,35,35.95
Sat 09:32:00,2202m,55%,55.05,2449Mi,63%,1390,34,34.75
Sat 09:33:00,2203m,55%,55.075,2450Mi,63%,1422,35,35.55
Sat 09:34:00,2200m,55%,55,2444Mi,63%,1358,33,33.95
Sat 09:35:00,2155m,53%,53.875,2441Mi,63%,1342,33,33.55
Sat 09:36:00,2180m,54%,54.5,2443Mi,63%,1342,33,33.55
Sat 09:37:00,2185m,54%,54.625,2438Mi,63%,1406,35,35.15
Sat 09:38:01,2251m,56%,56.275,2458Mi,63%,1390,34,34.75
Sat 09:39:00,2149m,53%,53.725,2453Mi,63%,1406,35,35.15
Sat 09:40:00,2180m,54%,54.5,2454Mi,63%,1438,35,35.95
Sat 09:41:00,2228m,55%,55.7,2461Mi,64%,1390,34,34.75
Sat 09:42:00,2143m,53%,53.575,2452Mi,63%,1390,34,34.75
Sat 09:43:00,2224m,55%,55.6,2454Mi,63%,1406,35,35.15
Sat 09:44:00,2215m,55%,55.375,2453Mi,63%,1422,35,35.55
Sat 09:45:00,2256m,56%,56.4,2452Mi,63%,1422,35,35.55
Sat 09:46:00,2156m,53%,53.9,2445Mi,63%,1390,34,34.75
Sat 09:47:00,2192m,54%,54.8,2451Mi,63%,1374,34,34.35
Sat 09:48:00,2235m,55%,55.875,2449Mi,63%,1374,34,34.35
Sat 09:49:00,2197m,54%,54.925,2446Mi,63%,1358,33,33.95
Sat 09:50:00,2221m,55%,55.525,2435Mi,63%,1358,33,33.95
Sat 09:51:00,2152m,53%,53.8,2440Mi,63%,1342,33,33.55
Sat 09:52:00,2199m,54%,54.975,2439Mi,63%,1374,34,34.35
Sat 09:53:00,2193m,54%,54.825,2448Mi,63%,1358,33,33.95
Sat 09:54:00,2158m,53%,53.95,2448Mi,63%,1358,33,33.95
Sat 09:55:00,2215m,55%,55.375,2441Mi,63%,1294,32,32.35
Sat 09:56:00,2147m,53%,53.675,2427Mi,63%,1310,32,32.75
Sat 09:57:00,2144m,53%,53.6,2431Mi,63%,1278,31,31.95
Sat 09:58:00,2200m,55%,55,2421Mi,63%,1326,33,33.15
Sat 09:59:00,2220m,55%,55.5,2425Mi,63%,1310,32,32.75
Sat 10:00:00,2185m,54%,54.625,2423Mi,63%,1342,33,33.55
Sat 10:01:00,2137m,53%,53.425,2428Mi,63%,2334,58,58.35
Sat 10:02:00,3175m,79%,79.375,2467Mi,64%,2334,58,58.35
Sat 10:03:00,1652m,41%,41.3,2514Mi,65%,2334,58,58.35
Sat 10:04:00,1469m,36%,36.725,2527Mi,65%,2334,58,58.35
Sat 10:05:00,1281m,32%,32.025,2537Mi,66%,2334,58,58.35
Sat 10:06:00,1395m,34%,34.875,2552Mi,66%,2334,58,58.35
Sat 10:07:01,1306m,32%,32.65,2518Mi,65%,2334,58,58.35
Sat 10:08:00,1134m,28%,28.35,2556Mi,66%,2334,58,58.35
Sat 10:09:01,1151m,28%,28.775,2547Mi,66%,2334,58,58.35
Sat 10:10:00,1319m,32%,32.975,2539Mi,66%,2334,58,58.35
Sat 10:11:00,1676m,41%,41.9,2575Mi,67%,2318,57,57.95
Sat 10:12:00,2396m,59%,59.9,2589Mi,67%,2334,58,58.35
Sat 10:13:00,2238m,55%,55.95,2604Mi,67%,2334,58,58.35
Sat 10:14:00,1757m,43%,43.925,2569Mi,66%,2334,58,58.35
Sat 10:15:00,1177m,29%,29.425,2594Mi,67%,2334,58,58.35
Sat 10:16:00,1133m,28%,28.325,2605Mi,67%,2334,58,58.35
Sat 10:17:00,1116m,27%,27.9,2601Mi,67%,2334,58,58.35
Sat 10:18:00,1046m,26%,26.15,2570Mi,66%,2334,58,58.35
Sat 10:19:00,1046m,26%,26.15,2595Mi,67%,2334,58,58.35
Sat 10:20:00,1395m,34%,34.875,2592Mi,67%,2302,57,57.55
Sat 10:21:00,1650m,41%,41.25,2602Mi,67%,2334,58,58.35
Sat 10:22:00,2219m,55%,55.475,2615Mi,68%,2302,57,57.55
Sat 10:23:00,1954m,48%,48.85,2622Mi,68%,2334,58,58.35
Sat 10:24:00,2021m,50%,50.525,2620Mi,68%,2334,58,58.35
Sat 10:25:00,1970m,49%,49.25,2621Mi,68%,2334,58,58.35
Sat 10:26:00,1106m,27%,27.65,2622Mi,68%,2334,58,58.35
Sat 10:27:00,1183m,29%,29.575,2626Mi,68%,2334,58,58.35
Sat 10:28:00,1087m,27%,27.175,2631Mi,68%,2334,58,58.35
Sat 10:29:00,1002m,25%,25.05,2558Mi,66%,2334,58,58.35
Sat 10:30:00,1206m,30%,30.15,2558Mi,66%,2334,58,58.35
Sat 10:31:00,1846m,46%,46.15,2606Mi,67%,2318,57,57.95
Sat 10:32:00,2281m,57%,57.025,2609Mi,67%,2334,58,58.35
Sat 10:33:00,1715m,42%,42.875,2571Mi,66%,2318,57,57.95
Sat 10:34:01,1682m,42%,42.05,2594Mi,67%,2334,58,58.35
Sat 10:35:00,1261m,31%,31.525,2593Mi,67%,2334,58,58.35
Sat 10:36:00,1261m,31%,31.525,2593Mi,67%,2334,58,58.35
Sat 10:37:00,1099m,27%,27.475,2608Mi,67%,2334,58,58.35
Sat 10:38:00,1144m,28%,28.6,2592Mi,67%,2334,58,58.35
Sat 10:39:00,1061m,26%,26.525,2580Mi,67%,2334,58,58.35
Sat 10:40:00,1079m,26%,26.975,2595Mi,67%,2334,58,58.35
Sat 10:41:00,1748m,43%,43.7,2607Mi,67%,2334,58,58.35
Sat 10:42:00,2055m,51%,51.375,2636Mi,68%,2334,58,58.35
Sat 10:43:00,1919m,47%,47.975,2607Mi,67%,2334,58,58.35
Sat 10:44:00,1477m,36%,36.925,2614Mi,68%,2318,57,57.95
Sat 10:45:00,1737m,43%,43.425,2554Mi,66%,2334,58,58.35
Sat 10:46:00,1737m,43%,43.425,2554Mi,66%,2334,58,58.35
Sat 10:47:00,1463m,36%,36.575,2586Mi,67%,2334,58,58.35
Sat 10:48:00,1219m,30%,30.475,2560Mi,66%,2334,58,58.35
Sat 10:49:00,1543m,38%,38.575,2591Mi,67%,2334,58,58.35
Sat 10:50:00,1142m,28%,28.55,2581Mi,67%,2334,58,58.35
Sat 10:51:00,1405m,35%,35.125,2579Mi,67%,2334,58,58.35
Sat 10:52:00,2162m,54%,54.05,2580Mi,67%,2334,58,58.35
Sat 10:53:01,2776m,69%,69.4,2649Mi,68%,2334,58,58.35
Sat 10:54:00,2543m,63%,63.575,2652Mi,69%,2174,54,54.35
Sat 10:55:00,3251m,81%,81.275,2869Mi,74%,2094,52,52.35
Sat 10:56:00,3686m,92%,92.15,2910Mi,75%,2270,56,56.75
Sat 10:57:00,3618m,90%,90.45,2857Mi,74%,2334,58,58.35
Sat 10:58:00,1619m,40%,40.475,2653Mi,69%,2334,58,58.35
Sat 10:59:00,1311m,32%,32.775,2694Mi,70%,2334,58,58.35
Sat 11:00:00,1637m,40%,40.925,2721Mi,70%,2334,58,58.35
Sat 11:01:00,1233m,30%,30.825,2759Mi,71%,2334,58,58.35
Sat 11:02:01,1706m,42%,42.65,2755Mi,71%,2318,57,57.95
Sat 11:03:00,2344m,58%,58.6,2709Mi,70%,2334,58,58.35
Sat 11:04:00,1735m,43%,43.375,2724Mi,70%,2334,58,58.35
Sat 11:05:00,1377m,34%,34.425,2747Mi,71%,2334,58,58.35
Sat 11:06:00,1095m,27%,27.375,2744Mi,71%,2334,58,58.35
Sat 11:07:01,1292m,32%,32.3,2748Mi,71%,2334,58,58.35
Sat 11:08:00,2024m,50%,50.6,2729Mi,71%,2334,58,58.35
Sat 11:09:00,1183m,29%,29.575,2723Mi,70%,2334,58,58.35
Sat 11:10:00,1027m,25%,25.675,2733Mi,71%,2334,58,58.35
Sat 11:11:00,1461m,36%,36.525,2671Mi,69%,2318,57,57.95
Sat 11:12:00,1660m,41%,41.5,2681Mi,69%,2334,58,58.35
Sat 11:13:00,2087m,52%,52.175,2709Mi,70%,2334,58,58.35
Sat 11:14:00,1733m,43%,43.325,2706Mi,70%,2318,57,57.95
Sat 11:15:00,1297m,32%,32.425,2694Mi,70%,2334,58,58.35
Sat 11:16:00,1309m,32%,32.725,2699Mi,70%,2334,58,58.35
Sat 11:17:00,1290m,32%,32.25,2693Mi,70%,2334,58,58.35
Sat 11:18:00,1411m,35%,35.275,2700Mi,70%,2334,58,58.35
Sat 11:19:00,1608m,40%,40.2,2695Mi,70%,2334,58,58.35
Sat 11:20:01,1110m,27%,27.75,2701Mi,70%,2318,57,57.95
Sat 11:21:00,1133m,28%,28.325,2702Mi,70%,2334,58,58.35
Sat 11:22:00,1620m,40%,40.5,2710Mi,70%,2334,58,58.35
Sat 11:23:00,2062m,51%,51.55,2718Mi,70%,2334,58,58.35
Sat 11:24:00,1903m,47%,47.575,2689Mi,69%,2334,58,58.35
Sat 11:25:00,1257m,31%,31.425,2692Mi,70%,2334,58,58.35
Sat 11:26:00,1894m,47%,47.35,2716Mi,70%,2334,58,58.35
Sat 11:27:00,1166m,29%,29.15,2710Mi,70%,2334,58,58.35
Sat 11:28:00,1491m,37%,37.275,2721Mi,70%,2334,58,58.35
Sat 11:29:00,1346m,33%,33.65,2722Mi,70%,2334,58,58.35
Sat 11:30:00,1333m,33%,33.325,2727Mi,70%,2334,58,58.35
Sat 11:31:00,1168m,29%,29.2,2710Mi,70%,2318,57,57.95
Sat 11:32:00,1636m,40%,40.9,2744Mi,71%,2334,58,58.35
Sat 11:33:00,1750m,43%,43.75,2723Mi,70%,2334,58,58.35
Sat 11:34:00,1726m,43%,43.15,2731Mi,71%,2334,58,58.35
Sat 11:35:00,1511m,37%,37.775,2727Mi,70%,2334,58,58.35
Sat 11:36:00,1322m,33%,33.05,2704Mi,70%,2334,58,58.35
Sat 11:37:00,1235m,30%,30.875,2711Mi,70%,2334,58,58.35
Sat 11:38:00,1265m,31%,31.625,2714Mi,70%,2334,58,58.35
Sat 11:39:00,1421m,35%,35.525,2716Mi,70%,2334,58,58.35
Sat 11:40:00,1291m,32%,32.275,2720Mi,70%,2334,58,58.35
Sat 11:41:00,1428m,35%,35.7,2725Mi,70%,2334,58,58.35
Sat 11:42:00,1389m,34%,34.725,2716Mi,70%,2334,58,58.35
Sat 11:43:00,2039m,50%,50.975,2707Mi,70%,2334,58,58.35
Sat 11:44:00,1641m,41%,41.025,2711Mi,70%,2334,58,58.35
Sat 11:45:00,1343m,33%,33.575,2711Mi,70%,2334,58,58.35
Sat 11:46:00,1399m,34%,34.975,2708Mi,70%,2334,58,58.35
Sat 11:47:01,1078m,26%,26.95,2707Mi,70%,2334,58,58.35
Sat 11:48:00,1178m,29%,29.45,2712Mi,70%,2334,58,58.35
Sat 11:49:00,1532m,38%,38.3,2711Mi,70%,2334,58,58.35
Sat 11:50:00,1445m,36%,36.125,2701Mi,70%,2334,58,58.35
Sat 11:51:00,1304m,32%,32.6,2707Mi,70%,2334,58,58.35
Sat 11:52:00,1632m,40%,40.8,2700Mi,70%,2334,58,58.35
Sat 11:53:01,1431m,35%,35.775,2707Mi,70%,2334,58,58.35
Sat 11:54:00,1870m,46%,46.75,2708Mi,70%,2334,58,58.35
Sat 11:55:00,1433m,35%,35.825,2706Mi,70%,2334,58,58.35
Sat 11:56:00,1414m,35%,35.35,2705Mi,70%,2334,58,58.35
Sat 11:57:00,1544m,38%,38.6,2750Mi,71%,2334,58,58.35
Sat 11:58:00,1056m,26%,26.4,2713Mi,70%,2334,58,58.35
Sat 11:59:00,1304m,32%,32.6,2688Mi,69%,2334,58,58.35
Sat 12:00:00,1673m,41%,41.825,2691Mi,70%,2334,58,58.35
Sat 12:01:00,1428m,35%,35.7,2696Mi,70%,2334,58,58.35
Sat 12:02:00,1341m,33%,33.525,2677Mi,69%,2334,58,58.35
Sat 12:03:00,1768m,44%,44.2,2702Mi,70%,2334,58,58.35
Sat 12:04:00,1671m,41%,41.775,2714Mi,70%,2334,58,58.35
Sat 12:05:00,1427m,35%,35.675,2704Mi,70%,2334,58,58.35
Sat 12:06:00,1355m,33%,33.875,2702Mi,70%,2334,58,58.35
Sat 12:07:00,1188m,29%,29.7,2705Mi,70%,2334,58,58.35
Sat 12:08:00,1245m,31%,31.125,2701Mi,70%,2334,58,58.35
Sat 12:09:00,1265m,31%,31.625,2699Mi,70%,2334,58,58.35
Sat 12:10:00,1648m,41%,41.2,2683Mi,69%,2334,58,58.35
Sat 12:11:00,1539m,38%,38.475,2695Mi,70%,2302,57,57.55
Sat 12:12:00,1544m,38%,38.6,2692Mi,70%,2318,57,57.95
Sat 12:13:00,1544m,38%,38.6,2667Mi,69%,2334,58,58.35
Sat 12:14:00,1816m,45%,45.4,2659Mi,69%,2334,58,58.35
Sat 12:15:00,1905m,47%,47.625,2669Mi,69%,2318,57,57.95
Sat 12:16:00,1456m,36%,36.4,2675Mi,69%,2318,57,57.95
Sat 12:17:00,1163m,29%,29.075,2682Mi,69%,2334,58,58.35
Sat 12:18:00,1114m,27%,27.85,2684Mi,69%,2334,58,58.35
Sat 12:19:00,1438m,35%,35.95,2688Mi,69%,2334,58,58.35
Sat 12:20:00,1223m,30%,30.575,2696Mi,70%,2334,58,58.35
Sat 12:21:00,1508m,37%,37.7,2698Mi,70%,2334,58,58.35
Sat 12:22:00,1750m,43%,43.75,2683Mi,69%,2334,58,58.35
Sat 12:23:00,1544m,38%,38.6,2691Mi,70%,2318,57,57.95
Sat 12:24:00,1604m,40%,40.1,2701Mi,70%,2334,58,58.35
Sat 12:25:00,1626m,40%,40.65,2703Mi,70%,2334,58,58.35
Sat 12:26:00,1289m,32%,32.225,2720Mi,70%,2334,58,58.35
Sat 12:27:00,1588m,39%,39.7,2698Mi,70%,2334,58,58.35
Sat 12:28:00,1301m,32%,32.525,2681Mi,69%,2334,58,58.35
Sat 12:29:00,1331m,33%,33.275,2692Mi,70%,2334,58,58.35
Sat 12:30:00,1313m,32%,32.825,2696Mi,70%,2318,57,57.95
Sat 12:31:00,1615m,40%,40.375,2709Mi,70%,2318,57,57.95
Sat 12:32:00,1596m,39%,39.9,2713Mi,70%,2334,58,58.35
Sat 12:33:00,1608m,40%,40.2,2714Mi,70%,2334,58,58.35
Sat 12:34:00,1534m,38%,38.35,2705Mi,70%,2334,58,58.35
Sat 12:35:00,1419m,35%,35.475,2707Mi,70%,2334,58,58.35
Sat 12:36:00,1406m,35%,35.15,2688Mi,69%,2334,58,58.35
Sat 12:37:00,1237m,30%,30.925,2692Mi,70%,2334,58,58.35
Sat 12:38:00,1305m,32%,32.625,2701Mi,70%,2334,58,58.35
Sat 12:39:00,1279m,31%,31.975,2690Mi,70%,2334,58,58.35
Sat 12:40:00,1250m,31%,31.25,2695Mi,70%,2318,57,57.95
Sat 12:41:00,1687m,42%,42.175,2717Mi,70%,2334,58,58.35
Sat 12:42:00,1675m,41%,41.875,2673Mi,69%,2334,58,58.35
Sat 12:43:00,1548m,38%,38.7,2697Mi,70%,2334,58,58.35
Sat 12:44:00,1504m,37%,37.6,2695Mi,70%,2334,58,58.35
Sat 12:45:00,1536m,38%,38.4,2698Mi,70%,2334,58,58.35
Sat 12:46:00,1297m,32%,32.425,2680Mi,69%,2334,58,58.35
Sat 12:47:00,1275m,31%,31.875,2695Mi,70%,2334,58,58.35
Sat 12:48:01,1340m,33%,33.5,2689Mi,69%,2334,58,58.35
Sat 12:49:00,1268m,31%,31.7,2694Mi,70%,2334,58,58.35
Sat 12:50:00,1428m,35%,35.7,2677Mi,69%,2334,58,58.35
Sat 12:51:00,1600m,40%,40,2690Mi,70%,2318,57,57.95
Sat 12:52:00,1547m,38%,38.675,2687Mi,69%,2318,57,57.95
Sat 12:53:00,1608m,40%,40.2,2697Mi,70%,2318,57,57.95
Sat 12:54:00,1545m,38%,38.625,2689Mi,70%,2334,58,58.35
Sat 12:55:00,1355m,33%,33.875,2696Mi,70%,2334,58,58.35
Sat 12:56:00,1477m,36%,36.925,2691Mi,70%,2334,58,58.35
Sat 12:57:00,1179m,29%,29.475,2681Mi,69%,2334,58,58.35
Sat 12:58:00,1677m,41%,41.925,2686Mi,69%,2334,58,58.35
Sat 12:59:00,1255m,31%,31.375,2690Mi,70%,2334,58,58.35
Sat 13:00:00,1338m,33%,33.45,2701Mi,70%,2334,58,58.35
Sat 13:01:00,1542m,38%,38.55,2686Mi,69%,2302,57,57.55
Sat 13:02:00,1794m,44%,44.85,2658Mi,69%,2334,58,58.35
Sat 13:03:00,1639m,40%,40.975,2693Mi,70%,2334,58,58.35
Sat 13:04:01,1349m,33%,33.725,2690Mi,70%,2334,58,58.35
Sat 13:05:01,1500m,37%,37.5,2701Mi,70%,2334,58,58.35
Sat 13:06:00,1423m,35%,35.575,2695Mi,70%,2334,58,58.35
Sat 13:07:00,1280m,32%,32,2692Mi,70%,2334,58,58.35
Sat 13:08:00,1393m,34%,34.825,2685Mi,69%,2334,58,58.35
Sat 13:09:00,1346m,33%,33.65,2677Mi,69%,2334,58,58.35
Sat 13:10:00,1422m,35%,35.55,2691Mi,70%,2334,58,58.35
Sat 13:11:00,1336m,33%,33.4,2686Mi,69%,2334,58,58.35
Sat 13:12:00,1887m,47%,47.175,2690Mi,70%,2334,58,58.35
Sat 13:13:00,1577m,39%,39.425,2686Mi,69%,2334,58,58.35
Sat 13:14:00,1520m,38%,38,2699Mi,70%,2334,58,58.35
Sat 13:15:00,1371m,34%,34.275,2689Mi,69%,2334,58,58.35
Sat 13:16:00,1416m,35%,35.4,2701Mi,70%,2334,58,58.35
Sat 13:17:00,1354m,33%,33.85,2703Mi,70%,2334,58,58.35
Sat 13:18:00,1138m,28%,28.45,2703Mi,70%,2334,58,58.35
Sat 13:19:00,1469m,36%,36.725,2685Mi,69%,2334,58,58.35
Sat 13:20:00,1367m,34%,34.175,2694Mi,70%,2334,58,58.35
Sat 13:21:00,1501m,37%,37.525,2675Mi,69%,2334,58,58.35
Sat 13:22:00,1794m,44%,44.85,2667Mi,69%,2334,58,58.35
Sat 13:23:01,1740m,43%,43.5,2679Mi,69%,2334,58,58.35
Sat 13:24:00,1539m,38%,38.475,2665Mi,69%,2318,57,57.95
Sat 13:25:00,1338m,33%,33.45,2680Mi,69%,2334,58,58.35
Sat 13:26:00,1492m,37%,37.3,2688Mi,69%,2334,58,58.35
Sat 13:27:00,1254m,31%,31.35,2693Mi,70%,2334,58,58.35
Sat 13:28:00,1171m,29%,29.275,2697Mi,70%,2334,58,58.35
Sat 13:29:00,1554m,38%,38.85,2705Mi,70%,2318,57,57.95
Sat 13:30:00,1687m,42%,42.175,2693Mi,70%,2334,58,58.35
Sat 13:31:00,1628m,40%,40.7,2682Mi,69%,2334,58,58.35
Sat 13:32:00,1398m,34%,34.95,2699Mi,70%,2334,58,58.35
Sat 13:33:00,1679m,41%,41.975,2692Mi,70%,2334,58,58.35
Sat 13:34:00,1514m,37%,37.85,2685Mi,69%,2334,58,58.35
Sat 13:35:00,1482m,37%,37.05,2687Mi,69%,2334,58,58.35
Sat 13:36:00,1324m,33%,33.1,2694Mi,70%,2334,58,58.35
Sat 13:37:00,1339m,33%,33.475,2687Mi,69%,2318,57,57.95
Sat 13:38:00,1034m,25%,25.85,2695Mi,70%,2318,57,57.95
Sat 13:39:00,1312m,32%,32.8,2710Mi,70%,2334,58,58.35
Sat 13:40:00,1650m,41%,41.25,2695Mi,70%,2334,58,58.35
Sat 13:41:00,1369m,34%,34.225,2685Mi,69%,2318,57,57.95
Sat 13:42:00,1607m,40%,40.175,2691Mi,70%,2334,58,58.35
Sat 13:43:00,1534m,38%,38.35,2681Mi,69%,2334,58,58.35
Sat 13:44:01,1648m,41%,41.2,2676Mi,69%,2334,58,58.35
Sat 13:45:00,1443m,36%,36.075,2677Mi,69%,2334,58,58.35
Sat 13:46:00,1504m,37%,37.6,2690Mi,70%,2334,58,58.35
Sat 13:47:01,1322m,33%,33.05,2690Mi,70%,2334,58,58.35
Sat 13:48:00,1159m,28%,28.975,2685Mi,69%,2334,58,58.35
Sat 13:49:00,1410m,35%,35.25,2699Mi,70%,2334,58,58.35
Sat 13:50:01,1573m,39%,39.325,2693Mi,70%,2318,57,57.95
Sat 13:51:00,1483m,37%,37.075,2701Mi,70%,2318,57,57.95
Sat 13:52:00,1546m,38%,38.65,2679Mi,69%,2334,58,58.35
Sat 13:53:00,1594m,39%,39.85,2691Mi,70%,2334,58,58.35
Sat 13:54:00,1630m,40%,40.75,2683Mi,69%,2334,58,58.35
Sat 13:55:00,1432m,35%,35.8,2666Mi,69%,2334,58,58.35
Sat 13:56:00,1386m,34%,34.65,2678Mi,69%,2334,58,58.35
Sat 13:57:00,1438m,35%,35.95,2684Mi,69%,2334,58,58.35
Sat 13:58:00,1214m,30%,30.35,2691Mi,70%,2334,58,58.35
Sat 13:59:00,1570m,39%,39.25,2693Mi,70%,2334,58,58.35
Sat 14:00:00,1570m,39%,39.25,2685Mi,69%,2334,58,58.35
Sat 14:01:00,1217m,30%,30.425,2695Mi,70%,2334,58,58.35
Sat 14:02:01,1672m,41%,41.8,2682Mi,69%,2334,58,58.35
Sat 14:03:00,1552m,38%,38.8,2675Mi,69%,2334,58,58.35
Sat 14:04:00,1500m,37%,37.5,2690Mi,70%,2334,58,58.35
Sat 14:05:00,1416m,35%,35.4,2699Mi,70%,2334,58,58.35
Sat 14:06:00,1582m,39%,39.55,2689Mi,69%,2334,58,58.35
Sat 14:07:00,1310m,32%,32.75,2683Mi,69%,2334,58,58.35
Sat 14:08:00,1162m,29%,29.05,2679Mi,69%,2334,58,58.35
Sat 14:09:00,1280m,32%,32,2684Mi,69%,2334,58,58.35
Sat 14:10:00,1372m,34%,34.3,2683Mi,69%,2318,57,57.95
Sat 14:11:00,1481m,37%,37.025,2680Mi,69%,2334,58,58.35
Sat 14:12:00,1654m,41%,41.35,2664Mi,69%,2334,58,58.35
Sat 14:13:00,1510m,37%,37.75,2669Mi,69%,2334,58,58.35
Sat 14:14:00,1398m,34%,34.95,2677Mi,69%,2334,58,58.35
Sat 14:15:00,1412m,35%,35.3,2691Mi,70%,2334,58,58.35
Sat 14:16:00,1481m,37%,37.025,2660Mi,69%,2334,58,58.35
Sat 14:17:00,1481m,37%,37.025,2680Mi,69%,2334,58,58.35
Sat 14:18:01,1142m,28%,28.55,2689Mi,69%,2334,58,58.35
Sat 14:19:00,1282m,32%,32.05,2686Mi,69%,2334,58,58.35
Sat 14:20:00,1570m,39%,39.25,2681Mi,69%,2334,58,58.35
Sat 14:21:00,1353m,33%,33.825,2684Mi,69%,2334,58,58.35
Sat 14:22:00,1723m,43%,43.075,2706Mi,70%,2334,58,58.35
Sat 14:23:00,1403m,35%,35.075,2691Mi,70%,2334,58,58.35
Sat 14:24:01,1435m,35%,35.875,2694Mi,70%,2334,58,58.35
Sat 14:25:00,1314m,32%,32.85,2662Mi,69%,2334,58,58.35
Sat 14:26:00,1370m,34%,34.25,2689Mi,69%,2334,58,58.35
Sat 14:27:00,1544m,38%,38.6,2677Mi,69%,2334,58,58.35
Sat 14:28:00,1234m,30%,30.85,2672Mi,69%,2334,58,58.35
Sat 14:29:00,1251m,31%,31.275,2680Mi,69%,2334,58,58.35
Sat 14:30:00,1749m,43%,43.725,2690Mi,70%,2334,58,58.35
Sat 14:31:00,1766m,44%,44.15,2706Mi,70%,2334,58,58.35
Sat 14:32:00,1169m,29%,29.225,2692Mi,70%,2334,58,58.35
Sat 14:33:00,1745m,43%,43.625,2709Mi,70%,2334,58,58.35
Sat 14:34:00,1428m,35%,35.7,2681Mi,69%,2334,58,58.35
Sat 14:35:00,1221m,30%,30.525,2678Mi,69%,2334,58,58.35
Sat 14:36:00,1466m,36%,36.65,2677Mi,69%,2334,58,58.35
Sat 14:37:00,1293m,32%,32.325,2679Mi,69%,2334,58,58.35
Sat 14:38:00,1575m,39%,39.375,2682Mi,69%,2334,58,58.35
Sat 14:39:00,1222m,30%,30.55,2679Mi,69%,2334,58,58.35
Sat 14:40:01,1310m,32%,32.75,2689Mi,70%,2334,58,58.35
Sat 14:41:01,1587m,39%,39.675,2692Mi,70%,2334,58,58.35
Sat 14:42:00,1644m,41%,41.1,2675Mi,69%,2334,58,58.35
Sat 14:43:00,1503m,37%,37.575,2686Mi,69%,2334,58,58.35
Sat 14:44:01,1452m,36%,36.3,2677Mi,69%,2334,58,58.35
Sat 14:45:00,1344m,33%,33.6,2680Mi,69%,2334,58,58.35
Sat 14:46:00,1403m,35%,35.075,2680Mi,69%,2334,58,58.35
Sat 14:47:01,1454m,36%,36.35,2691Mi,70%,2302,57,57.55
Sat 14:48:01,1265m,31%,31.625,2713Mi,70%,2334,58,58.35
Sat 14:49:00,1513m,37%,37.825,2676Mi,69%,2334,58,58.35
Sat 14:50:00,1936m,48%,48.4,2683Mi,69%,2334,58,58.35
Sat 14:51:00,1668m,41%,41.7,2678Mi,69%,2334,58,58.35
