Fri 17:00:00,236m,5%,5.9,2215Mi,57%,750,18,18.75
Fri 17:01:00,229m,5%,5.725,2215Mi,57%,824,20,20.6
Fri 17:02:00,321m,8%,8.025,2222Mi,57%,861,21,21.525
Fri 17:03:00,297m,7%,7.425,2225Mi,57%,861,21,21.525
Fri 17:04:00,284m,7%,7.1,2227Mi,57%,935,23,23.375
Fri 17:05:00,354m,8%,8.85,2235Mi,58%,972,24,24.3
Fri 17:06:00,417m,10%,10.425,2237Mi,58%,1009,25,25.225
Fri 17:07:00,296m,7%,7.4,2241Mi,58%,1083,27,27.075
Fri 17:08:01,364m,9%,9.1,2247Mi,58%,1120,28,28
Fri 17:09:00,322m,8%,8.05,2251Mi,58%,1157,28,28.925
Fri 17:10:00,349m,8%,8.725,2255Mi,58%,1157,28,28.925
Fri 17:11:00,330m,8%,8.25,2255Mi,58%,1194,29,29.85
Fri 17:12:00,342m,8%,8.55,2260Mi,58%,1194,29,29.85
Fri 17:13:00,340m,8%,8.5,2260Mi,58%,1268,31,31.7
Fri 17:14:00,388m,9%,9.7,2267Mi,59%,1342,33,33.55
Fri 17:15:00,372m,9%,9.3,2274Mi,59%,1379,34,34.475
Fri 17:16:00,372m,9%,9.3,2278Mi,59%,1416,35,35.4
Fri 17:17:00,367m,9%,9.175,2281Mi,59%,1453,36,36.325
Fri 17:18:00,382m,9%,9.55,2284Mi,59%,1490,37,37.25
Fri 17:19:00,368m,9%,9.2,2285Mi,59%,1527,38,38.175
Fri 17:20:00,441m,11%,11.025,2307Mi,60%,1564,39,39.1
Fri 17:21:00,441m,11%,11.025,2307Mi,60%,1601,40,40.025
Fri 17:22:00,462m,11%,11.55,2298Mi,59%,1638,40,40.95
Fri 17:23:00,428m,10%,10.7,2303Mi,59%,1675,41,41.875
Fri 17:24:00,439m,10%,10.975,2308Mi,60%,1712,42,42.8
Fri 17:25:00,420m,10%,10.5,2303Mi,59%,1749,43,43.725
Fri 17:26:00,462m,11%,11.55,2307Mi,60%,1786,44,44.65
Fri 17:27:01,439m,10%,10.975,2310Mi,60%,1786,44,44.65
Fri 17:28:00,418m,10%,10.45,2311Mi,60%,1823,45,45.575
Fri 17:29:00,460m,11%,11.5,2315Mi,60%,1823,45,45.575
Fri 17:30:00,503m,12%,12.575,2335Mi,60%,1897,47,47.425
Fri 17:31:01,503m,12%,12.575,2335Mi,60%,1897,47,47.425
Fri 17:32:00,502m,12%,12.55,2327Mi,60%,1934,48,48.35
Fri 17:33:01,451m,11%,11.275,2333Mi,60%,1971,49,49.275
Fri 17:34:00,450m,11%,11.25,2340Mi,60%,2045,51,51.125
Fri 17:35:00,619m,15%,15.475,2345Mi,61%,2045,51,51.125
Fri 17:36:00,532m,13%,13.3,2335Mi,60%,2119,52,52.975
Fri 17:37:01,526m,13%,13.15,2343Mi,60%,2156,53,53.9
Fri 17:38:00,529m,13%,13.225,2347Mi,61%,2193,54,54.825
Fri 17:39:00,516m,12%,12.9,2351Mi,61%,2193,54,54.825
Fri 17:40:00,470m,11%,11.75,2350Mi,61%,2230,55,55.75
Fri 17:41:00,548m,13%,13.7,2354Mi,61%,2304,57,57.6
Fri 17:42:00,566m,14%,14.15,2361Mi,61%,2378,59,59.45
Fri 17:43:00,549m,13%,13.725,2354Mi,61%,2452,61,61.3
Fri 17:44:00,587m,14%,14.675,2337Mi,60%,2452,61,61.3
Fri 17:45:00,560m,14%,14,2340Mi,60%,2526,63,63.15
Fri 17:46:00,536m,13%,13.4,2342Mi,60%,2563,64,64.075
Fri 17:47:00,566m,14%,14.15,2361Mi,61%,2600,65,65
Fri 17:48:00,569m,14%,14.225,2364Mi,61%,2674,66,66.85
Fri 17:49:00,653m,16%,16.325,2334Mi,60%,2711,67,67.775
Fri 17:50:00,614m,15%,15.35,2325Mi,60%,2637,65,65.925
Fri 17:51:00,879m,21%,21.975,2325Mi,60%,2637,65,65.925
Fri 17:52:00,681m,17%,17.025,2325Mi,60%,2674,66,66.85
Fri 17:53:00,689m,17%,17.225,2325Mi,60%,2711,67,67.775
Fri 17:54:00,721m,18%,18.025,2327Mi,60%,2674,66,66.85
Fri 17:55:00,932m,23%,23.3,2323Mi,60%,2637,65,65.925
Fri 17:56:00,650m,16%,16.25,2323Mi,60%,2563,64,64.075
Fri 17:57:00,937m,23%,23.425,2314Mi,60%,2600,65,65
Fri 17:58:00,693m,17%,17.325,2325Mi,60%,2600,65,65
Fri 17:59:00,586m,14%,14.65,2325Mi,60%,2637,65,65.925
Fri 18:00:00,586m,14%,14.65,2315Mi,60%,2600,65,65
Fri 18:01:01,1027m,25%,25.675,2312Mi,60%,2600,65,65
Fri 18:02:00,497m,12%,12.425,2329Mi,60%,2606,65,65.15
Fri 18:03:00,1169m,29%,29.225,2335Mi,60%,2532,63,63.3
Fri 18:04:00,833m,20%,20.825,2327Mi,60%,2612,65,65.3
Fri 18:05:00,752m,18%,18.8,2326Mi,60%,2578,64,64.45
Fri 18:06:00,1014m,25%,25.35,2326Mi,60%,2578,64,64.45
Fri 18:07:00,546m,13%,13.65,2344Mi,61%,2658,66,66.45
Fri 18:08:01,619m,15%,15.475,2335Mi,60%,2738,68,68.45
Fri 18:09:00,733m,18%,18.325,2341Mi,60%,2778,69,69.45
Fri 18:10:00,608m,15%,15.2,2344Mi,61%,2744,68,68.6
Fri 18:11:00,981m,24%,24.525,2314Mi,60%,2713,67,67.825
Fri 18:12:00,1354m,33%,33.85,2314Mi,60%,2716,67,67.9
Fri 18:13:00,755m,18%,18.875,2314Mi,60%,2682,67,67.05
Fri 18:14:00,1035m,25%,25.875,2310Mi,60%,2685,67,67.125
Fri 18:15:00,755m,18%,18.875,2310Mi,60%,2688,67,67.2
Fri 18:16:01,812m,20%,20.3,2309Mi,60%,2728,68,68.2
Fri 18:17:00,483m,12%,12.075,2329Mi,60%,2691,67,67.275
Fri 18:18:00,1063m,26%,26.575,2310Mi,60%,2691,67,67.275
Fri 18:19:00,528m,13%,13.2,2316Mi,60%,2771,69,69.275
Fri 18:20:00,721m,18%,18.025,2318Mi,60%,2811,70,70.275
Fri 18:21:00,786m,19%,19.65,2321Mi,60%,2891,72,72.275
Fri 18:22:00,597m,14%,14.925,2343Mi,60%,2891,72,72.275
Fri 18:23:00,682m,17%,17.05,2328Mi,60%,2743,68,68.575
Fri 18:24:01,1391m,34%,34.775,2333Mi,60%,2743,68,68.575
Fri 18:25:00,615m,15%,15.375,2318Mi,60%,2672,66,66.8
Fri 18:26:00,1291m,32%,32.275,2328Mi,60%,2598,64,64.95
Fri 18:27:00,1091m,27%,27.275,2305Mi,59%,2601,65,65.025
Fri 18:28:00,827m,20%,20.675,2306Mi,60%,2641,66,66.025
Fri 18:29:00,453m,11%,11.325,2312Mi,60%,2604,65,65.1
Fri 18:30:00,991m,24%,24.775,2310Mi,60%,2610,65,65.25
Fri 18:31:00,1114m,27%,27.85,2317Mi,60%,2576,64,64.4
Fri 18:32:00,1294m,32%,32.35,2307Mi,60%,2619,65,65.475
Fri 18:33:00,1356m,33%,33.9,2307Mi,60%,2662,66,66.55
Fri 18:34:00,928m,23%,23.2,2312Mi,60%,2662,66,66.55
Fri 18:35:00,917m,22%,22.925,2310Mi,60%,2662,66,66.55
Fri 18:36:00,1262m,31%,31.55,2313Mi,60%,2702,67,67.55
Fri 18:37:00,609m,15%,15.225,2333Mi,60%,2591,64,64.775
Fri 18:38:00,1593m,39%,39.825,2326Mi,60%,2440,61,61
Fri 18:39:00,1798m,44%,44.95,2296Mi,59%,2403,60,60.075
Fri 18:40:00,863m,21%,21.575,2300Mi,59%,2323,58,58.075
Fri 18:41:01,1297m,32%,32.425,2293Mi,59%,2283,57,57.075
Fri 18:42:00,1353m,33%,33.825,2284Mi,59%,2283,57,57.075
Fri 18:43:00,1165m,29%,29.125,2295Mi,59%,2243,56,56.075
Fri 18:44:00,704m,17%,17.6,2298Mi,59%,2243,56,56.075
Fri 18:45:00,1414m,35%,35.35,2282Mi,59%,2283,57,57.075
Fri 18:46:00,904m,22%,22.6,2285Mi,59%,2283,57,57.075
Fri 18:47:00,855m,21%,21.375,2285Mi,59%,2243,56,56.075
Fri 18:48:00,884m,22%,22.1,2298Mi,59%,2283,57,57.075
Fri 18:49:00,887m,22%,22.175,2285Mi,59%,2283,57,57.075
Fri 18:50:01,885m,22%,22.125,2283Mi,59%,2289,57,57.225
Fri 18:51:00,1098m,27%,27.45,2301Mi,59%,2252,56,56.3
Fri 18:52:00,1299m,32%,32.475,2293Mi,59%,2178,54,54.45
Fri 18:53:00,1589m,39%,39.725,2289Mi,59%,2104,52,52.6
Fri 18:54:00,1874m,46%,46.85,2270Mi,59%,2027,50,50.675
Fri 18:55:00,1526m,38%,38.15,2271Mi,59%,2030,50,50.75
Fri 18:56:00,1043m,26%,26.075,2264Mi,58%,2070,51,51.75
Fri 18:57:00,865m,21%,21.625,2266Mi,58%,2110,52,52.75
Fri 18:58:00,633m,15%,15.825,2284Mi,59%,2070,51,51.75
Fri 18:59:00,1181m,29%,29.525,2272Mi,59%,2110,52,52.75
Fri 19:00:00,574m,14%,14.35,2283Mi,59%,2111,52,52.775
Fri 19:01:00,1337m,33%,33.425,2265Mi,58%,2071,51,51.775
Fri 19:02:00,862m,21%,21.55,2266Mi,58%,2112,52,52.8
Fri 19:03:00,418m,10%,10.45,2284Mi,59%,2073,51,51.825
Fri 19:04:00,1618m,40%,40.45,2280Mi,59%,1993,49,49.825
Fri 19:05:00,1279m,31%,31.975,2261Mi,58%,2035,50,50.875
Fri 19:06:00,1617m,40%,40.425,2263Mi,58%,1955,48,48.875
Fri 19:07:00,1384m,34%,34.6,2258Mi,58%,1915,47,47.875
Fri 19:08:00,622m,15%,15.55,2271Mi,59%,1916,47,47.9
Fri 19:09:00,1257m,31%,31.425,2259Mi,58%,1958,48,48.95
Fri 19:10:00,922m,23%,23.05,2259Mi,58%,1919,47,47.975
Fri 19:11:00,1478m,36%,36.95,2275Mi,59%,1960,49,49
Fri 19:12:00,601m,15%,15.025,2279Mi,59%,2001,50,50.025
Fri 19:13:00,746m,18%,18.65,2273Mi,59%,2042,51,51.05
Fri 19:14:00,904m,22%,22.6,2284Mi,59%,2002,50,50.05
Fri 19:15:00,921m,23%,23.025,2273Mi,59%,1963,49,49.075
Fri 19:16:00,1416m,35%,35.4,2280Mi,59%,2004,50,50.1
Fri 19:17:00,690m,17%,17.25,2273Mi,59%,1924,48,48.1
Fri 19:18:00,1119m,27%,27.975,2280Mi,59%,1925,48,48.125
Fri 19:19:00,1447m,36%,36.175,2266Mi,58%,1885,47,47.125
Fri 19:20:00,931m,23%,23.275,2263Mi,58%,1886,47,47.15
Fri 19:21:00,1029m,25%,25.725,2264Mi,58%,1806,45,45.15
Fri 19:22:00,1078m,26%,26.95,2277Mi,59%,1806,45,45.15
Fri 19:23:00,989m,24%,24.725,2257Mi,58%,1808,45,45.2
Fri 19:24:00,1428m,35%,35.7,2261Mi,58%,1809,45,45.225
Fri 19:25:00,903m,22%,22.575,2252Mi,58%,1810,45,45.25
Fri 19:26:00,903m,22%,22.575,2252Mi,58%,1811,45,45.275
Fri 19:27:00,1114m,27%,27.85,2271Mi,59%,1812,45,45.3
Fri 19:28:01,835m,20%,20.875,2260Mi,58%,1813,45,45.325
Fri 19:29:00,1268m,31%,31.7,2258Mi,58%,1854,46,46.35
Fri 19:30:00,801m,20%,20.025,2275Mi,59%,1895,47,47.375
Fri 19:31:00,652m,16%,16.3,2271Mi,59%,1895,47,47.375
Fri 19:32:00,773m,19%,19.325,2265Mi,58%,1977,49,49.425
Fri 19:33:00,886m,22%,22.15,2288Mi,59%,1897,47,47.425
Fri 19:34:00,1084m,27%,27.1,2267Mi,59%,1938,48,48.45
Fri 19:35:00,972m,24%,24.3,2269Mi,59%,1938,48,48.45
Fri 19:36:00,939m,23%,23.475,2269Mi,59%,1979,49,49.475
Fri 19:37:00,582m,14%,14.55,2281Mi,59%,1979,49,49.475
Fri 19:38:00,755m,18%,18.875,2272Mi,59%,2020,50,50.5
Fri 19:39:00,966m,24%,24.15,2276Mi,59%,2061,51,51.525
Fri 19:40:00,650m,16%,16.25,2284Mi,59%,2102,52,52.55
Fri 19:41:00,783m,19%,19.575,2282Mi,59%,2103,52,52.575
Fri 19:42:00,1012m,25%,25.3,2282Mi,59%,2103,52,52.575
Fri 19:43:00,808m,20%,20.2,2283Mi,59%,2144,53,53.6
Fri 19:44:00,582m,14%,14.55,2296Mi,59%,2185,54,54.625
Fri 19:45:00,947m,23%,23.675,2291Mi,59%,2226,55,55.65
Fri 19:46:00,895m,22%,22.375,2300Mi,59%,2267,56,56.675
Fri 19:47:00,542m,13%,13.55,2294Mi,59%,2226,55,55.65
Fri 19:48:00,1175m,29%,29.375,2305Mi,60%,2267,56,56.675
Fri 19:49:00,697m,17%,17.425,2310Mi,60%,2308,57,57.7
Fri 19:50:00,844m,21%,21.1,2313Mi,60%,2390,59,59.75
Fri 19:51:00,1251m,31%,31.275,2328Mi,60%,2349,58,58.725
Fri 19:52:00,919m,22%,22.975,2320Mi,60%,2267,56,56.675
Fri 19:53:00,1575m,39%,39.375,2321Mi,60%,2308,57,57.7
Fri 19:54:00,1033m,25%,25.825,2307Mi,60%,2267,56,56.675
Fri 19:55:00,1204m,30%,30.1,2316Mi,60%,2226,55,55.65
Fri 19:56:00,1350m,33%,33.75,2317Mi,60%,2185,54,54.625
Fri 19:57:00,1162m,29%,29.05,2298Mi,59%,2185,54,54.625
Fri 19:58:00,1058m,26%,26.45,2298Mi,59%,2103,52,52.575
Fri 19:59:00,1197m,29%,29.925,2295Mi,59%,2144,53,53.6
Fri 20:00:00,1368m,34%,34.2,2300Mi,59%,2144,53,53.6
Fri 20:01:00,893m,22%,22.325,2308Mi,60%,2220,55,55.5
Fri 20:02:00,1018m,25%,25.45,2300Mi,59%,2217,55,55.425
Fri 20:03:00,1093m,27%,27.325,2299Mi,59%,2214,55,55.35
Fri 20:04:00,1097m,27%,27.425,2299Mi,59%,2211,55,55.275
Fri 20:05:00,1276m,31%,31.9,2319Mi,60%,2249,56,56.225
Fri 20:06:00,792m,19%,19.8,2322Mi,60%,2287,57,57.175
Fri 20:07:00,993m,24%,24.825,2308Mi,60%,2284,57,57.1
Fri 20:08:00,1109m,27%,27.725,2309Mi,60%,2322,58,58.05
Fri 20:09:00,969m,24%,24.225,2318Mi,60%,2360,59,59
Fri 20:10:00,747m,18%,18.675,2326Mi,60%,2398,59,59.95
Fri 20:11:00,1068m,26%,26.7,2319Mi,60%,2436,60,60.9
Fri 20:12:00,1068m,26%,26.7,2319Mi,60%,2436,60,60.9
Fri 20:13:00,811m,20%,20.275,2319Mi,60%,2231,55,55.775
Fri 20:14:00,1514m,37%,37.85,2321Mi,60%,2190,54,54.75
Fri 20:15:00,1383m,34%,34.575,2317Mi,60%,2149,53,53.725
Fri 20:16:00,1056m,26%,26.4,2300Mi,59%,2143,53,53.575
Fri 20:17:00,1524m,38%,38.1,2299Mi,59%,2181,54,54.525
Fri 20:18:00,1408m,35%,35.2,2301Mi,59%,2178,54,54.45
Fri 20:19:00,1160m,28%,29,2306Mi,60%,2175,54,54.375
Fri 20:20:00,710m,17%,17.75,2292Mi,59%,2251,56,56.275
Fri 20:21:00,1344m,33%,33.6,2312Mi,60%,2210,55,55.25
Fri 20:22:01,1289m,32%,32.225,2314Mi,60%,2248,56,56.2
Fri 20:23:01,983m,24%,24.575,2334Mi,60%,2245,56,56.125
Fri 20:24:00,1630m,40%,40.75,2331Mi,60%,2245,56,56.125
Fri 20:25:00,756m,18%,18.9,2319Mi,60%,2239,55,55.975
Fri 20:26:00,1543m,38%,38.575,2336Mi,60%,2274,56,56.85
Fri 20:27:00,1671m,41%,41.775,2338Mi,60%,2271,56,56.775
Fri 20:28:00,1663m,41%,41.575,2330Mi,60%,2271,56,56.775
Fri 20:29:00,693m,17%,17.325,2323Mi,60%,2268,56,56.7
Fri 20:30:00,1862m,46%,46.55,2338Mi,60%,2227,55,55.675
Fri 20:31:00,1641m,41%,41.025,2337Mi,60%,2186,54,54.65
Fri 20:32:00,1982m,49%,49.55,2320Mi,60%,2148,53,53.7
Fri 20:33:00,1968m,49%,49.2,2315Mi,60%,2186,54,54.65
Fri 20:34:00,1483m,37%,37.075,2322Mi,60%,2262,56,56.55
Fri 20:35:00,884m,22%,22.1,2321Mi,60%,2262,56,56.55
Fri 20:36:00,1346m,33%,33.65,2322Mi,60%,2139,53,53.475
Fri 20:37:00,1853m,46%,46.325,2329Mi,60%,2057,51,51.425
Fri 20:38:00,1945m,48%,48.625,2309Mi,60%,2092,52,52.3
Fri 20:39:01,904m,22%,22.6,2321Mi,60%,2127,53,53.175
Fri 20:40:00,1659m,41%,41.475,2323Mi,60%,2165,54,54.125
Fri 20:41:00,1038m,25%,25.95,2317Mi,60%,2241,56,56.025
Fri 20:42:00,980m,24%,24.5,2343Mi,60%,2241,56,56.025
Fri 20:43:00,1318m,32%,32.95,2320Mi,60%,2238,55,55.95
Fri 20:44:00,1076m,26%,26.9,2325Mi,60%,2276,56,56.9
Fri 20:45:00,1208m,30%,30.2,2323Mi,60%,2197,54,54.925
Fri 20:46:00,1648m,41%,41.2,2309Mi,60%,2118,52,52.95
Fri 20:47:00,1995m,49%,49.875,2307Mi,60%,2194,54,54.85
Fri 20:48:00,961m,24%,24.025,2301Mi,59%,2194,54,54.85
Fri 20:49:01,1736m,43%,43.4,2301Mi,59%,2156,53,53.9
Fri 20:50:00,1980m,49%,49.5,2289Mi,59%,2080,52,52
Fri 20:51:00,1571m,39%,39.275,2281Mi,59%,2118,52,52.95
Fri 20:52:00,952m,23%,23.8,2283Mi,59%,2156,53,53.9
Fri 20:53:00,1472m,36%,36.8,2282Mi,59%,2156,53,53.9
Fri 20:54:00,915m,22%,22.875,2297Mi,59%,2156,53,53.9
Fri 20:55:00,1917m,47%,47.925,2301Mi,59%,2194,54,54.85
Fri 20:56:00,1548m,38%,38.7,2300Mi,59%,2232,55,55.8
Fri 20:57:00,1444m,36%,36.1,2314Mi,60%,2270,56,56.75
Fri 20:58:00,1337m,33%,33.425,2324Mi,60%,2194,54,54.85
Fri 20:59:00,1973m,49%,49.325,2321Mi,60%,2270,56,56.75
Fri 21:00:00,875m,21%,21.875,2327Mi,60%,2270,56,56.75
Fri 21:01:01,1450m,36%,36.25,2317Mi,60%,2194,54,54.85
Fri 21:02:00,1698m,42%,42.45,2314Mi,60%,2118,52,52.95
Fri 21:03:01,1613m,40%,40.325,2318Mi,60%,2080,52,52
Fri 21:04:00,1575m,39%,39.375,2306Mi,60%,2042,51,51.05
Fri 21:05:00,1426m,35%,35.65,2303Mi,59%,2004,50,50.1
Fri 21:06:00,1410m,35%,35.25,2299Mi,59%,2020,50,50.5
Fri 21:07:00,1826m,45%,45.65,2307Mi,60%,1944,48,48.6
Fri 21:08:00,1954m,48%,48.85,2297Mi,59%,1906,47,47.65
Fri 21:09:00,1598m,39%,39.95,2289Mi,59%,1906,47,47.65
Fri 21:10:00,976m,24%,24.4,2305Mi,60%,1998,49,49.95
Fri 21:11:01,988m,24%,24.7,2298Mi,59%,1998,49,49.95
Fri 21:12:00,1245m,31%,31.125,2297Mi,59%,2044,51,51.1
Fri 21:13:00,1054m,26%,26.35,2317Mi,60%,1984,49,49.6
Fri 21:14:00,1781m,44%,44.525,2306Mi,60%,2030,50,50.75
Fri 21:15:00,1323m,33%,33.075,2295Mi,59%,2076,51,51.9
Fri 21:16:00,1278m,31%,31.95,2299Mi,59%,2122,53,53.05
Fri 21:17:00,937m,23%,23.425,2302Mi,59%,2168,54,54.2
Fri 21:18:00,1088m,27%,27.2,2305Mi,59%,2168,54,54.2
Fri 21:19:00,1303m,32%,32.575,2311Mi,60%,2214,55,55.35
Fri 21:20:00,857m,21%,21.425,2309Mi,60%,2214,55,55.35
Fri 21:21:00,1094m,27%,27.35,2312Mi,60%,2306,57,57.65
Fri 21:22:00,1386m,34%,34.65,2307Mi,60%,1926,48,48.15
Fri 21:23:00,1980m,49%,49.5,2279Mi,59%,1812,45,45.3
Fri 21:24:00,1978m,49%,49.45,2263Mi,58%,1790,44,44.75
Fri 21:25:00,1933m,48%,48.325,2249Mi,58%,1760,44,44
Fri 21:26:00,1981m,49%,49.525,2249Mi,58%,1646,41,41.15
Fri 21:27:00,1949m,48%,48.725,2235Mi,58%,1692,42,42.3
Fri 21:28:00,976m,24%,24.4,2237Mi,58%,1738,43,43.45
Fri 21:29:00,1255m,31%,31.375,2238Mi,58%,1784,44,44.6
Fri 21:30:00,763m,19%,19.075,2243Mi,58%,1754,43,43.85
Fri 21:31:00,1927m,48%,48.175,2239Mi,58%,1716,42,42.9
Fri 21:32:01,1734m,43%,43.35,2232Mi,58%,1762,44,44.05
Fri 21:33:00,910m,22%,22.75,2244Mi,58%,1762,44,44.05
Fri 21:34:00,959m,23%,23.975,2236Mi,58%,1808,45,45.2
Fri 21:35:00,1510m,37%,37.75,2243Mi,58%,1854,46,46.35
Fri 21:36:00,937m,23%,23.425,2255Mi,58%,1900,47,47.5
Fri 21:37:00,910m,22%,22.75,2249Mi,58%,1946,48,48.65
Fri 21:38:00,1458m,36%,36.45,2250Mi,58%,1992,49,49.8
Fri 21:39:00,806m,20%,20.15,2266Mi,58%,2038,50,50.95
Fri 21:40:00,1086m,27%,27.15,2254Mi,58%,2084,52,52.1
Fri 21:41:00,1116m,27%,27.9,2255Mi,58%,2084,52,52.1
Fri 21:42:00,1218m,30%,30.45,2255Mi,58%,2084,52,52.1
Fri 21:43:00,1031m,25%,25.775,2255Mi,58%,2130,53,53.25
Fri 21:44:00,1320m,33%,33,2261Mi,58%,2176,54,54.4
Fri 21:45:00,1173m,29%,29.325,2283Mi,59%,2222,55,55.55
Fri 21:46:00,1070m,26%,26.75,2268Mi,59%,2268,56,56.7
Fri 21:47:00,1153m,28%,28.825,2271Mi,59%,2314,57,57.85
Fri 21:48:00,1203m,30%,30.075,2288Mi,59%,2314,57,57.85
Fri 21:49:00,928m,23%,23.2,2276Mi,59%,2360,59,59
Fri 21:50:00,1064m,26%,26.6,2291Mi,59%,2360,59,59
Fri 21:51:00,1462m,36%,36.55,2275Mi,59%,2406,60,60.15
Fri 21:52:00,1127m,28%,28.175,2276Mi,59%,2406,60,60.15
Fri 21:53:00,1019m,25%,25.475,2277Mi,59%,2406,60,60.15
Fri 21:54:00,1440m,36%,36,2282Mi,59%,2360,59,59
Fri 21:55:00,1953m,48%,48.825,2278Mi,59%,2406,60,60.15
Fri 21:56:00,1016m,25%,25.4,2274Mi,59%,2406,60,60.15
Fri 21:57:00,1281m,32%,32.025,2274Mi,59%,2452,61,61.3
Fri 21:58:00,1186m,29%,29.65,2275Mi,59%,2452,61,61.3
Fri 21:59:00,1186m,29%,29.65,2275Mi,59%,2452,61,61.3
Fri 22:00:01,1173m,29%,29.325,2273Mi,59%,2452,61,61.3
Fri 22:01:00,1687m,42%,42.175,2287Mi,59%,2453,61,61.325
Fri 22:02:00,1977m,49%,49.425,2284Mi,59%,2407,60,60.175
Fri 22:03:00,1095m,27%,27.375,2280Mi,59%,2362,59,59.05
Fri 22:04:00,1966m,49%,49.15,2280Mi,59%,2410,60,60.25
Fri 22:05:00,1954m,48%,48.85,2268Mi,59%,2457,61,61.425
Fri 22:06:00,1200m,30%,30,2265Mi,58%,2505,62,62.625
Fri 22:07:00,1599m,39%,39.975,2282Mi,59%,2552,63,63.8
Fri 22:08:00,1739m,43%,43.475,2267Mi,59%,2506,62,62.65
Fri 22:09:00,1179m,29%,29.475,2266Mi,58%,2507,62,62.675
Fri 22:10:00,1622m,40%,40.55,2278Mi,59%,2601,65,65.025
Fri 22:11:00,599m,14%,14.975,2265Mi,58%,2602,65,65.05
Fri 22:12:00,1372m,34%,34.3,2274Mi,59%,2556,63,63.9
Fri 22:13:00,1985m,49%,49.625,2262Mi,58%,2510,62,62.75
Fri 22:14:00,1008m,25%,25.2,2277Mi,59%,2557,63,63.925
Fri 22:15:00,865m,21%,21.625,2251Mi,58%,2604,65,65.1
Fri 22:16:00,1916m,47%,47.9,2287Mi,59%,2698,67,67.45
Fri 22:17:01,1135m,28%,28.375,2290Mi,59%,2745,68,68.625
Fri 22:18:00,1304m,32%,32.6,2300Mi,59%,2745,68,68.625
Fri 22:19:00,1585m,39%,39.625,2310Mi,60%,2839,70,70.975
Fri 22:20:00,962m,24%,24.05,2333Mi,60%,2839,70,70.975
Fri 22:21:00,1515m,37%,37.875,2319Mi,60%,2702,67,67.55
Fri 22:22:00,1552m,38%,38.8,2330Mi,60%,2657,66,66.425
Fri 22:23:00,2024m,50%,50.6,2326Mi,60%,2657,66,66.425
Fri 22:24:00,1343m,33%,33.575,2310Mi,60%,2657,66,66.425
Fri 22:25:00,1527m,38%,38.175,2326Mi,60%,2751,68,68.775
Fri 22:26:00,988m,24%,24.7,2324Mi,60%,2798,69,69.95
Fri 22:27:00,1355m,33%,33.875,2320Mi,60%,2845,71,71.125
Fri 22:28:00,1619m,40%,40.475,2335Mi,60%,2892,72,72.3
Fri 22:29:00,1026m,25%,25.65,2330Mi,60%,2892,72,72.3
Fri 22:30:00,1283m,32%,32.075,2332Mi,60%,2939,73,73.475
Fri 22:31:00,1658m,41%,41.45,2339Mi,60%,2755,68,68.875
Fri 22:32:00,1733m,43%,43.325,2328Mi,60%,2756,68,68.9
Fri 22:33:00,1817m,45%,45.425,2323Mi,60%,2803,70,70.075
Fri 22:34:00,1249m,31%,31.225,2334Mi,60%,2850,71,71.25
Fri 22:35:00,1414m,35%,35.35,2329Mi,60%,2897,72,72.425
Fri 22:36:00,1467m,36%,36.675,2341Mi,60%,2944,73,73.6
Fri 22:37:00,1035m,25%,25.875,2338Mi,60%,2991,74,74.775
Fri 22:38:01,1539m,38%,38.475,2331Mi,60%,2991,74,74.775
Fri 22:39:00,1456m,36%,36.4,2342Mi,60%,3038,75,75.95
Fri 22:40:00,1069m,26%,26.725,2342Mi,60%,3132,78,78.3
Fri 22:41:00,1501m,37%,37.525,2336Mi,60%,3179,79,79.475
Fri 22:42:00,1525m,38%,38.125,2336Mi,60%,3226,80,80.65
Fri 22:43:00,1145m,28%,28.625,2342Mi,60%,3320,83,83
Fri 22:44:00,1437m,35%,35.925,2335Mi,60%,3320,83,83
Fri 22:45:00,1552m,38%,38.8,2336Mi,60%,3274,81,81.85
Fri 22:46:00,1162m,29%,29.05,2351Mi,61%,3368,84,84.2
Fri 22:47:01,1473m,36%,36.825,2343Mi,60%,3415,85,85.375
Fri 22:48:00,1648m,41%,41.2,2365Mi,61%,3462,86,86.55
Fri 22:49:00,1242m,31%,31.05,2350Mi,61%,3556,88,88.9
Fri 22:50:00,1499m,37%,37.475,2340Mi,60%,3462,86,86.55
Fri 22:51:00,1585m,39%,39.625,2339Mi,60%,3321,83,83.025
Fri 22:52:01,1773m,44%,44.325,2335Mi,60%,3274,81,81.85
Fri 22:53:01,2043m,51%,51.075,2324Mi,60%,3180,79,79.5
Fri 22:54:00,2011m,50%,50.275,2315Mi,60%,3086,77,77.15
Fri 22:55:00,2026m,50%,50.65,2319Mi,60%,3086,77,77.15
Fri 22:56:00,2026m,50%,50.65,2308Mi,60%,3039,75,75.975
Fri 22:57:00,1907m,47%,47.675,2306Mi,60%,2992,74,74.8
Fri 22:58:00,1442m,36%,36.05,2309Mi,60%,2945,73,73.625
Fri 22:59:00,1972m,49%,49.3,2313Mi,60%,2992,74,74.8
Fri 23:00:00,1240m,31%,31,2307Mi,60%,3039,75,75.975
Fri 23:01:00,1351m,33%,33.775,2305Mi,60%,2983,74,74.575
Fri 23:02:00,1743m,43%,43.575,2316Mi,60%,2705,67,67.625
Fri 23:03:00,1999m,49%,49.975,2289Mi,59%,2603,65,65.075
Fri 23:04:00,2017m,50%,50.425,2289Mi,59%,2510,62,62.75
Fri 23:05:00,1966m,49%,49.15,2276Mi,59%,2409,60,60.225
Fri 23:06:00,1983m,49%,49.575,2281Mi,59%,2353,58,58.825
Fri 23:07:00,1957m,48%,48.925,2263Mi,58%,2261,56,56.525
Fri 23:08:00,1976m,49%,49.4,2273Mi,59%,2251,56,56.275
Fri 23:09:00,1317m,32%,32.925,2272Mi,59%,2204,55,55.1
Fri 23:10:00,1967m,49%,49.175,2262Mi,58%,2194,54,54.85
Fri 23:11:00,1947m,48%,48.675,2253Mi,58%,2184,54,54.6
Fri 23:12:00,1268m,31%,31.7,2269Mi,59%,2137,53,53.425
Fri 23:13:01,1933m,48%,48.325,2250Mi,58%,2127,53,53.175
Fri 23:14:00,1982m,49%,49.55,2257Mi,58%,2127,53,53.175
Fri 23:15:00,1215m,30%,30.375,2258Mi,58%,2117,52,52.925
Fri 23:16:00,1787m,44%,44.675,2254Mi,58%,2144,53,53.6
Fri 23:17:00,1959m,48%,48.975,2270Mi,59%,2087,52,52.175
Fri 23:18:00,1992m,49%,49.8,2258Mi,58%,2077,51,51.925
Fri 23:19:00,1944m,48%,48.6,2264Mi,58%,2030,50,50.75
Fri 23:20:00,1954m,48%,48.85,2263Mi,58%,1983,49,49.575
Fri 23:21:00,1787m,44%,44.675,2244Mi,58%,2057,51,51.425
Fri 23:22:00,1148m,28%,28.7,2267Mi,59%,2010,50,50.25
Fri 23:23:00,1915m,47%,47.875,2259Mi,58%,1953,48,48.825
Fri 23:24:00,1961m,49%,49.025,2251Mi,58%,1943,48,48.575
Fri 23:25:00,1954m,48%,48.85,2249Mi,58%,1859,46,46.475
Fri 23:26:00,1966m,49%,49.15,2253Mi,58%,1802,45,45.05
Fri 23:27:00,1934m,48%,48.35,2246Mi,58%,1755,43,43.875
Fri 23:28:00,1974m,49%,49.35,2235Mi,58%,1745,43,43.625
Fri 23:29:00,1947m,48%,48.675,2241Mi,58%,1577,39,39.425
Fri 23:30:00,1947m,48%,48.675,2236Mi,58%,1567,39,39.175
Fri 23:31:00,1959m,48%,48.975,2233Mi,58%,1594,39,39.85
Fri 23:32:00,1933m,48%,48.325,2240Mi,58%,1594,39,39.85
Fri 23:33:00,1276m,31%,31.9,2229Mi,58%,1621,40,40.525
Fri 23:34:01,1957m,48%,48.925,2225Mi,57%,1547,38,38.675
Fri 23:35:00,1935m,48%,48.375,2238Mi,58%,1537,38,38.425
Fri 23:36:00,1959m,48%,48.975,2240Mi,58%,1527,38,38.175
Fri 23:37:00,1924m,48%,48.1,2237Mi,58%,1490,37,37.25
Fri 23:38:00,1940m,48%,48.5,2224Mi,57%,1564,39,39.1
Fri 23:39:00,1079m,26%,26.975,2239Mi,58%,1527,38,38.175
Fri 23:40:00,1936m,48%,48.4,2239Mi,58%,1527,38,38.175
Fri 23:41:00,1956m,48%,48.9,2230Mi,58%,1527,38,38.175
Fri 23:42:00,1948m,48%,48.7,2229Mi,58%,1527,38,38.175
Fri 23:43:00,1925m,48%,48.125,2230Mi,58%,1564,39,39.1
Fri 23:44:00,1062m,26%,26.55,2237Mi,58%,1527,38,38.175
Fri 23:45:00,1509m,37%,37.725,2225Mi,57%,1490,37,37.25
Fri 23:46:00,1796m,44%,44.9,2223Mi,57%,1564,39,39.1
Fri 23:47:00,1593m,39%,39.825,2224Mi,57%,1564,39,39.1
Fri 23:48:00,1438m,35%,35.95,2238Mi,58%,1564,39,39.1
Fri 23:49:00,1956m,48%,48.9,2240Mi,58%,1564,39,39.1
Fri 23:50:00,1479m,36%,36.975,2225Mi,57%,1564,39,39.1
Fri 23:51:00,1811m,45%,45.275,2242Mi,58%,1564,39,39.1
Fri 23:52:00,1505m,37%,37.625,2236Mi,58%,1564,39,39.1
Fri 23:53:00,1457m,36%,36.425,2234Mi,58%,1601,40,40.025
Fri 23:54:00,1775m,44%,44.375,2229Mi,58%,1564,39,39.1
Fri 23:55:00,1548m,38%,38.7,2242Mi,58%,1490,37,37.25
Fri 23:56:01,1911m,47%,47.775,2235Mi,58%,1490,37,37.25
Fri 23:57:00,1942m,48%,48.55,2229Mi,58%,1416,35,35.4
Fri 23:58:00,1909m,47%,47.725,2231Mi,58%,1416,35,35.4
Fri 23:59:00,1772m,44%,44.3,2214Mi,57%,1453,36,36.325
Sat 00:00:01,1634m,40%,40.85,2234Mi,58%,1416,35,35.4
Sat 00:01:00,1309m,32%,32.725,2223Mi,57%,1448,36,36.2
Sat 00:02:00,1532m,38%,38.3,2218Mi,57%,1374,34,34.35
Sat 00:03:00,1636m,40%,40.9,2224Mi,57%,1369,34,34.225
Sat 00:04:01,1944m,48%,48.6,2218Mi,57%,1364,34,34.1
Sat 00:05:00,1912m,47%,47.8,2227Mi,57%,1359,33,33.975
Sat 00:06:00,1943m,48%,48.575,2212Mi,57%,1354,33,33.85
Sat 00:07:00,1433m,35%,35.825,2212Mi,57%,1317,32,32.925
Sat 00:08:00,1896m,47%,47.4,2211Mi,57%,1349,33,33.725
Sat 00:09:00,1155m,28%,28.875,2228Mi,58%,1381,34,34.525
Sat 00:10:00,1558m,38%,38.95,2216Mi,57%,1307,32,32.675
Sat 00:11:00,1608m,40%,40.2,2219Mi,57%,1302,32,32.55
Sat 00:12:00,1946m,48%,48.65,2222Mi,57%,1265,31,31.625
Sat 00:13:01,1892m,47%,47.3,2218Mi,57%,1265,31,31.625
Sat 00:14:00,1147m,28%,28.675,2211Mi,57%,1228,30,30.7
Sat 00:15:00,1952m,48%,48.8,2211Mi,57%,1223,30,30.575
Sat 00:16:00,1947m,48%,48.675,2218Mi,57%,1218,30,30.45
Sat 00:17:00,1421m,35%,35.525,2209Mi,57%,1181,29,29.525
Sat 00:18:00,1936m,48%,48.4,2217Mi,57%,1213,30,30.325
Sat 00:19:00,1234m,30%,30.85,2220Mi,57%,1213,30,30.325
Sat 00:20:00,1493m,37%,37.325,2203Mi,57%,1208,30,30.2
Sat 00:21:00,1490m,37%,37.25,2216Mi,57%,1208,30,30.2
Sat 00:22:00,1753m,43%,43.825,2200Mi,57%,1171,29,29.275
Sat 00:23:00,1333m,33%,33.325,2215Mi,57%,1166,29,29.15
Sat 00:24:00,1954m,48%,48.85,2210Mi,57%,1198,29,29.95
Sat 00:25:00,1514m,37%,37.85,2201Mi,57%,1262,31,31.55
Sat 00:26:00,1541m,38%,38.525,2221Mi,57%,1294,32,32.35
Sat 00:27:00,1250m,31%,31.25,2225Mi,57%,1294,32,32.35
Sat 00:28:00,1485m,37%,37.125,2209Mi,57%,1294,32,32.35
Sat 00:29:00,1536m,38%,38.4,2226Mi,57%,1326,33,33.15
Sat 00:30:00,1228m,30%,30.7,2225Mi,57%,1358,33,33.95
Sat 00:31:00,1499m,37%,37.475,2216Mi,57%,1358,33,33.95
Sat 00:32:00,1586m,39%,39.65,2221Mi,57%,1358,33,33.95
Sat 00:33:00,1198m,29%,29.95,2225Mi,57%,1358,33,33.95
Sat 00:34:00,1441m,36%,36.025,2216Mi,57%,1390,34,34.75
Sat 00:35:00,1644m,41%,41.1,2221Mi,57%,1422,35,35.55
Sat 00:36:00,1276m,31%,31.9,2226Mi,57%,1422,35,35.55
Sat 00:37:00,1659m,41%,41.475,2220Mi,57%,1454,36,36.35
Sat 00:38:00,1384m,34%,34.6,2234Mi,58%,1486,37,37.15
Sat 00:39:00,1295m,32%,32.375,2234Mi,58%,1518,37,37.95
Sat 00:40:00,1740m,43%,43.5,2233Mi,58%,1518,37,37.95
Sat 00:41:00,1480m,37%,37,2238Mi,58%,1550,38,38.75
Sat 00:42:00,1687m,42%,42.175,2237Mi,58%,1550,38,38.75
Sat 00:43:00,1483m,37%,37.075,2249Mi,58%,1518,37,37.95
Sat 00:44:00,1781m,44%,44.525,2249Mi,58%,1518,37,37.95
Sat 00:45:01,1998m,49%,49.95,2246Mi,58%,1486,37,37.15
Sat 00:46:00,1910m,47%,47.75,2246Mi,58%,1486,37,37.15
Sat 00:47:00,1959m,48%,48.975,2244Mi,58%,1486,37,37.15
Sat 00:48:00,1243m,31%,31.075,2242Mi,58%,1454,36,36.35
Sat 00:49:00,1969m,49%,49.225,2226Mi,57%,1454,36,36.35
Sat 00:50:01,1725m,43%,43.125,2226Mi,57%,1422,35,35.55
Sat 00:51:00,1578m,39%,39.45,2234Mi,58%,1422,35,35.55
Sat 00:52:00,1585m,39%,39.625,2223Mi,57%,1422,35,35.55
Sat 00:53:01,1578m,39%,39.45,2239Mi,58%,1454,36,36.35
Sat 00:54:00,1299m,32%,32.475,2237Mi,58%,1486,37,37.15
Sat 00:55:00,1567m,39%,39.175,2230Mi,58%,1486,37,37.15
Sat 00:56:00,1700m,42%,42.5,2242Mi,58%,1454,36,36.35
Sat 00:57:00,1913m,47%,47.825,2232Mi,58%,1454,36,36.35
Sat 00:58:00,1346m,33%,33.65,2243Mi,58%,1518,37,37.95
Sat 00:59:00,1917m,47%,47.925,2244Mi,58%,1518,37,37.95
Sat 01:00:00,1348m,33%,33.7,2240Mi,58%,1518,37,37.95
Sat 01:01:01,1907m,47%,47.675,2234Mi,58%,1518,37,37.95
Sat 01:02:00,1275m,31%,31.875,2246Mi,58%,1518,37,37.95
Sat 01:03:00,1809m,45%,45.225,2236Mi,58%,1486,37,37.15
Sat 01:04:00,1917m,47%,47.925,2241Mi,58%,1454,36,36.35
Sat 01:05:00,1943m,48%,48.575,2244Mi,58%,1454,36,36.35
Sat 01:06:01,1954m,48%,48.85,2233Mi,58%,1454,36,36.35
Sat 01:07:00,1920m,48%,48,2235Mi,58%,1486,37,37.15
Sat 01:08:00,1344m,33%,33.6,2247Mi,58%,1486,37,37.15
Sat 01:09:01,1803m,45%,45.075,2256Mi,58%,1454,36,36.35
Sat 01:10:00,1943m,48%,48.575,2253Mi,58%,1454,36,36.35
Sat 01:11:00,1915m,47%,47.875,2236Mi,58%,1486,37,37.15
Sat 01:12:00,1311m,32%,32.775,2256Mi,58%,1518,37,37.95
Sat 01:13:00,1590m,39%,39.75,2254Mi,58%,1518,37,37.95
Sat 01:14:00,1736m,43%,43.4,2248Mi,58%,1518,37,37.95
Sat 01:15:00,1987m,49%,49.675,2254Mi,58%,1550,38,38.75
Sat 01:16:00,1714m,42%,42.85,2246Mi,58%,1582,39,39.55
Sat 01:17:00,1578m,39%,39.45,2261Mi,58%,1550,38,38.75
Sat 01:18:00,1803m,45%,45.075,2257Mi,58%,1550,38,38.75
Sat 01:19:00,1981m,49%,49.525,2260Mi,58%,1518,37,37.95
Sat 01:20:00,1934m,48%,48.35,2250Mi,58%,1486,37,37.15
Sat 01:21:00,1945m,48%,48.625,2245Mi,58%,1518,37,37.95
Sat 01:22:00,1838m,45%,45.95,2245Mi,58%,1486,37,37.15
Sat 01:23:01,1347m,33%,33.675,2250Mi,58%,1454,36,36.35
Sat 01:24:00,1941m,48%,48.525,2254Mi,58%,1454,36,36.35
Sat 01:25:00,1809m,45%,45.225,2239Mi,58%,1390,34,34.75
Sat 01:26:00,1467m,36%,36.675,2238Mi,58%,1390,34,34.75
Sat 01:27:00,1951m,48%,48.775,2234Mi,58%,1326,33,33.15
Sat 01:28:00,1915m,47%,47.875,2242Mi,58%,1326,33,33.15
Sat 01:29:00,1954m,48%,48.85,2232Mi,58%,1358,33,33.95
Sat 01:30:00,1873m,46%,46.825,2230Mi,58%,1390,34,34.75
Sat 01:31:00,1401m,35%,35.025,2238Mi,58%,1390,34,34.75
Sat 01:32:01,1473m,36%,36.825,2245Mi,58%,1358,33,33.95
Sat 01:33:00,1964m,49%,49.1,2235Mi,58%,1326,33,33.15
Sat 01:34:00,1928m,48%,48.2,2243Mi,58%,1262,31,31.55
Sat 01:35:00,1929m,48%,48.225,2230Mi,58%,1262,31,31.55
Sat 01:36:00,1946m,48%,48.65,2230Mi,58%,1230,30,30.75
Sat 01:37:00,1914m,47%,47.85,2229Mi,58%,1230,30,30.75
Sat 01:38:00,1945m,48%,48.625,2227Mi,57%,1198,29,29.95
Sat 01:39:00,1925m,48%,48.125,2230Mi,58%,1166,29,29.15
Sat 01:40:00,1955m,48%,48.875,2223Mi,57%,1166,29,29.15
Sat 01:41:00,1672m,41%,41.8,2211Mi,57%,1166,29,29.15
Sat 01:42:00,1547m,38%,38.675,2219Mi,57%,1166,29,29.15
Sat 01:43:00,1645m,41%,41.125,2204Mi,57%,1166,29,29.15
Sat 01:44:00,1548m,38%,38.7,2206Mi,57%,1198,29,29.95
Sat 01:45:00,1399m,34%,34.975,2213Mi,57%,1198,29,29.95
Sat 01:46:00,1698m,42%,42.45,2205Mi,57%,1198,29,29.95
Sat 01:47:00,1590m,39%,39.75,2222Mi,57%,1230,30,30.75
Sat 01:48:01,1664m,41%,41.6,2209Mi,57%,1230,30,30.75
Sat 01:49:00,1555m,38%,38.875,2219Mi,57%,1230,30,30.75
Sat 01:50:00,1956m,48%,48.9,2220Mi,57%,1198,29,29.95
Sat 01:51:00,1933m,48%,48.325,2222Mi,57%,1198,29,29.95
Sat 01:52:00,1926m,48%,48.15,2220Mi,57%,1198,29,29.95
Sat 01:53:00,1950m,48%,48.75,2223Mi,57%,1166,29,29.15
Sat 01:54:00,1936m,48%,48.4,2207Mi,57%,1198,29,29.95
Sat 01:55:00,1853m,46%,46.325,2207Mi,57%,1198,29,29.95
Sat 01:56:00,1450m,36%,36.25,2218Mi,57%,1166,29,29.15
Sat 01:57:01,1934m,48%,48.35,2210Mi,57%,1166,29,29.15
Sat 01:58:00,1956m,48%,48.9,2211Mi,57%,1166,29,29.15
Sat 01:59:00,1921m,48%,48.025,2220Mi,57%,1134,28,28.35
Sat 02:00:01,1937m,48%,48.425,2205Mi,57%,1134,28,28.35
Sat 02:01:00,1801m,45%,45.025,2201Mi,57%,1102,27,27.55
Sat 02:02:00,1458m,36%,36.45,2203Mi,57%,1143,28,28.575
Sat 02:03:00,1786m,44%,44.65,2201Mi,57%,1143,28,28.575
Sat 02:04:00,1510m,37%,37.75,2200Mi,57%,1111,27,27.775
Sat 02:05:00,1375m,34%,34.375,2209Mi,57%,1152,28,28.8
Sat 02:06:00,1766m,44%,44.15,2200Mi,57%,1161,29,29.025
Sat 02:07:00,1561m,39%,39.025,2211Mi,57%,1129,28,28.225
Sat 02:08:00,1897m,47%,47.425,2213Mi,57%,1138,28,28.45
Sat 02:09:00,1947m,48%,48.675,2215Mi,57%,1106,27,27.65
Sat 02:10:00,1926m,48%,48.15,2204Mi,57%,1147,28,28.675
Sat 02:11:00,1908m,47%,47.7,2199Mi,57%,1115,27,27.875
Sat 02:12:00,1406m,35%,35.15,2211Mi,57%,1124,28,28.1
Sat 02:13:00,1916m,47%,47.9,2200Mi,57%,1165,29,29.125
Sat 02:14:00,1745m,43%,43.625,2197Mi,57%,1133,28,28.325
Sat 02:15:00,1565m,39%,39.125,2197Mi,57%,1142,28,28.55
Sat 02:16:00,1950m,48%,48.75,2194Mi,57%,1142,28,28.55
Sat 02:17:01,1678m,41%,41.95,2195Mi,57%,1110,27,27.75
Sat 02:18:00,1639m,40%,40.975,2205Mi,57%,1078,26,26.95
Sat 02:19:00,1924m,48%,48.1,2206Mi,57%,1119,27,27.975
Sat 02:20:00,1903m,47%,47.575,2198Mi,57%,1119,27,27.975
Sat 02:21:00,1412m,35%,35.3,2194Mi,57%,1119,27,27.975
Sat 02:22:00,1406m,35%,35.15,2199Mi,57%,1160,28,29
Sat 02:23:00,1881m,47%,47.025,2199Mi,57%,1160,28,29
Sat 02:24:00,1505m,37%,37.625,2199Mi,57%,1160,28,29
Sat 02:25:00,1925m,48%,48.125,2212Mi,57%,1201,30,30.025
Sat 02:26:00,1442m,36%,36.05,2214Mi,57%,1201,30,30.025
Sat 02:27:00,1896m,47%,47.4,2212Mi,57%,1201,30,30.025
Sat 02:28:00,1946m,48%,48.65,2204Mi,57%,1242,31,31.05
Sat 02:29:00,1893m,47%,47.325,2202Mi,57%,1242,31,31.05
Sat 02:30:00,1485m,37%,37.125,2207Mi,57%,1242,31,31.05
Sat 02:31:00,1929m,48%,48.225,2214Mi,57%,1242,31,31.05
Sat 02:32:00,1446m,36%,36.15,2217Mi,57%,1242,31,31.05
Sat 02:33:00,1897m,47%,47.425,2219Mi,57%,1242,31,31.05
Sat 02:34:00,1422m,35%,35.55,2214Mi,57%,1201,30,30.025
Sat 02:35:00,1923m,48%,48.075,2203Mi,57%,1160,28,29
Sat 02:36:00,1892m,47%,47.3,2210Mi,57%,1160,28,29
Sat 02:37:00,1938m,48%,48.45,2213Mi,57%,1160,28,29
Sat 02:38:00,1833m,45%,45.825,2196Mi,57%,1160,28,29
Sat 02:39:00,1525m,38%,38.125,2211Mi,57%,1160,28,29
Sat 02:40:00,1466m,36%,36.65,2212Mi,57%,1160,28,29
Sat 02:41:00,1907m,47%,47.675,2202Mi,57%,1201,30,30.025
Sat 02:42:00,1908m,47%,47.7,2206Mi,57%,1201,30,30.025
Sat 02:43:00,1484m,37%,37.1,2202Mi,57%,1201,30,30.025
Sat 02:44:00,1768m,44%,44.2,2199Mi,57%,1201,30,30.025
Sat 02:45:01,1631m,40%,40.775,2211Mi,57%,1160,28,29
Sat 02:46:00,1960m,49%,49,2213Mi,57%,1160,28,29
Sat 02:47:00,1908m,47%,47.7,2197Mi,57%,1160,28,29
Sat 02:48:00,1943m,48%,48.575,2202Mi,57%,1119,27,27.975
Sat 02:49:00,1920m,48%,48,2210Mi,57%,1119,27,27.975
Sat 02:50:01,1940m,48%,48.5,2202Mi,57%,1119,27,27.975
Sat 02:51:00,1898m,47%,47.45,2206Mi,57%,1160,28,29
Sat 02:52:00,1926m,48%,48.15,2197Mi,57%,1160,28,29
Sat 02:53:00,1498m,37%,37.45,2214Mi,57%,1160,28,29
Sat 02:54:00,1908m,47%,47.7,2213Mi,57%,1160,28,29
Sat 02:55:00,1523m,38%,38.075,2202Mi,57%,1160,28,29
Sat 02:56:00,1875m,46%,46.875,2209Mi,57%,1201,30,30.025
Sat 02:57:00,1505m,37%,37.625,2217Mi,57%,1201,30,30.025
Sat 02:58:00,1600m,40%,40,2208Mi,57%,1242,31,31.05
Sat 02:59:00,1945m,48%,48.625,2210Mi,57%,1283,32,32.075
Sat 03:00:00,1499m,37%,37.475,2215Mi,57%,1324,33,33.1
Sat 03:01:01,1525m,38%,38.125,2226Mi,57%,1324,33,33.1
Sat 03:02:00,1917m,47%,47.925,2216Mi,57%,1312,32,32.8
Sat 03:03:00,1674m,41%,41.85,2223Mi,57%,1300,32,32.5
Sat 03:04:00,1932m,48%,48.3,2219Mi,57%,1300,32,32.5
Sat 03:05:00,1643m,41%,41.075,2216Mi,57%,1288,32,32.2
Sat 03:06:00,1877m,46%,46.925,2216Mi,57%,1317,32,32.925
Sat 03:07:00,1900m,47%,47.5,2224Mi,57%,1305,32,32.625
Sat 03:08:00,1580m,39%,39.5,2230Mi,58%,1293,32,32.325
Sat 03:09:00,1948m,48%,48.7,2230Mi,58%,1322,33,33.05
Sat 03:10:00,1914m,47%,47.85,2231Mi,58%,1351,33,33.775
Sat 03:11:01,1589m,39%,39.725,2226Mi,57%,1368,34,34.2
Sat 03:12:00,1946m,48%,48.65,2230Mi,58%,1356,33,33.9
Sat 03:13:00,1951m,48%,48.775,2231Mi,58%,1315,32,32.875
Sat 03:14:00,1918m,47%,47.95,2229Mi,58%,1274,31,31.85
Sat 03:15:00,1944m,48%,48.6,2225Mi,57%,1303,32,32.575
Sat 03:16:00,1951m,48%,48.775,2224Mi,57%,1332,33,33.3
Sat 03:17:01,1672m,41%,41.8,2235Mi,58%,1291,32,32.275
Sat 03:18:01,1627m,40%,40.675,2240Mi,58%,1279,31,31.975
Sat 03:19:00,1916m,47%,47.9,2236Mi,58%,1308,32,32.7
Sat 03:20:00,1958m,48%,48.95,2242Mi,58%,1325,33,33.125
Sat 03:21:00,1959m,48%,48.975,2241Mi,58%,1313,32,32.825
Sat 03:22:00,1948m,48%,48.7,2246Mi,58%,1301,32,32.525
Sat 03:23:01,1960m,49%,49,2234Mi,58%,1330,33,33.25
Sat 03:24:00,1703m,42%,42.575,2249Mi,58%,1330,33,33.25
Sat 03:25:00,1823m,45%,45.575,2249Mi,58%,1359,33,33.975
Sat 03:26:00,1669m,41%,41.725,2236Mi,58%,1388,34,34.7
Sat 03:27:01,1711m,42%,42.775,2252Mi,58%,1359,33,33.975
Sat 03:28:01,1865m,46%,46.625,2252Mi,58%,1359,33,33.975
Sat 03:29:00,1910m,47%,47.75,2244Mi,58%,1359,33,33.975
Sat 03:30:00,1956m,48%,48.9,2252Mi,58%,1359,33,33.975
Sat 03:31:01,1705m,42%,42.625,2246Mi,58%,1330,33,33.25
Sat 03:32:00,1921m,48%,48.025,2248Mi,58%,1272,31,31.8
Sat 03:33:00,1950m,48%,48.75,2244Mi,58%,1243,31,31.075
Sat 03:34:00,1918m,47%,47.95,2227Mi,57%,1243,31,31.075
Sat 03:35:00,1955m,48%,48.875,2234Mi,58%,1243,31,31.075
Sat 03:36:00,1930m,48%,48.25,2239Mi,58%,1243,31,31.075
Sat 03:37:01,1948m,48%,48.7,2231Mi,58%,1272,31,31.8
Sat 03:38:01,1964m,49%,49.1,2234Mi,58%,1301,32,32.525
Sat 03:39:00,1945m,48%,48.625,2243Mi,58%,1330,33,33.25
Sat 03:40:00,1660m,41%,41.5,2249Mi,58%,1301,32,32.525
Sat 03:41:00,1918m,47%,47.95,2232Mi,58%,1272,31,31.8
Sat 03:42:00,1942m,48%,48.55,2229Mi,58%,1272,31,31.8
Sat 03:43:01,1620m,40%,40.5,2242Mi,58%,1243,31,31.075
Sat 03:44:00,1935m,48%,48.375,2229Mi,58%,1243,31,31.075
Sat 03:45:00,1956m,48%,48.9,2235Mi,58%,1214,30,30.35
Sat 03:46:00,1942m,48%,48.55,2238Mi,58%,1214,30,30.35
Sat 03:47:00,1947m,48%,48.675,2235Mi,58%,1214,30,30.35
Sat 03:48:00,1959m,48%,48.975,2225Mi,57%,1185,29,29.625
Sat 03:49:00,1898m,47%,47.45,2225Mi,57%,1185,29,29.625
Sat 03:50:00,1794m,44%,44.85,2221Mi,57%,1127,28,28.175
Sat 03:51:00,1931m,48%,48.275,2220Mi,57%,1156,28,28.9
Sat 03:52:00,1927m,48%,48.175,2216Mi,57%,1185,29,29.625
Sat 03:53:00,1737m,43%,43.425,2223Mi,57%,1156,28,28.9
Sat 03:54:00,1916m,47%,47.9,2221Mi,57%,1156,28,28.9
Sat 03:55:00,1898m,47%,47.45,2231Mi,58%,1156,28,28.9
Sat 03:56:00,1735m,43%,43.375,2227Mi,57%,1185,29,29.625
Sat 03:57:00,1936m,48%,48.4,2221Mi,57%,1185,29,29.625
Sat 03:58:00,1906m,47%,47.65,2235Mi,58%,1185,29,29.625
Sat 03:59:00,1740m,43%,43.5,2221Mi,57%,1156,28,28.9
Sat 04:00:01,1923m,48%,48.075,2230Mi,58%,1156,28,28.9
Sat 04:01:00,1961m,49%,49.025,2227Mi,57%,1165,29,29.125
Sat 04:02:00,1958m,48%,48.95,2231Mi,58%,1174,29,29.35
Sat 04:03:00,1930m,48%,48.25,2216Mi,57%,1145,28,28.625
Sat 04:04:00,1939m,48%,48.475,2219Mi,57%,1116,27,27.9
Sat 04:05:00,1905m,47%,47.625,2227Mi,57%,1154,28,28.85
Sat 04:06:00,1951m,48%,48.775,2229Mi,58%,1154,28,28.85
Sat 04:07:00,1711m,42%,42.775,2217Mi,57%,1163,29,29.075
Sat 04:08:01,1924m,48%,48.1,2227Mi,57%,1134,28,28.35
Sat 04:09:00,1709m,42%,42.725,2227Mi,57%,1172,29,29.3
Sat 04:10:00,1947m,48%,48.675,2221Mi,57%,1181,29,29.525
Sat 04:11:00,1642m,41%,41.05,2217Mi,57%,1190,29,29.75
Sat 04:12:00,1950m,48%,48.75,2219Mi,57%,1228,30,30.7
Sat 04:13:00,1935m,48%,48.375,2216Mi,57%,1228,30,30.7
Sat 04:14:00,1675m,41%,41.875,2235Mi,58%,1266,31,31.65
Sat 04:15:00,1776m,44%,44.4,2227Mi,57%,1266,31,31.65
Sat 04:16:00,1966m,49%,49.15,2237Mi,58%,1237,30,30.925
Sat 04:17:00,1749m,43%,43.725,2234Mi,58%,1208,30,30.2
Sat 04:18:00,1938m,48%,48.45,2231Mi,58%,1246,31,31.15
Sat 04:19:00,1731m,43%,43.275,2222Mi,57%,1255,31,31.375
Sat 04:20:00,1919m,47%,47.975,2233Mi,58%,1293,32,32.325
Sat 04:21:00,1944m,48%,48.6,2237Mi,58%,1264,31,31.6
Sat 04:22:00,1862m,46%,46.55,2233Mi,58%,1264,31,31.6
Sat 04:23:00,1904m,47%,47.6,2234Mi,58%,1264,31,31.6
Sat 04:24:00,1716m,42%,42.9,2229Mi,58%,1235,30,30.875
Sat 04:25:00,1949m,48%,48.725,2232Mi,58%,1244,31,31.1
Sat 04:26:00,1938m,48%,48.45,2231Mi,58%,1206,30,30.15
Sat 04:27:00,1890m,47%,47.25,2215Mi,57%,1244,31,31.1
Sat 04:28:00,1767m,44%,44.175,2220Mi,57%,1244,31,31.1
Sat 04:29:00,1913m,47%,47.825,2230Mi,58%,1244,31,31.1
Sat 04:30:00,1897m,47%,47.425,2228Mi,58%,1282,32,32.05
Sat 04:31:00,1700m,42%,42.5,2234Mi,58%,1244,31,31.1
Sat 04:32:00,1903m,47%,47.575,2223Mi,57%,1206,30,30.15
Sat 04:33:00,1935m,48%,48.375,2227Mi,57%,1168,29,29.2
Sat 04:34:00,1929m,48%,48.225,2223Mi,57%,1206,30,30.15
Sat 04:35:00,1915m,47%,47.875,2214Mi,57%,1168,29,29.2
Sat 04:36:00,1923m,48%,48.075,2225Mi,57%,1168,29,29.2
Sat 04:37:00,1941m,48%,48.525,2214Mi,57%,1130,28,28.25
Sat 04:38:00,1149m,28%,28.725,2221Mi,57%,1130,28,28.25
Sat 04:39:00,1272m,31%,31.8,2221Mi,57%,1130,28,28.25
Sat 04:40:00,1694m,42%,42.35,2220Mi,57%,1130,28,28.25
Sat 04:41:00,1750m,43%,43.75,2215Mi,57%,1130,28,28.25
Sat 04:42:00,1907m,47%,47.675,2216Mi,57%,1130,28,28.25
Sat 04:43:00,1219m,30%,30.475,2221Mi,57%,1168,29,29.2
Sat 04:44:00,1439m,35%,35.975,2208Mi,57%,1130,28,28.25
Sat 04:45:00,1824m,45%,45.6,2207Mi,57%,1168,29,29.2
Sat 04:46:00,1895m,47%,47.375,2225Mi,57%,1168,29,29.2
Sat 04:47:00,1793m,44%,44.825,2222Mi,57%,1168,29,29.2
Sat 04:48:00,1865m,46%,46.625,2211Mi,57%,1130,28,28.25
Sat 04:49:00,1926m,48%,48.15,2207Mi,57%,1092,27,27.3
Sat 04:50:00,1928m,48%,48.2,2203Mi,57%,1092,27,27.3
Sat 04:51:00,1913m,47%,47.825,2208Mi,57%,1092,27,27.3
Sat 04:52:00,1948m,48%,48.7,2215Mi,57%,1092,27,27.3
Sat 04:53:00,1925m,48%,48.125,2220Mi,57%,1092,27,27.3
Sat 04:54:00,1722m,43%,43.05,2214Mi,57%,1054,26,26.35
Sat 04:55:00,1928m,48%,48.2,2207Mi,57%,1092,27,27.3
Sat 04:56:00,1941m,48%,48.525,2213Mi,57%,1130,28,28.25
Sat 04:57:01,1778m,44%,44.45,2214Mi,57%,1168,29,29.2
Sat 04:58:00,1821m,45%,45.525,2213Mi,57%,1130,28,28.25
Sat 04:59:00,1936m,48%,48.4,2207Mi,57%,1130,28,28.25
Sat 05:00:00,1922m,48%,48.05,2209Mi,57%,1168,29,29.2
Sat 05:01:00,1947m,48%,48.675,2219Mi,57%,1168,29,29.2
Sat 05:02:00,1812m,45%,45.3,2225Mi,57%,1202,30,30.05
Sat 05:03:00,1808m,45%,45.2,2218Mi,57%,1202,30,30.05
Sat 05:04:00,1929m,48%,48.225,2214Mi,57%,1236,30,30.9
Sat 05:05:01,1829m,45%,45.725,2216Mi,57%,1270,31,31.75
Sat 05:06:00,1837m,45%,45.925,2218Mi,57%,1266,31,31.65
Sat 05:07:00,1931m,48%,48.275,2234Mi,58%,1262,31,31.55
Sat 05:08:00,1953m,48%,48.825,2227Mi,57%,1186,29,29.65
Sat 05:09:00,1916m,47%,47.9,2228Mi,57%,1220,30,30.5
Sat 05:10:01,1951m,48%,48.775,2229Mi,58%,1254,31,31.35
Sat 05:11:00,1858m,46%,46.45,2237Mi,58%,1288,32,32.2
Sat 05:12:00,1828m,45%,45.7,2231Mi,58%,1288,32,32.2
Sat 05:13:00,1945m,48%,48.625,2246Mi,58%,1284,32,32.1
Sat 05:14:00,1904m,47%,47.6,2247Mi,58%,1280,32,32
Sat 05:15:00,1915m,47%,47.875,2241Mi,58%,1280,32,32
Sat 05:16:00,1976m,49%,49.4,2246Mi,58%,1280,32,32
Sat 05:17:00,1899m,47%,47.475,2238Mi,58%,1314,32,32.85
Sat 05:18:00,1919m,47%,47.975,2250Mi,58%,1276,31,31.9
Sat 05:19:00,1910m,47%,47.75,2247Mi,58%,1276,31,31.9
Sat 05:20:00,1896m,47%,47.4,2230Mi,58%,1238,30,30.95
Sat 05:21:00,1942m,48%,48.55,2244Mi,58%,1200,30,30
Sat 05:22:00,1932m,48%,48.3,2237Mi,58%,1162,29,29.05
Sat 05:23:00,1908m,47%,47.7,2223Mi,57%,1158,28,28.95
Sat 05:24:00,1947m,48%,48.675,2235Mi,58%,1192,29,29.8
Sat 05:25:00,1952m,48%,48.8,2234Mi,58%,1226,30,30.65
Sat 05:26:00,1861m,46%,46.525,2239Mi,58%,1260,31,31.5
Sat 05:27:00,1945m,48%,48.625,2247Mi,58%,1294,32,32.35
Sat 05:28:00,1901m,47%,47.525,2248Mi,58%,1328,33,33.2
Sat 05:29:00,1934m,48%,48.35,2252Mi,58%,1362,34,34.05
Sat 05:30:00,1945m,48%,48.625,2253Mi,58%,1396,34,34.9
Sat 05:31:00,1921m,48%,48.025,2246Mi,58%,1396,34,34.9
Sat 05:32:00,1927m,48%,48.175,2254Mi,58%,1430,35,35.75
Sat 05:33:01,1942m,48%,48.55,2263Mi,58%,1430,35,35.75
Sat 05:34:00,1899m,47%,47.475,2263Mi,58%,1396,34,34.9
Sat 05:35:00,1941m,48%,48.525,2253Mi,58%,1430,35,35.75
Sat 05:36:00,1959m,48%,48.975,2260Mi,58%,1396,34,34.9
Sat 05:37:00,1896m,47%,47.4,2260Mi,58%,1396,34,34.9
Sat 05:38:00,1957m,48%,48.925,2259Mi,58%,1396,34,34.9
Sat 05:39:00,1933m,48%,48.325,2260Mi,58%,1396,34,34.9
Sat 05:40:00,1941m,48%,48.525,2241Mi,58%,1396,34,34.9
Sat 05:41:00,1950m,48%,48.75,2252Mi,58%,1396,34,34.9
Sat 05:42:00,1925m,48%,48.125,2250Mi,58%,1396,34,34.9
Sat 05:43:00,1969m,49%,49.225,2246Mi,58%,1396,34,34.9
Sat 05:44:00,1919m,47%,47.975,2245Mi,58%,1396,34,34.9
Sat 05:45:01,1951m,48%,48.775,2247Mi,58%,1396,34,34.9
Sat 05:46:00,2007m,50%,50.175,2249Mi,58%,1362,34,34.05
Sat 05:47:00,1901m,47%,47.525,2257Mi,58%,1396,34,34.9
Sat 05:48:00,1954m,48%,48.85,2260Mi,58%,1396,34,34.9
Sat 05:49:00,1931m,48%,48.275,2262Mi,58%,1396,34,34.9
Sat 05:50:00,1937m,48%,48.425,2260Mi,58%,1396,34,34.9
Sat 05:51:00,1937m,48%,48.425,2252Mi,58%,1430,35,35.75
Sat 05:52:00,1929m,48%,48.225,2254Mi,58%,1464,36,36.6
Sat 05:53:00,1956m,48%,48.9,2260Mi,58%,1498,37,37.45
Sat 05:54:00,1929m,48%,48.225,2271Mi,59%,1498,37,37.45
Sat 05:55:00,1949m,48%,48.725,2255Mi,58%,1464,36,36.6
Sat 05:56:00,1909m,47%,47.725,2253Mi,58%,1430,35,35.75
Sat 05:57:00,1940m,48%,48.5,2254Mi,58%,1396,34,34.9
Sat 05:58:00,1953m,48%,48.825,2257Mi,58%,1396,34,34.9
Sat 05:59:00,1916m,47%,47.9,2264Mi,58%,1396,34,34.9
Sat 06:00:00,1955m,48%,48.875,2259Mi,58%,1362,34,34.05
Sat 06:01:00,1909m,47%,47.725,2257Mi,58%,1328,33,33.2
Sat 06:02:01,1941m,48%,48.525,2245Mi,58%,1326,33,33.15
Sat 06:03:00,1941m,48%,48.525,2244Mi,58%,1358,33,33.95
Sat 06:04:00,1946m,48%,48.65,2247Mi,58%,1356,33,33.9
Sat 06:05:00,1954m,48%,48.85,2258Mi,58%,1388,34,34.7
Sat 06:06:00,1917m,47%,47.925,2260Mi,58%,1388,34,34.7
Sat 06:07:00,1919m,47%,47.975,2256Mi,58%,1386,34,34.65
Sat 06:08:00,1949m,48%,48.725,2254Mi,58%,1386,34,34.65
Sat 06:09:00,1910m,47%,47.75,2249Mi,58%,1384,34,34.6
Sat 06:10:00,1964m,49%,49.1,2260Mi,58%,1350,33,33.75
Sat 06:11:00,1919m,47%,47.975,2246Mi,58%,1382,34,34.55
Sat 06:12:00,1962m,49%,49.05,2245Mi,58%,1380,34,34.5
Sat 06:13:00,1967m,49%,49.175,2257Mi,58%,1378,34,34.45
Sat 06:14:01,1937m,48%,48.425,2245Mi,58%,1376,34,34.4
Sat 06:15:00,1964m,49%,49.1,2253Mi,58%,1408,35,35.2
Sat 06:16:00,1979m,49%,49.475,2259Mi,58%,1374,34,34.35
Sat 06:17:00,1954m,48%,48.85,2261Mi,58%,1372,34,34.3
Sat 06:18:00,1940m,48%,48.5,2254Mi,58%,1404,35,35.1
Sat 06:19:00,1968m,49%,49.2,2253Mi,58%,1402,35,35.05
Sat 06:20:00,1935m,48%,48.375,2265Mi,58%,1434,35,35.85
Sat 06:21:00,1959m,48%,48.975,2268Mi,59%,1432,35,35.8
Sat 06:22:00,1961m,49%,49.025,2253Mi,58%,1464,36,36.6
Sat 06:23:00,1932m,48%,48.3,2271Mi,59%,1430,35,35.75
Sat 06:24:00,1948m,48%,48.7,2252Mi,58%,1428,35,35.7
Sat 06:25:00,1921m,48%,48.025,2263Mi,58%,1428,35,35.7
Sat 06:26:00,1963m,49%,49.075,2259Mi,58%,1394,34,34.85
Sat 06:27:00,1934m,48%,48.35,2254Mi,58%,1426,35,35.65
Sat 06:28:00,1928m,48%,48.2,2268Mi,59%,1458,36,36.45
Sat 06:29:00,1962m,49%,49.05,2271Mi,59%,1458,36,36.45
Sat 06:30:00,1934m,48%,48.35,2260Mi,58%,1424,35,35.6
Sat 06:31:00,1970m,49%,49.25,2260Mi,58%,1390,34,34.75
Sat 06:32:00,1946m,48%,48.65,2266Mi,58%,1390,34,34.75
Sat 06:33:00,1967m,49%,49.175,2260Mi,58%,1358,33,33.95
Sat 06:34:00,1916m,47%,47.9,2262Mi,58%,1358,33,33.95
Sat 06:35:00,1932m,48%,48.3,2258Mi,58%,1326,33,33.15
Sat 06:36:00,1947m,48%,48.675,2250Mi,58%,1326,33,33.15
Sat 06:37:00,1900m,47%,47.5,2260Mi,58%,1358,33,33.95
Sat 06:38:00,1953m,48%,48.825,2261Mi,58%,1358,33,33.95
Sat 06:39:00,1932m,48%,48.3,2259Mi,58%,1358,33,33.95
Sat 06:40:01,1964m,49%,49.1,2250Mi,58%,1358,33,33.95
Sat 06:41:00,1936m,48%,48.4,2259Mi,58%,1358,33,33.95
Sat 06:42:00,1969m,49%,49.225,2255Mi,58%,1358,33,33.95
Sat 06:43:00,1964m,49%,49.1,2252Mi,58%,1358,33,33.95
Sat 06:44:00,1928m,48%,48.2,2262Mi,58%,1326,33,33.15
Sat 06:45:01,1950m,48%,48.75,2255Mi,58%,1294,32,32.35
Sat 06:46:00,1899m,47%,47.475,2249Mi,58%,1326,33,33.15
Sat 06:47:00,1998m,49%,49.95,2255Mi,58%,1294,32,32.35
Sat 06:48:00,1941m,48%,48.525,2248Mi,58%,1262,31,31.55
Sat 06:49:00,1902m,47%,47.55,2239Mi,58%,1262,31,31.55
Sat 06:50:00,1959m,48%,48.975,2253Mi,58%,1294,32,32.35
Sat 06:51:00,1951m,48%,48.775,2256Mi,58%,1294,32,32.35
Sat 06:52:00,1931m,48%,48.275,2251Mi,58%,1294,32,32.35
Sat 06:53:00,1942m,48%,48.55,2255Mi,58%,1294,32,32.35
Sat 06:54:00,1911m,47%,47.775,2255Mi,58%,1262,31,31.55
Sat 06:55:00,1968m,49%,49.2,2252Mi,58%,1262,31,31.55
Sat 06:56:00,1896m,47%,47.4,2249Mi,58%,1262,31,31.55
Sat 06:57:00,1953m,48%,48.825,2253Mi,58%,1262,31,31.55
Sat 06:58:00,1953m,48%,48.825,2252Mi,58%,1262,31,31.55
Sat 06:59:00,1926m,48%,48.15,2248Mi,58%,1262,31,31.55
Sat 07:00:00,1954m,48%,48.85,2246Mi,58%,1262,31,31.55
Sat 07:01:00,1934m,48%,48.35,2253Mi,58%,1262,31,31.55
Sat 07:02:00,1899m,47%,47.475,2254Mi,58%,1262,31,31.55
Sat 07:03:00,1937m,48%,48.425,2238Mi,58%,1230,30,30.75
Sat 07:04:00,1932m,48%,48.3,2250Mi,58%,1198,29,29.95
Sat 07:05:00,1906m,47%,47.65,2248Mi,58%,1198,29,29.95
Sat 07:06:00,1937m,48%,48.425,2237Mi,58%,1166,29,29.15
Sat 07:07:00,1893m,47%,47.325,2239Mi,58%,1134,28,28.35
Sat 07:08:01,1936m,48%,48.4,2235Mi,58%,1102,27,27.55
Sat 07:09:00,1933m,48%,48.325,2238Mi,58%,1070,26,26.75
Sat 07:10:00,1897m,47%,47.425,2226Mi,57%,1075,26,26.875
Sat 07:11:00,1949m,48%,48.725,2236Mi,58%,1112,27,27.8
Sat 07:12:00,1944m,48%,48.6,2230Mi,58%,1080,27,27
Sat 07:13:01,1897m,47%,47.425,2222Mi,57%,1117,27,27.925
Sat 07:14:00,1946m,48%,48.65,2229Mi,58%,1117,27,27.925
Sat 07:15:00,1927m,48%,48.175,2237Mi,58%,1154,28,28.85
Sat 07:16:00,1914m,47%,47.85,2239Mi,58%,1122,28,28.05
Sat 07:17:00,1980m,49%,49.5,2224Mi,57%,1090,27,27.25
Sat 07:18:01,1926m,48%,48.15,2230Mi,58%,1058,26,26.45
Sat 07:19:00,1901m,47%,47.525,2226Mi,57%,1058,26,26.45
Sat 07:20:00,1925m,48%,48.125,2231Mi,58%,1063,26,26.575
Sat 07:21:00,1945m,48%,48.625,2226Mi,57%,1100,27,27.5
Sat 07:22:00,1943m,48%,48.575,2229Mi,58%,1068,26,26.7
Sat 07:23:00,1900m,47%,47.5,2220Mi,57%,1073,26,26.825
Sat 07:24:00,1910m,47%,47.75,2231Mi,58%,1073,26,26.825
Sat 07:25:01,1922m,48%,48.05,2226Mi,57%,1078,26,26.95
Sat 07:26:00,1939m,48%,48.475,2217Mi,57%,1083,27,27.075
Sat 07:27:00,1927m,48%,48.175,2226Mi,57%,1083,27,27.075
Sat 07:28:00,1892m,47%,47.3,2232Mi,58%,1083,27,27.075
Sat 07:29:00,1926m,48%,48.15,2225Mi,57%,1083,27,27.075
Sat 07:30:00,1922m,48%,48.05,2228Mi,58%,1120,28,28
Sat 07:31:00,1908m,47%,47.7,2233Mi,58%,1120,28,28
Sat 07:32:00,1921m,48%,48.025,2234Mi,58%,1120,28,28
Sat 07:33:00,1924m,48%,48.1,2234Mi,58%,1157,28,28.925
Sat 07:34:00,1906m,47%,47.65,2233Mi,58%,1120,28,28
Sat 07:35:00,1943m,48%,48.575,2240Mi,58%,1157,28,28.925
Sat 07:36:00,1946m,48%,48.65,2237Mi,58%,1120,28,28
Sat 07:37:00,1897m,47%,47.425,2223Mi,57%,1083,27,27.075
Sat 07:38:01,1934m,48%,48.35,2231Mi,58%,1083,27,27.075
Sat 07:39:00,1930m,48%,48.25,2221Mi,57%,1046,26,26.15
Sat 07:40:00,1899m,47%,47.475,2222Mi,57%,1046,26,26.15
Sat 07:41:00,1923m,48%,48.075,2228Mi,57%,1046,26,26.15
Sat 07:42:01,1921m,48%,48.025,2220Mi,57%,1046,26,26.15
Sat 07:43:00,1888m,47%,47.2,2228Mi,58%,1046,26,26.15
Sat 07:44:00,1926m,48%,48.15,2221Mi,57%,1009,25,25.225
Sat 07:45:00,1924m,48%,48.1,2226Mi,57%,1046,26,26.15
Sat 07:46:00,1939m,48%,48.475,2217Mi,57%,1009,25,25.225
Sat 07:47:00,1935m,48%,48.375,2216Mi,57%,972,24,24.3
Sat 07:48:00,1931m,48%,48.275,2223Mi,57%,972,24,24.3
Sat 07:49:00,1916m,47%,47.9,2222Mi,57%,935,23,23.375
Sat 07:50:01,1925m,48%,48.125,2208Mi,57%,935,23,23.375
Sat 07:51:00,1889m,47%,47.225,2219Mi,57%,935,23,23.375
Sat 07:52:00,1934m,48%,48.35,2207Mi,57%,935,23,23.375
Sat 07:53:00,1916m,47%,47.9,2210Mi,57%,972,24,24.3
Sat 07:54:00,1908m,47%,47.7,2218Mi,57%,935,23,23.375
Sat 07:55:00,1923m,48%,48.075,2208Mi,57%,972,24,24.3
Sat 07:56:00,1918m,47%,47.95,2213Mi,57%,1009,25,25.225
Sat 07:57:00,1926m,48%,48.15,2226Mi,57%,972,24,24.3
Sat 07:58:00,1922m,48%,48.05,2206Mi,57%,1009,25,25.225
Sat 07:59:00,1937m,48%,48.425,2228Mi,57%,972,24,24.3
Sat 08:00:00,1892m,47%,47.3,2224Mi,57%,1009,25,25.225
Sat 08:01:01,1943m,48%,48.575,2217Mi,57%,1063,26,26.575
Sat 08:02:00,1936m,48%,48.4,2232Mi,58%,1063,26,26.575
Sat 08:03:00,1893m,47%,47.325,2231Mi,58%,1063,26,26.575
Sat 08:04:00,1921m,48%,48.025,2231Mi,58%,1063,26,26.575
Sat 08:05:00,1921m,48%,48.025,2220Mi,57%,1063,26,26.575
Sat 08:06:00,1893m,47%,47.325,2229Mi,58%,1117,27,27.925
Sat 08:07:00,1954m,48%,48.85,2231Mi,58%,1117,27,27.925
Sat 08:08:00,1891m,47%,47.275,2232Mi,58%,1117,27,27.925
Sat 08:09:00,1923m,48%,48.075,2232Mi,58%,1080,27,27
Sat 08:10:00,1929m,48%,48.225,2233Mi,58%,1080,27,27
Sat 08:11:00,1894m,47%,47.35,2229Mi,58%,1134,28,28.35
Sat 08:12:00,1944m,48%,48.6,2222Mi,57%,1134,28,28.35
Sat 08:13:00,1923m,48%,48.075,2229Mi,58%,1188,29,29.7
Sat 08:14:00,1914m,47%,47.85,2226Mi,57%,1188,29,29.7
Sat 08:15:00,1921m,48%,48.025,2235Mi,58%,1242,31,31.05
Sat 08:16:00,1926m,48%,48.15,2236Mi,58%,1205,30,30.125
Sat 08:17:00,1992m,49%,49.8,2233Mi,58%,1168,29,29.2
Sat 08:18:00,1910m,47%,47.75,2218Mi,57%,1222,30,30.55
Sat 08:19:00,1948m,48%,48.7,2226Mi,57%,1185,29,29.625
Sat 08:20:00,1925m,48%,48.125,2222Mi,57%,1239,30,30.975
Sat 08:21:00,1556m,38%,38.9,2233Mi,58%,1148,28,28.7
Sat 08:22:00,1502m,37%,37.55,2230Mi,58%,1111,27,27.775
Sat 08:23:01,1928m,48%,48.2,2227Mi,57%,1165,29,29.125
Sat 08:24:00,1938m,48%,48.45,2227Mi,57%,1128,28,28.2
Sat 08:25:00,1894m,47%,47.35,2221Mi,57%,1128,28,28.2
Sat 08:26:00,1918m,47%,47.95,2215Mi,57%,1074,26,26.85
Sat 08:27:00,1920m,48%,48,2214Mi,57%,1074,26,26.85
Sat 08:28:00,1927m,48%,48.175,2211Mi,57%,1074,26,26.85
Sat 08:29:00,1887m,47%,47.175,2224Mi,57%,1074,26,26.85
Sat 08:30:00,1939m,48%,48.475,2221Mi,57%,1074,26,26.85
Sat 08:31:00,1939m,48%,48.475,2221Mi,57%,1074,26,26.85
Sat 08:32:00,1892m,47%,47.3,2221Mi,57%,1074,26,26.85
Sat 08:33:01,1910m,47%,47.75,2220Mi,57%,1020,25,25.5
Sat 08:34:00,1919m,47%,47.975,2221Mi,57%,1074,26,26.85
Sat 08:35:00,1931m,48%,48.275,2219Mi,57%,1020,25,25.5
Sat 08:36:00,1883m,47%,47.075,2208Mi,57%,1020,25,25.5
Sat 08:37:00,1911m,47%,47.775,2219Mi,57%,1074,26,26.85
Sat 08:38:00,1936m,48%,48.4,2210Mi,57%,1020,25,25.5
Sat 08:39:00,1886m,47%,47.15,2204Mi,57%,1020,25,25.5
Sat 08:40:00,1917m,47%,47.925,2214Mi,57%,966,24,24.15
Sat 08:41:00,1916m,47%,47.9,2209Mi,57%,1020,25,25.5
Sat 08:42:00,1913m,47%,47.825,2206Mi,57%,966,24,24.15
Sat 08:43:00,1923m,48%,48.075,2201Mi,57%,966,24,24.15
Sat 08:44:00,1915m,47%,47.875,2206Mi,57%,966,24,24.15
Sat 08:45:00,1882m,47%,47.05,2205Mi,57%,966,24,24.15
Sat 08:46:00,1913m,47%,47.825,2217Mi,57%,1020,25,25.5
Sat 08:47:00,1982m,49%,49.55,2215Mi,57%,1020,25,25.5
Sat 08:48:00,1897m,47%,47.425,2210Mi,57%,1020,25,25.5
Sat 08:49:00,1929m,48%,48.225,2214Mi,57%,1020,25,25.5
Sat 08:50:00,1938m,48%,48.45,2215Mi,57%,1020,25,25.5
Sat 08:51:00,1897m,47%,47.425,2220Mi,57%,1074,26,26.85
Sat 08:52:00,1944m,48%,48.6,2223Mi,57%,1074,26,26.85
Sat 08:53:00,1937m,48%,48.425,2222Mi,57%,1128,28,28.2
Sat 08:54:00,1315m,32%,32.875,2216Mi,57%,1074,26,26.85
Sat 08:55:01,1915m,47%,47.875,2223Mi,57%,1074,26,26.85
Sat 08:56:00,1940m,48%,48.5,2207Mi,57%,1128,28,28.2
Sat 08:57:00,1917m,47%,47.925,2227Mi,57%,1074,26,26.85
Sat 08:58:00,1939m,48%,48.475,2206Mi,57%,1074,26,26.85
Sat 08:59:00,1936m,48%,48.4,2223Mi,57%,1074,26,26.85
Sat 09:00:00,1905m,47%,47.625,2212Mi,57%,1128,28,28.2
Sat 09:01:01,1943m,48%,48.575,2209Mi,57%,1074,26,26.85
Sat 09:02:00,1941m,48%,48.525,2208Mi,57%,1074,26,26.85
Sat 09:03:00,1938m,48%,48.45,2222Mi,57%,1074,26,26.85
Sat 09:04:00,1902m,47%,47.55,2210Mi,57%,1074,26,26.85
Sat 09:05:00,1930m,48%,48.25,2212Mi,57%,1074,26,26.85
Sat 09:06:00,1918m,47%,47.95,2223Mi,57%,1020,25,25.5
Sat 09:07:00,1881m,47%,47.025,2205Mi,57%,1020,25,25.5
Sat 09:08:01,1923m,48%,48.075,2211Mi,57%,966,24,24.15
Sat 09:09:00,1924m,48%,48.1,2209Mi,57%,966,24,24.15
Sat 09:10:00,1886m,47%,47.15,2205Mi,57%,966,24,24.15
Sat 09:11:00,1921m,48%,48.025,2206Mi,57%,1012,25,25.3
Sat 09:12:00,1936m,48%,48.4,2218Mi,57%,1012,25,25.3
Sat 09:13:00,1886m,47%,47.15,2217Mi,57%,950,23,23.75
Sat 09:14:00,1940m,48%,48.5,2207Mi,57%,950,23,23.75
Sat 09:15:00,1916m,47%,47.9,2212Mi,57%,896,22,22.4
Sat 09:16:00,1921m,48%,48.025,2206Mi,57%,942,23,23.55
Sat 09:17:00,,,,,,942,23,23.55
Sat 09:18:00,1512m,37%,37.8,2201Mi,57%,942,23,23.55
Sat 09:19:00,671m,16%,16.775,2214Mi,57%,988,24,24.7
Sat 09:20:00,1449m,36%,36.225,2218Mi,57%,934,23,23.35
Sat 09:21:01,1895m,47%,47.375,2215Mi,57%,934,23,23.35
Sat 09:22:00,1917m,47%,47.925,2207Mi,57%,934,23,23.35
Sat 09:23:01,1916m,47%,47.9,2204Mi,57%,934,23,23.35
Sat 09:24:00,1879m,46%,46.975,2213Mi,57%,980,24,24.5
Sat 09:25:00,1932m,48%,48.3,2204Mi,57%,934,23,23.35
Sat 09:26:00,1919m,47%,47.975,2216Mi,57%,934,23,23.35
Sat 09:27:00,1906m,47%,47.65,2216Mi,57%,980,24,24.5
Sat 09:28:00,1904m,47%,47.6,2216Mi,57%,980,24,24.5
Sat 09:29:00,1917m,47%,47.925,2227Mi,57%,1026,25,25.65
Sat 09:30:01,1921m,48%,48.025,2224Mi,57%,1026,25,25.65
Sat 09:31:00,1908m,47%,47.7,2202Mi,57%,934,23,23.35
Sat 09:32:00,1930m,48%,48.25,2185Mi,56%,980,24,24.5
Sat 09:33:00,1935m,48%,48.375,2187Mi,56%,934,23,23.35
Sat 09:34:00,1921m,48%,48.025,2200Mi,57%,934,23,23.35
Sat 09:35:00,1878m,46%,46.95,2188Mi,56%,934,23,23.35
Sat 09:36:00,1912m,47%,47.8,2196Mi,57%,934,23,23.35
Sat 09:37:00,1908m,47%,47.7,2184Mi,56%,980,24,24.5
Sat 09:38:00,1918m,47%,47.95,2187Mi,56%,934,23,23.35
Sat 09:39:00,1909m,47%,47.725,2198Mi,57%,934,23,23.35
Sat 09:40:00,1912m,47%,47.8,2198Mi,57%,980,24,24.5
Sat 09:41:00,1935m,48%,48.375,2201Mi,57%,934,23,23.35
Sat 09:42:00,1890m,47%,47.25,2200Mi,57%,934,23,23.35
Sat 09:43:00,1920m,48%,48,2199Mi,57%,934,23,23.35
Sat 09:44:00,1918m,47%,47.95,2192Mi,57%,888,22,22.2
Sat 09:45:00,1928m,48%,48.2,2192Mi,57%,934,23,23.35
Sat 09:46:00,1889m,47%,47.225,2200Mi,57%,888,22,22.2
Sat 09:47:01,1971m,49%,49.275,2181Mi,56%,888,22,22.2
Sat 09:48:01,1924m,48%,48.1,2198Mi,57%,934,23,23.35
Sat 09:49:00,1900m,47%,47.5,2200Mi,57%,934,23,23.35
Sat 09:50:00,1919m,47%,47.975,2200Mi,57%,934,23,23.35
Sat 09:51:00,1915m,47%,47.875,2196Mi,57%,980,24,24.5
Sat 09:52:00,1911m,47%,47.775,2190Mi,57%,934,23,23.35
Sat 09:53:00,1917m,47%,47.925,2201Mi,57%,934,23,23.35
Sat 09:54:00,1918m,47%,47.95,2187Mi,56%,888,22,22.2
Sat 09:55:00,1916m,47%,47.9,2183Mi,56%,888,22,22.2
Sat 09:56:00,1871m,46%,46.775,2198Mi,57%,934,23,23.35
Sat 09:57:00,1919m,47%,47.975,2188Mi,56%,934,23,23.35
Sat 09:58:00,1910m,47%,47.75,2191Mi,57%,934,23,23.35
Sat 09:59:00,1920m,48%,48,2188Mi,56%,980,24,24.5
Sat 10:00:00,1900m,47%,47.5,2201Mi,57%,1143,28,28.575
Sat 10:01:01,1924m,48%,48.1,2195Mi,57%,3784,94,94.6
Sat 10:02:01,2915m,72%,72.875,2295Mi,59%,3738,93,93.45
Sat 10:03:00,2178m,54%,54.45,2328Mi,60%,3738,93,93.45
Sat 10:04:00,2202m,55%,55.05,2358Mi,61%,3738,93,93.45
Sat 10:05:00,2020m,50%,50.5,2354Mi,61%,3724,93,93.1
Sat 10:06:00,2054m,51%,51.35,2363Mi,61%,3724,93,93.1
Sat 10:07:00,2014m,50%,50.35,2363Mi,61%,3724,93,93.1
Sat 10:08:00,2027m,50%,50.675,2351Mi,61%,3724,93,93.1
Sat 10:09:01,2027m,50%,50.675,2351Mi,61%,3724,93,93.1
Sat 10:10:00,2031m,50%,50.775,2363Mi,61%,3724,93,93.1
Sat 10:11:00,2059m,51%,51.475,2360Mi,61%,3724,93,93.1
Sat 10:12:00,2033m,50%,50.825,2352Mi,61%,3724,93,93.1
Sat 10:13:00,2041m,51%,51.025,2361Mi,61%,3756,93,93.9
Sat 10:14:00,2077m,51%,51.925,2365Mi,61%,3791,94,94.775
Sat 10:15:00,2060m,51%,51.5,2360Mi,61%,3745,93,93.625
Sat 10:16:00,2075m,51%,51.875,2365Mi,61%,3745,93,93.625
Sat 10:17:00,2067m,51%,51.675,2352Mi,61%,3745,93,93.625
Sat 10:18:00,2033m,50%,50.825,2356Mi,61%,3745,93,93.625
Sat 10:19:00,2029m,50%,50.725,2366Mi,61%,3745,93,93.625
Sat 10:20:00,2027m,50%,50.675,2356Mi,61%,3745,93,93.625
Sat 10:21:00,2030m,50%,50.75,2354Mi,61%,3742,93,93.55
Sat 10:22:00,2197m,54%,54.925,2356Mi,61%,3724,93,93.1
Sat 10:23:00,2214m,55%,55.35,2358Mi,61%,3724,93,93.1
Sat 10:24:00,2106m,52%,52.65,2369Mi,61%,3723,93,93.075
Sat 10:25:00,2081m,52%,52.025,2369Mi,61%,3723,93,93.075
Sat 10:26:00,2055m,51%,51.375,2355Mi,61%,3729,93,93.225
Sat 10:27:00,2081m,52%,52.025,2373Mi,61%,3747,93,93.675
Sat 10:28:00,2151m,53%,53.775,2358Mi,61%,3743,93,93.575
Sat 10:29:00,2100m,52%,52.5,2354Mi,61%,3742,93,93.55
Sat 10:30:00,2237m,55%,55.925,2370Mi,61%,3745,93,93.625
Sat 10:31:00,2096m,52%,52.4,2358Mi,61%,3732,93,93.3
Sat 10:32:00,2097m,52%,52.425,2357Mi,61%,3744,93,93.6
Sat 10:33:00,2066m,51%,51.65,2367Mi,61%,3780,94,94.5
Sat 10:34:00,2167m,54%,54.175,2362Mi,61%,3738,93,93.45
Sat 10:35:00,2125m,53%,53.125,2366Mi,61%,3752,93,93.8
Sat 10:36:00,2133m,53%,53.325,2360Mi,61%,3733,93,93.325
Sat 10:37:00,2093m,52%,52.325,2369Mi,61%,3742,93,93.55
Sat 10:38:00,2143m,53%,53.575,2364Mi,61%,3739,93,93.475
Sat 10:39:00,2047m,51%,51.175,2374Mi,61%,3739,93,93.475
Sat 10:40:00,2066m,51%,51.65,2376Mi,61%,3774,94,94.35
Sat 10:41:00,1955m,48%,48.875,2380Mi,61%,3745,93,93.625
Sat 10:42:00,2215m,55%,55.375,2367Mi,61%,3744,93,93.6
Sat 10:43:00,2132m,53%,53.3,2378Mi,61%,3744,93,93.6
Sat 10:44:00,2027m,50%,50.675,2375Mi,61%,3750,93,93.75
Sat 10:45:00,1891m,47%,47.275,2383Mi,62%,3752,93,93.8
Sat 10:46:00,2060m,51%,51.5,2379Mi,61%,3790,94,94.75
Sat 10:47:00,2123m,53%,53.075,2382Mi,61%,3749,93,93.725
Sat 10:48:00,2074m,51%,51.85,2383Mi,62%,3739,93,93.475
Sat 10:49:00,2176m,54%,54.4,2375Mi,61%,3748,93,93.7
Sat 10:50:00,2293m,57%,57.325,2380Mi,61%,3738,93,93.45
Sat 10:51:00,2315m,57%,57.875,2412Mi,62%,3757,93,93.925
Sat 10:52:00,2161m,54%,54.025,2396Mi,62%,3792,94,94.8
Sat 10:53:01,2114m,52%,52.85,2388Mi,62%,3756,93,93.9
Sat 10:54:01,1819m,45%,45.475,2379Mi,61%,3745,93,93.625
Sat 10:55:00,2144m,53%,53.6,2377Mi,61%,3747,93,93.675
Sat 10:56:00,2155m,53%,53.875,2385Mi,62%,3744,93,93.6
Sat 10:57:00,2058m,51%,51.45,2390Mi,62%,3743,93,93.575
Sat 10:58:00,1949m,48%,48.725,2382Mi,61%,3745,93,93.625
Sat 10:59:00,2212m,55%,55.3,2396Mi,62%,3755,93,93.875
Sat 11:00:00,2112m,52%,52.8,2386Mi,62%,3726,93,93.15
Sat 11:01:00,2086m,52%,52.15,2393Mi,62%,3727,93,93.175
Sat 11:02:00,2066m,51%,51.65,2395Mi,62%,3728,93,93.2
Sat 11:03:00,2166m,54%,54.15,2395Mi,62%,3730,93,93.25
Sat 11:04:00,2071m,51%,51.775,2398Mi,62%,3742,93,93.55
Sat 11:05:00,2094m,52%,52.35,2393Mi,62%,3736,93,93.4
Sat 11:06:00,1933m,48%,48.325,2387Mi,62%,3752,93,93.8
Sat 11:07:00,2025m,50%,50.625,2389Mi,62%,3752,93,93.8
Sat 11:08:00,1466m,36%,36.65,2386Mi,62%,3730,93,93.25
Sat 11:09:00,2139m,53%,53.475,2404Mi,62%,3753,93,93.825
Sat 11:10:00,2102m,52%,52.55,2398Mi,62%,3755,93,93.875
Sat 11:11:00,2155m,53%,53.875,2381Mi,61%,3748,93,93.7
Sat 11:12:00,2076m,51%,51.9,2380Mi,61%,3740,93,93.5
Sat 11:13:00,2181m,54%,54.525,2381Mi,61%,3743,93,93.575
Sat 11:14:01,2121m,53%,53.025,2366Mi,61%,3726,93,93.15
Sat 11:15:00,2209m,55%,55.225,2380Mi,61%,3726,93,93.15
Sat 11:16:00,2063m,51%,51.575,2365Mi,61%,3753,93,93.825
Sat 11:17:00,2121m,53%,53.025,2379Mi,61%,3720,93,93
Sat 11:18:00,2065m,51%,51.625,2384Mi,62%,3734,93,93.35
Sat 11:19:00,2154m,53%,53.85,2372Mi,61%,3734,93,93.35
Sat 11:20:00,1859m,46%,46.475,2368Mi,61%,3747,93,93.675
Sat 11:21:00,1774m,44%,44.35,2385Mi,62%,3743,93,93.575
Sat 11:22:00,2089m,52%,52.225,2386Mi,62%,3739,93,93.475
Sat 11:23:00,2158m,53%,53.95,2388Mi,62%,3733,93,93.325
Sat 11:24:00,2061m,51%,51.525,2386Mi,62%,3731,93,93.275
Sat 11:25:00,1715m,42%,42.875,2380Mi,61%,3731,93,93.275
Sat 11:26:00,1753m,43%,43.825,2372Mi,61%,3738,93,93.45
Sat 11:27:00,1740m,43%,43.5,2386Mi,62%,3723,93,93.075
Sat 11:28:00,2104m,52%,52.6,2386Mi,62%,3753,93,93.825
Sat 11:29:00,2110m,52%,52.75,2379Mi,61%,3739,93,93.475
Sat 11:30:00,1154m,28%,28.85,2385Mi,62%,3751,93,93.775
Sat 11:31:01,2205m,55%,55.125,2397Mi,62%,3728,93,93.2
Sat 11:32:00,2050m,51%,51.25,2379Mi,61%,3746,93,93.65
Sat 11:33:00,1657m,41%,41.425,2398Mi,62%,3720,93,93
Sat 11:34:00,2152m,53%,53.8,2390Mi,62%,3734,93,93.35
Sat 11:35:00,2087m,52%,52.175,2386Mi,62%,3734,93,93.35
Sat 11:36:00,2191m,54%,54.775,2382Mi,61%,3746,93,93.65
Sat 11:37:00,2083m,52%,52.075,2376Mi,61%,3727,93,93.175
Sat 11:38:00,2134m,53%,53.35,2387Mi,62%,3720,93,93
Sat 11:39:00,2111m,52%,52.775,2390Mi,62%,3723,93,93.075
Sat 11:40:00,2080m,52%,52,2383Mi,62%,3748,93,93.7
Sat 11:41:00,1852m,46%,46.3,2377Mi,61%,3745,93,93.625
Sat 11:42:00,1764m,44%,44.1,2395Mi,62%,3756,93,93.9
Sat 11:43:00,1858m,46%,46.45,2379Mi,61%,3756,93,93.9
Sat 11:44:00,964m,24%,24.1,2379Mi,61%,3753,93,93.825
Sat 11:45:00,2091m,52%,52.275,2397Mi,62%,3757,93,93.925
Sat 11:46:01,1957m,48%,48.925,2394Mi,62%,3746,93,93.65
Sat 11:47:00,2142m,53%,53.55,2399Mi,62%,3723,93,93.075
Sat 11:48:00,2140m,53%,53.5,2400Mi,62%,3744,93,93.6
Sat 11:49:00,2142m,53%,53.55,2386Mi,62%,3772,94,94.3
Sat 11:50:00,2116m,52%,52.9,2403Mi,62%,3772,94,94.3
Sat 11:51:00,1215m,30%,30.375,2387Mi,62%,3733,93,93.325
Sat 11:52:00,1972m,49%,49.3,2385Mi,62%,3727,93,93.175
Sat 11:53:00,1921m,48%,48.025,2386Mi,62%,3732,93,93.3
Sat 11:54:00,1862m,46%,46.55,2391Mi,62%,3732,93,93.3
Sat 11:55:00,1213m,30%,30.325,2391Mi,62%,3732,93,93.3
Sat 11:56:00,1899m,47%,47.475,2390Mi,62%,3737,93,93.425
Sat 11:57:00,2083m,52%,52.075,2389Mi,62%,3737,93,93.425
Sat 11:58:00,1597m,39%,39.925,2386Mi,62%,3746,93,93.65
Sat 11:59:00,1597m,39%,39.925,2406Mi,62%,3750,93,93.75
Sat 12:00:00,2122m,53%,53.05,2394Mi,62%,3748,93,93.7
Sat 12:01:00,1809m,45%,45.225,2389Mi,62%,3723,93,93.075
Sat 12:02:00,2128m,53%,53.2,2406Mi,62%,3744,93,93.6
Sat 12:03:00,2180m,54%,54.5,2400Mi,62%,3730,93,93.25
Sat 12:04:01,2168m,54%,54.2,2393Mi,62%,3720,93,93
Sat 12:05:00,1980m,49%,49.5,2388Mi,62%,3722,93,93.05
Sat 12:06:00,1611m,40%,40.275,2404Mi,62%,3737,93,93.425
Sat 12:07:00,1840m,46%,46,2400Mi,62%,3732,93,93.3
Sat 12:08:00,1439m,35%,35.975,2407Mi,62%,3724,93,93.1
Sat 12:09:00,1774m,44%,44.35,2392Mi,62%,3745,93,93.625
Sat 12:10:00,1888m,47%,47.2,2411Mi,62%,3758,93,93.95
Sat 12:11:00,1229m,30%,30.725,2400Mi,62%,3750,93,93.75
Sat 12:12:00,2012m,50%,50.3,2412Mi,62%,3727,93,93.175
Sat 12:13:00,1361m,34%,34.025,2393Mi,62%,3727,93,93.175
Sat 12:14:00,1490m,37%,37.25,2392Mi,62%,3750,93,93.75
Sat 12:15:00,807m,20%,20.175,2409Mi,62%,3730,93,93.25
Sat 12:16:00,2072m,51%,51.8,2387Mi,62%,3730,93,93.25
Sat 12:17:00,725m,18%,18.125,2388Mi,62%,3781,94,94.525
Sat 12:18:00,1579m,39%,39.475,2395Mi,62%,3781,94,94.525
Sat 12:19:00,1016m,25%,25.4,2383Mi,62%,3739,93,93.475
Sat 12:20:00,1646m,41%,41.15,2378Mi,61%,3735,93,93.375
Sat 12:21:00,1714m,42%,42.85,2377Mi,61%,3752,93,93.8
Sat 12:22:00,1264m,31%,31.6,2381Mi,61%,3743,93,93.575
Sat 12:23:00,1734m,43%,43.35,2380Mi,61%,3765,94,94.125
Sat 12:24:00,1774m,44%,44.35,2367Mi,61%,3751,93,93.775
Sat 12:25:00,1776m,44%,44.4,2373Mi,61%,3756,93,93.9
Sat 12:26:00,1006m,25%,25.15,2374Mi,61%,3746,93,93.65
Sat 12:27:00,1903m,47%,47.575,2365Mi,61%,3772,94,94.3
Sat 12:28:00,1703m,42%,42.575,2365Mi,61%,3740,93,93.5
Sat 12:29:00,1324m,33%,33.1,2346Mi,61%,3755,93,93.875
Sat 12:30:00,1177m,29%,29.425,2341Mi,60%,3735,93,93.375
Sat 12:31:00,1557m,38%,38.925,2366Mi,61%,3757,93,93.925
Sat 12:32:00,2180m,54%,54.5,2380Mi,61%,3742,93,93.55
Sat 12:33:00,1477m,36%,36.925,2365Mi,61%,3729,93,93.225
Sat 12:34:01,1539m,38%,38.475,2390Mi,62%,3746,93,93.65
Sat 12:35:01,2107m,52%,52.675,2397Mi,62%,3746,93,93.65
Sat 12:36:00,1228m,30%,30.7,2417Mi,62%,3743,93,93.575
Sat 12:37:00,1321m,33%,33.025,2397Mi,62%,3744,93,93.6
Sat 12:38:00,1638m,40%,40.95,2409Mi,62%,3748,93,93.7
Sat 12:39:00,1848m,46%,46.2,2419Mi,62%,3748,93,93.7
Sat 12:40:00,839m,20%,20.975,2405Mi,62%,3738,93,93.45
Sat 12:41:01,1015m,25%,25.375,2406Mi,62%,3728,93,93.2
Sat 12:42:00,1206m,30%,30.15,2421Mi,63%,3731,93,93.275
Sat 12:43:00,1150m,28%,28.75,2410Mi,62%,3731,93,93.275
Sat 12:44:01,617m,15%,15.425,2402Mi,62%,3741,93,93.525
Sat 12:45:00,1141m,28%,28.525,2404Mi,62%,3750,93,93.75
Sat 12:46:00,1232m,30%,30.8,2405Mi,62%,3747,93,93.675
Sat 12:47:00,1215m,30%,30.375,2385Mi,62%,3747,93,93.675
Sat 12:48:00,888m,22%,22.2,2381Mi,61%,3738,93,93.45
Sat 12:49:00,955m,23%,23.875,2383Mi,62%,3738,93,93.45
Sat 12:50:00,964m,24%,24.1,2383Mi,62%,3735,93,93.375
Sat 12:51:00,674m,16%,16.85,2383Mi,62%,3729,93,93.225
Sat 12:52:00,1730m,43%,43.25,2402Mi,62%,3722,93,93.05
Sat 12:53:00,1588m,39%,39.7,2386Mi,62%,3749,93,93.725
Sat 12:54:00,1689m,42%,42.225,2382Mi,62%,3752,93,93.8
Sat 12:55:00,1664m,41%,41.6,2397Mi,62%,3743,93,93.575
Sat 12:56:00,1460m,36%,36.5,2385Mi,62%,3733,93,93.325
Sat 12:57:00,1167m,29%,29.175,2387Mi,62%,3729,93,93.225
Sat 12:58:00,1829m,45%,45.725,2399Mi,62%,3743,93,93.575
Sat 12:59:00,1747m,43%,43.675,2388Mi,62%,3730,93,93.25
Sat 13:00:00,1112m,27%,27.8,2383Mi,62%,3744,93,93.6
Sat 13:01:00,1002m,25%,25.05,2401Mi,62%,3705,92,92.625
Sat 13:02:00,1161m,29%,29.025,2391Mi,62%,3703,92,92.575
Sat 13:03:00,1415m,35%,35.375,2393Mi,62%,3681,92,92.025
Sat 13:04:00,1105m,27%,27.625,2390Mi,62%,3729,93,93.225
Sat 13:05:00,1312m,32%,32.8,2394Mi,62%,3712,92,92.8
Sat 13:06:00,877m,21%,21.925,2387Mi,62%,3684,92,92.1
Sat 13:07:01,828m,20%,20.7,2384Mi,62%,3697,92,92.425
Sat 13:08:00,980m,24%,24.5,2386Mi,62%,3758,93,93.95
Sat 13:09:00,895m,22%,22.375,2390Mi,62%,3684,92,92.1
Sat 13:10:00,724m,18%,18.1,2383Mi,62%,3689,92,92.225
Sat 13:11:00,1083m,27%,27.075,2384Mi,62%,3694,92,92.35
Sat 13:12:00,609m,15%,15.225,2383Mi,62%,3690,92,92.25
Sat 13:13:00,694m,17%,17.35,2384Mi,62%,3711,92,92.775
Sat 13:14:00,688m,17%,17.2,2384Mi,62%,3711,92,92.775
Sat 13:15:00,446m,11%,11.15,2383Mi,62%,3720,93,93
Sat 13:16:00,767m,19%,19.175,2385Mi,62%,3683,92,92.075
Sat 13:17:00,518m,12%,12.95,2381Mi,61%,3698,92,92.45
Sat 13:18:00,868m,21%,21.7,2385Mi,62%,3689,92,92.225
Sat 13:19:00,604m,15%,15.1,2390Mi,62%,3718,92,92.95
Sat 13:20:00,642m,16%,16.05,2378Mi,61%,3681,92,92.025
Sat 13:21:00,505m,12%,12.625,2378Mi,61%,3488,87,87.2
Sat 13:22:00,520m,13%,13,2355Mi,61%,3353,83,83.825
Sat 13:23:00,553m,13%,13.825,2342Mi,60%,3270,81,81.75
Sat 13:24:00,504m,12%,12.6,2332Mi,60%,3152,78,78.8
Sat 13:25:00,539m,13%,13.475,2319Mi,60%,3016,75,75.4
Sat 13:26:00,483m,12%,12.075,2305Mi,59%,3059,76,76.475
Sat 13:27:00,464m,11%,11.6,2308Mi,60%,2984,74,74.6
Sat 13:28:00,455m,11%,11.375,2301Mi,59%,2971,74,74.275
Sat 13:29:00,495m,12%,12.375,2297Mi,59%,2894,72,72.35
Sat 13:30:00,450m,11%,11.25,2290Mi,59%,2842,71,71.05
Sat 13:31:00,487m,12%,12.175,2282Mi,59%,2745,68,68.625
Sat 13:32:00,453m,11%,11.325,2273Mi,59%,2675,66,66.875
Sat 13:33:00,426m,10%,10.65,2266Mi,58%,2598,64,64.95
Sat 13:34:00,478m,11%,11.95,2260Mi,58%,2551,63,63.775
Sat 13:35:00,399m,9%,9.975,2256Mi,58%,2560,64,64
Sat 13:36:00,446m,11%,11.15,2254Mi,58%,2482,62,62.05
Sat 13:37:00,371m,9%,9.275,2247Mi,58%,2464,61,61.6
Sat 13:38:00,413m,10%,10.325,2244Mi,58%,2346,58,58.65
Sat 13:39:00,370m,9%,9.25,2234Mi,58%,2266,56,56.65
Sat 13:40:00,404m,10%,10.1,2229Mi,58%,2141,53,53.525
Sat 13:41:00,365m,9%,9.125,2218Mi,57%,2184,54,54.6
Sat 13:42:00,337m,8%,8.425,2218Mi,57%,2101,52,52.525
Sat 13:43:01,405m,10%,10.125,2215Mi,57%,1961,49,49.025
Sat 13:44:00,388m,9%,9.7,2201Mi,57%,1888,47,47.2
Sat 13:45:01,407m,10%,10.175,2197Mi,57%,1888,47,47.2
Sat 13:46:00,351m,8%,8.775,2196Mi,57%,1885,47,47.125
Sat 13:47:00,377m,9%,9.425,2194Mi,57%,1805,45,45.125
Sat 13:48:00,349m,8%,8.725,2188Mi,56%,1811,45,45.275
Sat 13:49:00,364m,9%,9.1,2188Mi,56%,1731,43,43.275
Sat 13:50:00,345m,8%,8.625,2180Mi,56%,1702,42,42.55
Sat 13:51:00,380m,9%,9.5,2178Mi,56%,1622,40,40.55
Sat 13:52:00,451m,11%,11.275,2188Mi,56%,1628,40,40.7
Sat 13:53:00,344m,8%,8.6,2181Mi,56%,1539,38,38.475
Sat 13:54:00,370m,9%,9.25,2177Mi,56%,1461,36,36.525
Sat 13:55:00,323m,8%,8.075,2167Mi,56%,1461,36,36.525
Sat 13:56:00,357m,8%,8.925,2167Mi,56%,1383,34,34.575
Sat 13:57:00,298m,7%,7.45,2162Mi,56%,1389,34,34.725
Sat 13:58:00,352m,8%,8.8,2159Mi,56%,1346,33,33.65
Sat 13:59:00,295m,7%,7.375,2155Mi,56%,1389,34,34.725
Sat 14:00:00,318m,7%,7.95,2158Mi,56%,1346,33,33.65
Sat 14:01:00,293m,7%,7.325,2154Mi,56%,1401,35,35.025
Sat 14:02:00,327m,8%,8.175,2158Mi,56%,1358,33,33.95
Sat 14:03:01,279m,6%,6.975,2155Mi,56%,1413,35,35.325
Sat 14:04:00,303m,7%,7.575,2156Mi,56%,1370,34,34.25
Sat 14:05:00,265m,6%,6.625,2152Mi,56%,1302,32,32.55
Sat 14:06:00,328m,8%,8.2,2146Mi,55%,1259,31,31.475
Sat 14:07:00,269m,6%,6.725,2142Mi,55%,1314,32,32.85
Sat 14:08:00,288m,7%,7.2,2145Mi,55%,1369,34,34.225
Sat 14:09:00,295m,7%,7.375,2148Mi,55%,1326,33,33.15
Sat 14:10:00,289m,7%,7.225,2145Mi,55%,1381,34,34.525
Sat 14:11:00,310m,7%,7.75,2148Mi,55%,1338,33,33.45
Sat 14:12:00,287m,7%,7.175,2145Mi,55%,1393,34,34.825
Sat 14:13:00,311m,7%,7.775,2148Mi,55%,1350,33,33.75
Sat 14:14:00,288m,7%,7.2,2145Mi,55%,1405,35,35.125
Sat 14:15:00,315m,7%,7.875,2148Mi,55%,1362,34,34.05
Sat 14:16:00,282m,7%,7.05,2145Mi,55%,1417,35,35.425
Sat 14:17:00,327m,8%,8.175,2148Mi,55%,1429,35,35.725
Sat 14:18:00,319m,7%,7.975,2151Mi,55%,1429,35,35.725
Sat 14:19:00,283m,7%,7.075,2148Mi,55%,1484,37,37.1
Sat 14:20:00,288m,7%,7.2,2150Mi,55%,1441,36,36.025
Sat 14:21:00,272m,6%,6.8,2147Mi,55%,1496,37,37.4
Sat 14:22:00,286m,7%,7.15,2149Mi,55%,1453,36,36.325
Sat 14:23:00,328m,8%,8.2,2149Mi,55%,1508,37,37.7
Sat 14:24:00,262m,6%,6.55,2146Mi,55%,1520,38,38
Sat 14:25:00,262m,6%,6.55,2146Mi,55%,1520,38,38
Sat 14:26:00,364m,9%,9.1,2151Mi,55%,1575,39,39.375
Sat 14:27:00,335m,8%,8.375,2156Mi,56%,1575,39,39.375
Sat 14:28:00,299m,7%,7.475,2156Mi,56%,1630,40,40.75
Sat 14:29:00,326m,8%,8.15,2161Mi,56%,1630,40,40.75
Sat 14:30:00,272m,6%,6.8,2160Mi,56%,1685,42,42.125
Sat 14:31:00,320m,8%,8,2163Mi,56%,1685,42,42.125
Sat 14:32:00,287m,7%,7.175,2163Mi,56%,1740,43,43.5
Sat 14:33:00,339m,8%,8.475,2167Mi,56%,1795,44,44.875
Sat 14:34:00,344m,8%,8.6,2171Mi,56%,1795,44,44.875
Sat 14:35:00,271m,6%,6.775,2170Mi,56%,1850,46,46.25
Sat 14:36:01,316m,7%,7.9,2174Mi,56%,1850,46,46.25
Sat 14:37:01,284m,7%,7.1,2174Mi,56%,1905,47,47.625
Sat 14:38:00,327m,8%,8.175,2178Mi,56%,1905,47,47.625
Sat 14:39:00,275m,6%,6.875,2178Mi,56%,1960,49,49
Sat 14:40:00,322m,8%,8.05,2181Mi,56%,1960,49,49
Sat 14:41:00,282m,7%,7.05,2181Mi,56%,2015,50,50.375
Sat 14:42:00,325m,8%,8.125,2184Mi,56%,2070,51,51.75
Sat 14:43:00,331m,8%,8.275,2188Mi,56%,2070,51,51.75
Sat 14:44:00,300m,7%,7.5,2187Mi,56%,2125,53,53.125
Sat 14:45:00,348m,8%,8.7,2191Mi,57%,2070,51,51.75
Sat 14:46:00,328m,8%,8.2,2188Mi,56%,2125,53,53.125
Sat 14:47:00,351m,8%,8.775,2191Mi,57%,2070,51,51.75
Sat 14:48:00,347m,8%,8.675,2188Mi,56%,2070,51,51.75
Sat 14:49:01,360m,9%,9,2190Mi,57%,2125,53,53.125
Sat 14:50:00,331m,8%,8.275,2206Mi,57%,2070,51,51.75
Sat 14:51:00,355m,8%,8.875,2189Mi,56%,2125,53,53.125
Sat 14:52:01,366m,9%,9.15,2193Mi,57%,2070,51,51.75
Sat 14:53:00,326m,8%,8.15,2189Mi,56%,2125,53,53.125
Sat 14:54:00,335m,8%,8.375,2193Mi,57%,2070,51,51.75
Sat 14:55:00,294m,7%,7.35,2190Mi,56%,2125,53,53.125
Sat 14:56:00,346m,8%,8.65,2193Mi,57%,2070,51,51.75
Sat 14:57:01,311m,7%,7.775,2190Mi,57%,2070,51,51.75
Sat 14:58:00,386m,9%,9.65,2190Mi,57%,2125,53,53.125
Sat 14:59:00,361m,9%,9.025,2194Mi,57%,2070,51,51.75
Sat 15:00:00,336m,8%,8.4,2191Mi,57%,2125,53,53.125
Sat 15:01:00,364m,9%,9.1,2194Mi,57%,2070,51,51.75
Sat 15:02:01,339m,8%,8.475,2191Mi,57%,2110,52,52.75
Sat 15:03:00,361m,9%,9.025,2195Mi,57%,2190,54,54.75
Sat 15:04:00,403m,10%,10.075,2199Mi,57%,2230,55,55.75
Sat 15:05:00,381m,9%,9.525,2204Mi,57%,2270,56,56.75
Sat 15:06:00,364m,9%,9.1,2207Mi,57%,2350,58,58.75
Sat 15:07:00,385m,9%,9.625,2215Mi,57%,2335,58,58.375
Sat 15:08:00,366m,9%,9.15,2215Mi,57%,2305,57,57.625
Sat 15:09:00,410m,10%,10.25,2224Mi,57%,2290,57,57.25
Sat 15:10:00,367m,9%,9.175,2224Mi,57%,2275,56,56.875
Sat 15:11:00,352m,8%,8.8,2224Mi,57%,2355,58,58.875
Sat 15:12:00,396m,9%,9.9,2231Mi,58%,2340,58,58.5
Sat 15:13:00,365m,9%,9.125,2231Mi,58%,2365,59,59.125
Sat 15:14:00,409m,10%,10.225,2234Mi,58%,2405,60,60.125
Sat 15:15:01,356m,8%,8.9,2238Mi,58%,2390,59,59.75
Sat 15:16:00,372m,9%,9.3,2238Mi,58%,2470,61,61.75
Sat 15:17:00,415m,10%,10.375,2245Mi,58%,2455,61,61.375
Sat 15:18:00,374m,9%,9.35,2245Mi,58%,2535,63,63.375
Sat 15:19:00,428m,10%,10.7,2253Mi,58%,2520,63,63
Sat 15:20:00,383m,9%,9.575,2253Mi,58%,2560,64,64
Sat 15:21:00,374m,9%,9.35,2256Mi,58%,2585,64,64.625
Sat 15:22:00,425m,10%,10.625,2260Mi,58%,2570,64,64.25
Sat 15:23:00,393m,9%,9.825,2261Mi,58%,2650,66,66.25
Sat 15:24:00,375m,9%,9.375,2263Mi,58%,2635,65,65.875
Sat 15:25:00,444m,11%,11.1,2268Mi,59%,2675,66,66.875
Sat 15:26:00,394m,9%,9.85,2271Mi,59%,2700,67,67.5
Sat 15:27:00,443m,11%,11.075,2275Mi,59%,2740,68,68.5
Sat 15:28:00,416m,10%,10.4,2279Mi,59%,2765,69,69.125
Sat 15:29:00,460m,11%,11.5,2282Mi,59%,2750,68,68.75
Sat 15:30:00,449m,11%,11.225,2284Mi,59%,2790,69,69.75
Sat 15:31:00,441m,11%,11.025,2287Mi,59%,2815,70,70.375
Sat 15:32:01,495m,12%,12.375,2290Mi,59%,2855,71,71.375
Sat 15:33:00,441m,11%,11.025,2293Mi,59%,2840,71,71
Sat 15:34:00,474m,11%,11.85,2290Mi,59%,2800,70,70
Sat 15:35:00,465m,11%,11.625,2286Mi,59%,2745,68,68.625
Sat 15:36:00,462m,11%,11.55,2281Mi,59%,2745,68,68.625
Sat 15:37:00,488m,12%,12.2,2282Mi,59%,2690,67,67.25
Sat 15:38:00,519m,12%,12.975,2281Mi,59%,2675,66,66.875
Sat 15:39:00,454m,11%,11.35,2281Mi,59%,2635,65,65.875
Sat 15:40:00,461m,11%,11.525,2281Mi,59%,2580,64,64.5
Sat 15:41:00,412m,10%,10.3,2278Mi,59%,2620,65,65.5
Sat 15:42:00,451m,11%,11.275,2281Mi,59%,2525,63,63.125
Sat 15:43:00,427m,10%,10.675,2276Mi,59%,2565,64,64.125
Sat 15:44:00,409m,10%,10.225,2288Mi,59%,2470,61,61.75
Sat 15:45:00,470m,11%,11.75,2273Mi,59%,2470,61,61.75
Sat 15:46:00,404m,10%,10.1,2272Mi,59%,2510,62,62.75
Sat 15:47:00,453m,11%,11.325,2273Mi,59%,2470,61,61.75
Sat 15:48:00,397m,9%,9.925,2273Mi,59%,2470,61,61.75
Sat 15:49:00,443m,11%,11.075,2274Mi,59%,2470,61,61.75
Sat 15:50:00,406m,10%,10.15,2274Mi,59%,2470,61,61.75
Sat 15:51:00,407m,10%,10.175,2273Mi,59%,2510,62,62.75
Sat 15:52:00,424m,10%,10.6,2276Mi,59%,2470,61,61.75
Sat 15:53:01,415m,10%,10.375,2273Mi,59%,2470,61,61.75
Sat 15:54:00,396m,9%,9.9,2272Mi,59%,2470,61,61.75
Sat 15:55:00,446m,11%,11.15,2273Mi,59%,2470,61,61.75
Sat 15:56:00,401m,10%,10.025,2274Mi,59%,2510,62,62.75
Sat 15:57:00,441m,11%,11.025,2277Mi,59%,2470,61,61.75
Sat 15:58:00,405m,10%,10.125,2274Mi,59%,2470,61,61.75
Sat 15:59:01,400m,10%,10,2274Mi,59%,2470,61,61.75
Sat 16:00:00,457m,11%,11.425,2275Mi,59%,2470,61,61.75
Sat 16:01:00,399m,9%,9.975,2275Mi,59%,2508,62,62.7
Sat 16:02:00,432m,10%,10.8,2279Mi,59%,2506,62,62.65
Sat 16:03:00,460m,11%,11.5,2279Mi,59%,2544,63,63.6
Sat 16:04:00,441m,11%,11.025,2282Mi,59%,2583,64,64.575
Sat 16:05:00,394m,9%,9.85,2286Mi,59%,2661,66,66.525
Sat 16:06:00,438m,10%,10.95,2292Mi,59%,2739,68,68.475
Sat 16:07:00,442m,11%,11.05,2299Mi,59%,2817,70,70.425
Sat 16:08:01,446m,11%,11.15,2306Mi,60%,2655,66,66.375
Sat 16:09:00,507m,12%,12.675,2294Mi,59%,2613,65,65.325
Sat 16:10:00,440m,11%,11,2290Mi,59%,2612,65,65.3
Sat 16:11:00,458m,11%,11.45,2292Mi,59%,2650,66,66.25
Sat 16:12:00,449m,11%,11.225,2295Mi,59%,2648,66,66.2
Sat 16:13:00,467m,11%,11.675,2295Mi,59%,2686,67,67.15
Sat 16:14:00,465m,11%,11.625,2298Mi,59%,2684,67,67.1
Sat 16:15:00,465m,11%,11.625,2299Mi,59%,2683,67,67.075
Sat 16:16:01,422m,10%,10.55,2305Mi,59%,2721,68,68.025
Sat 16:17:00,446m,11%,11.15,2302Mi,59%,2719,67,67.975
Sat 16:18:00,502m,12%,12.55,2302Mi,59%,2757,68,68.925
Sat 16:19:00,455m,11%,11.375,2305Mi,60%,2755,68,68.875
Sat 16:20:00,460m,11%,11.5,2308Mi,60%,2793,69,69.825
Sat 16:21:00,434m,10%,10.85,2306Mi,60%,2792,69,69.8
Sat 16:22:00,473m,11%,11.825,2309Mi,60%,2790,69,69.75
Sat 16:23:00,482m,12%,12.05,2310Mi,60%,2828,70,70.7
Sat 16:24:00,481m,12%,12.025,2313Mi,60%,2826,70,70.65
Sat 16:25:00,489m,12%,12.225,2316Mi,60%,2864,71,71.6
Sat 16:26:00,469m,11%,11.725,2316Mi,60%,2863,71,71.575
Sat 16:27:00,449m,11%,11.225,2317Mi,60%,2861,71,71.525
Sat 16:28:00,490m,12%,12.25,2317Mi,60%,2899,72,72.475
Sat 16:29:00,483m,12%,12.075,2321Mi,60%,2937,73,73.425
Sat 16:30:00,507m,12%,12.675,2324Mi,60%,2935,73,73.375
Sat 16:31:00,454m,11%,11.35,2337Mi,60%,2973,74,74.325
Sat 16:32:00,464m,11%,11.6,2325Mi,60%,3012,75,75.3
Sat 16:33:00,466m,11%,11.65,2332Mi,60%,3090,77,77.25
Sat 16:34:00,475m,11%,11.875,2346Mi,61%,3168,79,79.2
Sat 16:35:00,472m,11%,11.8,2353Mi,61%,3246,81,81.15
Sat 16:36:00,478m,11%,11.95,2336Mi,60%,3324,83,83.1
Sat 16:37:00,478m,11%,11.95,2342Mi,60%,3363,84,84.075
Sat 16:38:00,464m,11%,11.6,2347Mi,61%,3441,86,86.025
Sat 16:39:00,491m,12%,12.275,2355Mi,61%,3519,87,87.975
Sat 16:40:00,519m,12%,12.975,2361Mi,61%,3597,89,89.925
Sat 16:41:00,507m,12%,12.675,2368Mi,61%,3675,91,91.875
Sat 16:42:00,485m,12%,12.125,2372Mi,61%,3597,89,89.925
Sat 16:43:00,499m,12%,12.475,2369Mi,61%,3519,87,87.975
Sat 16:44:01,526m,13%,13.15,2364Mi,61%,3480,87,87
Sat 16:45:00,526m,13%,13.15,2364Mi,61%,3519,87,87.975
Sat 16:46:00,577m,14%,14.425,2364Mi,61%,3441,86,86.025
Sat 16:47:00,528m,13%,13.2,2357Mi,61%,3441,86,86.025
Sat 16:48:00,605m,15%,15.125,2358Mi,61%,3441,86,86.025
Sat 16:49:01,600m,15%,15,2358Mi,61%,3441,86,86.025
Sat 16:50:00,609m,15%,15.225,2358Mi,61%,3441,86,86.025
Sat 16:51:00,529m,13%,13.225,2359Mi,61%,3480,87,87
Sat 16:52:00,621m,15%,15.525,2363Mi,61%,3480,87,87
Sat 16:53:00,579m,14%,14.475,2361Mi,61%,3441,86,86.025
Sat 16:54:00,576m,14%,14.4,2361Mi,61%,3441,86,86.025
Sat 16:55:00,604m,15%,15.1,2361Mi,61%,3480,87,87
Sat 16:56:00,559m,13%,13.975,2365Mi,61%,3480,87,87
Sat 16:57:00,642m,16%,16.05,2365Mi,61%,3441,86,86.025
Sat 16:58:00,583m,14%,14.575,2362Mi,61%,3441,86,86.025
Sat 16:59:00,603m,15%,15.075,2362Mi,61%,3441,86,86.025
Sat 17:00:00,589m,14%,14.725,2363Mi,61%,3441,86,86.025
Sat 17:01:00,623m,15%,15.575,2364Mi,61%,3402,85,85.05
Sat 17:02:00,468m,11%,11.7,2361Mi,61%,3324,83,83.1
Sat 17:03:00,506m,12%,12.65,2355Mi,61%,3246,81,81.15
Sat 17:04:00,499m,12%,12.475,2349Mi,61%,3168,79,79.2
Sat 17:05:00,483m,12%,12.075,2343Mi,60%,3090,77,77.25
Sat 17:06:00,484m,12%,12.1,2337Mi,60%,3051,76,76.275
Sat 17:07:00,433m,10%,10.825,2334Mi,60%,2973,74,74.325
Sat 17:08:00,476m,11%,11.9,2327Mi,60%,2895,72,72.375
Sat 17:09:00,471m,11%,11.775,2320Mi,60%,2817,70,70.425
Sat 17:10:00,463m,11%,11.575,2314Mi,60%,2739,68,68.475
Sat 17:11:00,461m,11%,11.525,2307Mi,60%,2661,66,66.525
Sat 17:12:00,448m,11%,11.2,2300Mi,59%,2622,65,65.55
Sat 17:13:01,407m,10%,10.175,2297Mi,59%,2544,63,63.6
Sat 17:14:00,452m,11%,11.3,2290Mi,59%,2466,61,61.65
Sat 17:15:00,432m,10%,10.8,2283Mi,59%,2388,59,59.7
Sat 17:16:00,420m,10%,10.5,2277Mi,59%,2310,57,57.75
Sat 17:17:00,444m,11%,11.1,2270Mi,59%,2232,55,55.8
Sat 17:18:00,377m,9%,9.425,2267Mi,59%,2193,54,54.825
Sat 17:19:00,406m,10%,10.15,2261Mi,58%,2115,52,52.875
Sat 17:20:00,411m,10%,10.275,2254Mi,58%,2037,50,50.925
Sat 17:21:00,398m,9%,9.95,2247Mi,58%,1959,48,48.975
Sat 17:22:00,405m,10%,10.125,2241Mi,58%,1881,47,47.025
Sat 17:23:00,360m,9%,9,2249Mi,58%,1881,47,47.025
Sat 17:24:00,342m,8%,8.55,2233Mi,58%,1881,47,47.025
Sat 17:25:00,326m,8%,8.15,2233Mi,58%,1842,46,46.05
Sat 17:26:01,358m,8%,8.95,2229Mi,58%,1764,44,44.1
Sat 17:27:00,372m,9%,9.3,2223Mi,57%,1764,44,44.1
Sat 17:28:00,311m,7%,7.775,2223Mi,57%,1686,42,42.15
Sat 17:29:00,388m,9%,9.7,2216Mi,57%,1608,40,40.2
Sat 17:30:00,372m,9%,9.3,2210Mi,57%,1530,38,38.25
Sat 17:31:00,353m,8%,8.825,2204Mi,57%,1491,37,37.275
Sat 17:32:01,330m,8%,8.25,2200Mi,57%,1374,34,34.35
Sat 17:33:00,,,,,,1296,32,32.4
Sat 17:34:00,354m,8%,8.85,2183Mi,56%,1257,31,31.425
Sat 17:35:00,438m,10%,10.95,2173Mi,56%,1179,29,29.475
Sat 17:36:00,328m,8%,8.2,2167Mi,56%,1101,27,27.525
Sat 17:37:00,323m,8%,8.075,2162Mi,56%,1023,25,25.575
Sat 17:38:00,325m,8%,8.125,2156Mi,56%,984,24,24.6
Sat 17:39:00,277m,6%,6.925,2152Mi,56%,906,22,22.65
Sat 17:40:00,309m,7%,7.725,2146Mi,55%,828,20,20.7
Sat 17:41:00,300m,7%,7.5,2139Mi,55%,750,18,18.75
Sat 17:42:00,293m,7%,7.325,2133Mi,55%,750,18,18.75
Sat 17:43:00,249m,6%,6.225,2133Mi,55%,750,18,18.75
Sat 17:44:00,219m,5%,5.475,2132Mi,55%,750,18,18.75
Sat 17:45:00,241m,6%,6.025,2132Mi,55%,750,18,18.75
Sat 17:46:00,249m,6%,6.225,2132Mi,55%,750,18,18.75
Sat 17:47:01,217m,5%,5.425,2132Mi,55%,750,18,18.75
Sat 17:48:00,242m,6%,6.05,2132Mi,55%,750,18,18.75
Sat 17:49:00,239m,5%,5.975,2132Mi,55%,750,18,18.75
Sat 17:50:00,213m,5%,5.325,2131Mi,55%,750,18,18.75