Sun 17:00:00,225m,5%,5.625,2147Mi,55%,787,19,19.675
Sun 17:01:00,223m,5%,5.575,2147Mi,55%,824,20,20.6
Sun 17:02:01,300m,7%,7.5,2154Mi,56%,898,22,22.45
Sun 17:03:00,287m,7%,7.175,2160Mi,56%,972,24,24.3
Sun 17:04:00,291m,7%,7.275,2167Mi,56%,1046,26,26.15
Sun 17:05:00,297m,7%,7.425,2173Mi,56%,1120,28,28
Sun 17:06:00,311m,7%,7.775,2180Mi,56%,1157,28,28.925
Sun 17:07:00,279m,6%,6.975,2183Mi,56%,1231,30,30.775
Sun 17:08:00,323m,8%,8.075,2191Mi,57%,1305,32,32.625
Sun 17:09:00,325m,8%,8.125,2197Mi,57%,1379,34,34.475
Sun 17:10:00,333m,8%,8.325,2205Mi,57%,1453,36,36.325
Sun 17:11:00,306m,7%,7.65,2208Mi,57%,1490,37,37.25
Sun 17:12:01,342m,8%,8.55,2215Mi,57%,1564,39,39.1
Sun 17:13:00,348m,8%,8.7,2222Mi,57%,1638,40,40.95
Sun 17:14:00,348m,8%,8.7,2229Mi,58%,1712,42,42.8
Sun 17:15:00,351m,8%,8.775,2235Mi,58%,1786,44,44.65
Sun 17:16:00,356m,8%,8.9,2242Mi,58%,1860,46,46.5
Sun 17:17:00,339m,8%,8.475,2246Mi,58%,1897,47,47.425
Sun 17:18:00,381m,9%,9.525,2253Mi,58%,1971,49,49.275
Sun 17:19:00,375m,9%,9.375,2259Mi,58%,2045,51,51.125
Sun 17:20:00,382m,9%,9.55,2267Mi,59%,2119,52,52.975
Sun 17:21:00,389m,9%,9.725,2273Mi,59%,2193,54,54.825
Sun 17:22:00,391m,9%,9.775,2280Mi,59%,2267,56,56.675
Sun 17:23:00,375m,9%,9.375,2284Mi,59%,2304,57,57.6
Sun 17:24:00,412m,10%,10.3,2291Mi,59%,2378,59,59.45
Sun 17:25:00,404m,10%,10.1,2298Mi,59%,2452,61,61.3
Sun 17:26:00,424m,10%,10.6,2306Mi,60%,2526,63,63.15
Sun 17:27:00,415m,10%,10.375,2312Mi,60%,2600,65,65
Sun 17:28:00,436m,10%,10.9,2319Mi,60%,2637,65,65.925
Sun 17:29:00,408m,10%,10.2,2322Mi,60%,2711,67,67.775
Sun 17:30:00,435m,10%,10.875,2329Mi,60%,2785,69,69.625
Sun 17:31:00,433m,10%,10.825,2336Mi,60%,2859,71,71.475
Sun 17:32:00,458m,11%,11.45,2344Mi,61%,2933,73,73.325
Sun 17:33:01,462m,11%,11.55,2349Mi,61%,3007,75,75.175
Sun 17:34:00,449m,11%,11.225,2354Mi,61%,3044,76,76.1
Sun 17:35:00,480m,12%,12,2361Mi,61%,3118,77,77.95
Sun 17:36:00,476m,11%,11.9,2374Mi,61%,3192,79,79.8
Sun 17:37:00,483m,12%,12.075,2375Mi,61%,3266,81,81.65
Sun 17:38:00,505m,12%,12.625,2382Mi,62%,3340,83,83.5
Sun 17:39:00,496m,12%,12.4,2389Mi,62%,3377,84,84.425
Sun 17:40:00,475m,11%,11.875,2393Mi,62%,3451,86,86.275
Sun 17:41:00,504m,12%,12.6,2400Mi,62%,3525,88,88.125
Sun 17:42:00,487m,12%,12.175,2407Mi,62%,3599,89,89.975
Sun 17:43:00,493m,12%,12.325,2414Mi,62%,3673,91,91.825
Sun 17:44:00,477m,11%,11.925,2420Mi,62%,3710,92,92.75
Sun 17:45:00,483m,12%,12.075,2424Mi,63%,3784,94,94.6
Sun 17:46:00,544m,13%,13.6,2438Mi,63%,3858,96,96.45
Sun 17:47:00,535m,13%,13.375,2445Mi,63%,3932,98,98.3
Sun 17:48:00,546m,13%,13.65,2427Mi,63%,3969,99,99.225
Sun 17:49:00,518m,12%,12.95,2432Mi,63%,3969,99,99.225
Sun 17:50:00,555m,13%,13.875,2435Mi,63%,3969,99,99.225
Sun 17:51:00,556m,13%,13.9,2435Mi,63%,3969,99,99.225
Sun 17:52:00,582m,14%,14.55,2436Mi,63%,3932,98,98.3
Sun 17:53:00,582m,14%,14.55,2434Mi,63%,3969,99,99.225
Sun 17:54:00,544m,13%,13.6,2434Mi,63%,3969,99,99.225
Sun 17:55:00,534m,13%,13.35,2435Mi,63%,3932,98,98.3
Sun 17:56:00,509m,12%,12.725,2430Mi,63%,3932,98,98.3
Sun 17:57:00,539m,13%,13.475,2431Mi,63%,3932,98,98.3
Sun 17:58:00,550m,13%,13.75,2432Mi,63%,3932,98,98.3
Sun 17:59:00,533m,13%,13.325,2432Mi,63%,3969,99,99.225
Sun 18:00:00,534m,13%,13.35,2436Mi,63%,3969,99,99.225
Sun 18:01:00,514m,12%,12.85,2433Mi,63%,3935,98,98.375
Sun 18:02:01,535m,13%,13.375,2434Mi,63%,3941,98,98.525
Sun 18:03:00,558m,13%,13.95,2434Mi,63%,3947,98,98.675
Sun 18:04:00,539m,13%,13.475,2435Mi,63%,3990,99,99.75
Sun 18:05:00,522m,13%,13.05,2438Mi,63%,3956,98,98.9
Sun 18:06:00,509m,12%,12.725,2435Mi,63%,3962,99,99.05
Sun 18:07:00,531m,13%,13.275,2409Mi,62%,3928,98,98.2
Sun 18:08:00,561m,14%,14.025,2406Mi,62%,3934,98,98.35
Sun 18:09:00,546m,13%,13.65,2407Mi,62%,3900,97,97.5
Sun 18:10:00,526m,13%,13.15,2411Mi,62%,3943,98,98.575
Sun 18:11:00,507m,12%,12.675,2407Mi,62%,3949,98,98.725
Sun 18:12:00,545m,13%,13.625,2407Mi,62%,3955,98,98.875
Sun 18:13:00,537m,13%,13.425,2408Mi,62%,3961,99,99.025
Sun 18:14:00,503m,12%,12.575,2404Mi,62%,3927,98,98.175
Sun 18:15:00,534m,13%,13.35,2405Mi,62%,3970,99,99.25
Sun 18:16:00,538m,13%,13.45,2410Mi,62%,3976,99,99.4
Sun 18:17:00,544m,13%,13.6,2409Mi,62%,3982,99,99.55
Sun 18:18:00,545m,13%,13.625,2409Mi,62%,3948,98,98.7
Sun 18:19:00,492m,12%,12.3,2407Mi,62%,3954,98,98.85
Sun 18:20:00,557m,13%,13.925,2407Mi,62%,3960,99,99
Sun 18:21:00,585m,14%,14.625,2410Mi,62%,3963,99,99.075
Sun 18:22:00,523m,13%,13.075,2407Mi,62%,3929,98,98.225
Sun 18:23:00,543m,13%,13.575,2403Mi,62%,3935,98,98.375
Sun 18:24:00,538m,13%,13.45,2403Mi,62%,3941,98,98.525
Sun 18:25:01,551m,13%,13.775,2404Mi,62%,3947,98,98.675
Sun 18:26:00,517m,12%,12.925,2405Mi,62%,3950,98,98.75
Sun 18:27:00,535m,13%,13.375,2405Mi,62%,3956,98,98.9
Sun 18:28:00,512m,12%,12.8,2405Mi,62%,3962,99,99.05
Sun 18:29:00,521m,13%,13.025,2405Mi,62%,3968,99,99.2
Sun 18:30:00,543m,13%,13.575,2406Mi,62%,3974,99,99.35
Sun 18:31:00,496m,12%,12.4,2402Mi,62%,3940,98,98.5
Sun 18:32:00,523m,13%,13.075,2405Mi,62%,3983,99,99.575
Sun 18:33:00,556m,13%,13.9,2407Mi,62%,3989,99,99.725
Sun 18:34:00,551m,13%,13.775,2407Mi,62%,3915,97,97.875
Sun 18:35:00,593m,14%,14.825,2401Mi,62%,3878,96,96.95
Sun 18:36:00,526m,13%,13.15,2397Mi,62%,3841,96,96.025
Sun 18:37:00,560m,14%,14,2396Mi,62%,3804,95,95.1
Sun 18:38:01,564m,14%,14.1,2392Mi,62%,3767,94,94.175
Sun 18:39:00,527m,13%,13.175,2386Mi,62%,3696,92,92.4
Sun 18:40:00,568m,14%,14.2,2383Mi,62%,3659,91,91.475
Sun 18:41:00,532m,13%,13.3,2382Mi,62%,3585,89,89.625
Sun 18:42:00,566m,14%,14.15,2373Mi,61%,3511,87,87.775
Sun 18:43:00,556m,13%,13.9,2369Mi,61%,3434,85,85.85
Sun 18:44:00,500m,12%,12.5,2362Mi,61%,3400,85,85
Sun 18:45:00,528m,13%,13.2,2358Mi,61%,3326,83,83.15
Sun 18:46:00,525m,13%,13.125,2353Mi,61%,3252,81,81.3
Sun 18:47:00,528m,13%,13.2,2338Mi,60%,3178,79,79.45
Sun 18:48:00,527m,13%,13.175,2329Mi,60%,3141,78,78.525
Sun 18:49:00,468m,11%,11.7,2323Mi,60%,3067,76,76.675
Sun 18:50:00,524m,13%,13.1,2320Mi,60%,3030,75,75.75
Sun 18:51:00,485m,12%,12.125,2316Mi,60%,3030,75,75.75
Sun 18:52:00,462m,11%,11.55,2315Mi,60%,3030,75,75.75
Sun 18:53:00,464m,11%,11.6,2317Mi,60%,3070,76,76.75
Sun 18:54:00,475m,11%,11.875,2321Mi,60%,3070,76,76.75
Sun 18:55:00,475m,11%,11.875,2321Mi,60%,3070,76,76.75
Sun 18:56:00,482m,12%,12.05,2322Mi,60%,3070,76,76.75
Sun 18:57:00,434m,10%,10.85,2321Mi,60%,3070,76,76.75
Sun 18:58:00,484m,12%,12.1,2322Mi,60%,3070,76,76.75
Sun 18:59:00,495m,12%,12.375,2322Mi,60%,3070,76,76.75
Sun 19:00:00,479m,11%,11.975,2322Mi,60%,3071,76,76.775
Sun 19:01:00,480m,12%,12,2321Mi,60%,3072,76,76.8
Sun 19:02:00,452m,11%,11.3,2322Mi,60%,3033,75,75.825
Sun 19:03:00,464m,11%,11.6,2319Mi,60%,2994,74,74.85
Sun 19:04:00,453m,11%,11.325,2317Mi,60%,2955,73,73.875
Sun 19:05:00,433m,10%,10.825,2318Mi,60%,2997,74,74.925
Sun 19:06:00,470m,11%,11.75,2317Mi,60%,2958,73,73.95
Sun 19:07:00,447m,11%,11.175,2315Mi,60%,2919,72,72.975
Sun 19:08:00,439m,10%,10.975,2313Mi,60%,2880,72,72
Sun 19:09:00,443m,11%,11.075,2309Mi,60%,2922,73,73.05
Sun 19:10:00,428m,10%,10.7,2309Mi,60%,2883,72,72.075
Sun 19:11:00,472m,11%,11.8,2310Mi,60%,2844,71,71.1
Sun 19:12:00,440m,11%,11,2306Mi,60%,2805,70,70.125
Sun 19:13:00,435m,10%,10.875,2303Mi,59%,2766,69,69.15
Sun 19:14:00,447m,11%,11.175,2301Mi,59%,2808,70,70.2
Sun 19:15:01,451m,11%,11.275,2303Mi,59%,2769,69,69.225
Sun 19:16:00,430m,10%,10.75,2300Mi,59%,2730,68,68.25
Sun 19:17:01,435m,10%,10.875,2297Mi,59%,2691,67,67.275
Sun 19:18:00,418m,10%,10.45,2297Mi,59%,2733,68,68.325
Sun 19:19:00,431m,10%,10.775,2294Mi,59%,2694,67,67.35
Sun 19:20:00,459m,11%,11.475,2295Mi,59%,2655,66,66.375
Sun 19:21:00,421m,10%,10.525,2291Mi,59%,2616,65,65.4
Sun 19:22:00,427m,10%,10.675,2289Mi,59%,2617,65,65.425
Sun 19:23:00,408m,10%,10.2,2287Mi,59%,2619,65,65.475
Sun 19:24:00,448m,11%,11.2,2288Mi,59%,2580,64,64.5
Sun 19:25:00,402m,10%,10.05,2285Mi,59%,2541,63,63.525
Sun 19:26:00,412m,10%,10.3,2282Mi,59%,2542,63,63.55
Sun 19:27:00,401m,10%,10.025,2281Mi,59%,2544,63,63.6
Sun 19:28:00,442m,11%,11.05,2282Mi,59%,2505,62,62.625
Sun 19:29:00,404m,10%,10.1,2278Mi,59%,2466,61,61.65
Sun 19:30:00,395m,9%,9.875,2275Mi,59%,2427,60,60.675
Sun 19:31:00,402m,10%,10.05,2272Mi,59%,2428,60,60.7
Sun 19:32:00,414m,10%,10.35,2273Mi,59%,2430,60,60.75
Sun 19:33:00,403m,10%,10.075,2272Mi,59%,2431,60,60.775
Sun 19:34:00,411m,10%,10.275,2272Mi,59%,2472,61,61.8
Sun 19:35:00,384m,9%,9.6,2275Mi,59%,2513,62,62.825
Sun 19:36:00,394m,9%,9.85,2277Mi,59%,2595,64,64.875
Sun 19:37:00,409m,10%,10.225,2283Mi,59%,2636,65,65.9
Sun 19:38:00,403m,10%,10.075,2288Mi,59%,2677,66,66.925
Sun 19:39:00,393m,9%,9.825,2292Mi,59%,2718,67,67.95
Sun 19:40:00,417m,10%,10.425,2295Mi,59%,2759,68,68.975
Sun 19:41:00,450m,11%,11.25,2298Mi,59%,2841,71,71.025
Sun 19:42:00,459m,11%,11.475,2305Mi,59%,2882,72,72.05
Sun 19:43:01,419m,10%,10.475,2308Mi,60%,2923,73,73.075
Sun 19:44:00,410m,10%,10.25,2311Mi,60%,2964,74,74.1
Sun 19:45:00,408m,10%,10.2,2315Mi,60%,3046,76,76.15
Sun 19:46:00,443m,11%,11.075,2322Mi,60%,3087,77,77.175
Sun 19:47:00,417m,10%,10.425,2325Mi,60%,3087,77,77.175
Sun 19:48:00,434m,10%,10.85,2326Mi,60%,3087,77,77.175
Sun 19:49:00,424m,10%,10.6,2326Mi,60%,3046,76,76.15
Sun 19:50:00,427m,10%,10.675,2326Mi,60%,3087,77,77.175
Sun 19:51:00,489m,12%,12.225,2326Mi,60%,3087,77,77.175
Sun 19:52:00,432m,10%,10.8,2327Mi,60%,3087,77,77.175
Sun 19:53:00,425m,10%,10.625,2327Mi,60%,3087,77,77.175
Sun 19:54:00,443m,11%,11.075,2327Mi,60%,3087,77,77.175
Sun 19:55:00,475m,11%,11.875,2328Mi,60%,3087,77,77.175
Sun 19:56:00,437m,10%,10.925,2329Mi,60%,3087,77,77.175
Sun 19:57:00,436m,10%,10.9,2330Mi,60%,3087,77,77.175
Sun 19:58:00,446m,11%,11.15,2329Mi,60%,3087,77,77.175
Sun 19:59:00,474m,11%,11.85,2327Mi,60%,3087,77,77.175
Sun 20:00:00,442m,11%,11.05,2328Mi,60%,3087,77,77.175
Sun 20:01:00,428m,10%,10.7,2328Mi,60%,3122,78,78.05
Sun 20:02:01,441m,11%,11.025,2329Mi,60%,3157,78,78.925
Sun 20:03:00,486m,12%,12.15,2332Mi,60%,3151,78,78.775
Sun 20:04:00,489m,12%,12.225,2332Mi,60%,3186,79,79.65
Sun 20:05:00,492m,12%,12.3,2338Mi,60%,3221,80,80.525
Sun 20:06:00,471m,11%,11.775,2341Mi,60%,3256,81,81.4
Sun 20:07:00,476m,11%,11.9,2347Mi,61%,3250,81,81.25
Sun 20:08:00,488m,12%,12.2,2347Mi,61%,3285,82,82.125
Sun 20:09:00,484m,12%,12.1,2350Mi,61%,3320,83,83
Sun 20:10:00,481m,12%,12.025,2353Mi,61%,3355,83,83.875
Sun 20:11:00,483m,12%,12.075,2356Mi,61%,3390,84,84.75
Sun 20:12:00,502m,12%,12.55,2357Mi,61%,3384,84,84.6
Sun 20:13:00,459m,11%,11.475,2357Mi,61%,3419,85,85.475
Sun 20:14:00,497m,12%,12.425,2360Mi,61%,3454,86,86.35
Sun 20:15:00,494m,12%,12.35,2364Mi,61%,3489,87,87.225
Sun 20:16:00,519m,12%,12.975,2377Mi,61%,3483,87,87.075
Sun 20:17:00,495m,12%,12.375,2378Mi,61%,3518,87,87.95
Sun 20:18:00,514m,12%,12.85,2381Mi,61%,3553,88,88.825
Sun 20:19:00,510m,12%,12.75,2386Mi,62%,3588,89,89.7
Sun 20:20:00,531m,13%,13.275,2390Mi,62%,3582,89,89.55
Sun 20:21:00,518m,12%,12.95,2391Mi,62%,3617,90,90.425
Sun 20:22:00,513m,12%,12.825,2394Mi,62%,3652,91,91.3
Sun 20:23:00,522m,13%,13.05,2397Mi,62%,3687,92,92.175
Sun 20:24:00,481m,12%,12.025,2397Mi,62%,3722,93,93.05
Sun 20:25:00,521m,13%,13.025,2401Mi,62%,3716,92,92.9
Sun 20:26:00,533m,13%,13.325,2402Mi,62%,3751,93,93.775
Sun 20:27:00,538m,13%,13.45,2407Mi,62%,3786,94,94.65
Sun 20:28:00,519m,12%,12.975,2410Mi,62%,3821,95,95.525
Sun 20:29:00,521m,13%,13.025,2413Mi,62%,3777,94,94.425
Sun 20:30:00,552m,13%,13.8,2412Mi,62%,3736,93,93.4
Sun 20:31:00,556m,13%,13.9,2406Mi,62%,3695,92,92.375
Sun 20:32:00,565m,14%,14.125,2402Mi,62%,3654,91,91.35
Sun 20:33:01,543m,13%,13.575,2399Mi,62%,3575,89,89.375
Sun 20:34:00,559m,13%,13.975,2394Mi,62%,3531,88,88.275
Sun 20:35:00,496m,12%,12.4,2391Mi,62%,3490,87,87.25
Sun 20:36:00,541m,13%,13.525,2387Mi,62%,3449,86,86.225
Sun 20:37:00,526m,13%,13.15,2384Mi,62%,3408,85,85.2
Sun 20:38:00,550m,13%,13.75,2389Mi,62%,3326,83,83.15
Sun 20:39:00,542m,13%,13.55,2378Mi,61%,3285,82,82.125
Sun 20:40:00,530m,13%,13.25,2376Mi,61%,3244,81,81.1
Sun 20:41:00,507m,12%,12.675,2374Mi,61%,3203,80,80.075
Sun 20:42:00,517m,12%,12.925,2370Mi,61%,3162,79,79.05
Sun 20:43:00,521m,13%,13.025,2364Mi,61%,3080,77,77
Sun 20:44:00,511m,12%,12.775,2358Mi,61%,3039,75,75.975
Sun 20:45:00,495m,12%,12.375,2355Mi,61%,2998,74,74.95
Sun 20:46:00,505m,12%,12.625,2351Mi,61%,2957,73,73.925
Sun 20:47:01,447m,11%,11.175,2348Mi,61%,2916,72,72.9
Sun 20:48:00,493m,12%,12.325,2345Mi,61%,2916,72,72.9
Sun 20:49:00,485m,12%,12.125,2344Mi,61%,2916,72,72.9
Sun 20:50:00,487m,12%,12.175,2343Mi,60%,2916,72,72.9
Sun 20:51:00,493m,12%,12.325,2346Mi,61%,2916,72,72.9
Sun 20:52:00,474m,11%,11.85,2347Mi,61%,2916,72,72.9
Sun 20:53:00,479m,11%,11.975,2346Mi,61%,2916,72,72.9
Sun 20:54:00,485m,12%,12.125,2351Mi,61%,2916,72,72.9
Sun 20:55:01,490m,12%,12.25,2346Mi,61%,2878,71,71.95
Sun 20:56:00,496m,12%,12.4,2345Mi,61%,2916,72,72.9
Sun 20:57:00,482m,12%,12.05,2344Mi,61%,2916,72,72.9
Sun 20:58:00,473m,11%,11.825,2345Mi,61%,2916,72,72.9
Sun 20:59:00,472m,11%,11.8,2345Mi,61%,2916,72,72.9
Sun 21:00:00,435m,10%,10.875,2344Mi,61%,2916,72,72.9
Sun 21:01:00,475m,11%,11.875,2345Mi,61%,2886,72,72.15
Sun 21:02:00,480m,12%,12,2345Mi,61%,2856,71,71.4
Sun 21:03:00,445m,11%,11.125,2342Mi,60%,2872,71,71.8
Sun 21:04:00,486m,12%,12.15,2342Mi,60%,2842,71,71.05
Sun 21:05:00,440m,11%,11,2339Mi,60%,2812,70,70.3
Sun 21:06:00,440m,11%,11,2335Mi,60%,2828,70,70.7
Sun 21:07:00,474m,11%,11.85,2337Mi,60%,2760,69,69
Sun 21:08:00,436m,10%,10.9,2333Mi,60%,2768,69,69.2
Sun 21:09:00,445m,11%,11.125,2328Mi,60%,2738,68,68.45
Sun 21:10:00,438m,10%,10.95,2325Mi,60%,2754,68,68.85
Sun 21:11:00,458m,11%,11.45,2324Mi,60%,2724,68,68.1
Sun 21:12:00,438m,10%,10.95,2314Mi,60%,2694,67,67.35
Sun 21:13:00,428m,10%,10.7,2310Mi,60%,2710,67,67.75
Sun 21:14:00,415m,10%,10.375,2309Mi,60%,2680,67,67
Sun 21:15:00,456m,11%,11.4,2310Mi,60%,2650,66,66.25
Sun 21:16:00,428m,10%,10.7,2306Mi,60%,2620,65,65.5
Sun 21:17:00,443m,11%,11.075,2303Mi,59%,2636,65,65.9
Sun 21:18:00,451m,11%,11.275,2302Mi,59%,2606,65,65.15
Sun 21:19:00,423m,10%,10.575,2300Mi,59%,2576,64,64.4
Sun 21:20:00,433m,10%,10.825,2298Mi,59%,2546,63,63.65
Sun 21:21:00,409m,10%,10.225,2294Mi,59%,2562,64,64.05
Sun 21:22:00,472m,11%,11.8,2295Mi,59%,2494,62,62.35
Sun 21:23:00,408m,10%,10.2,2292Mi,59%,2502,62,62.55
Sun 21:24:00,412m,10%,10.3,2288Mi,59%,2518,62,62.95
Sun 21:25:00,450m,11%,11.25,2286Mi,59%,2488,62,62.2
Sun 21:26:00,414m,10%,10.35,2282Mi,59%,2458,61,61.45
Sun 21:27:00,389m,9%,9.725,2279Mi,59%,2428,60,60.7
Sun 21:28:00,396m,9%,9.9,2276Mi,59%,2444,61,61.1
Sun 21:29:00,411m,10%,10.275,2276Mi,59%,2452,61,61.3
Sun 21:30:00,374m,9%,9.35,2278Mi,59%,2498,62,62.45
Sun 21:31:00,360m,9%,9,2281Mi,59%,2590,64,64.75
Sun 21:32:00,364m,9%,9.1,2284Mi,59%,2636,65,65.9
Sun 21:33:00,413m,10%,10.325,2291Mi,59%,2682,67,67.05
Sun 21:34:00,370m,9%,9.25,2295Mi,59%,2728,68,68.2
Sun 21:35:00,380m,9%,9.5,2297Mi,59%,2820,70,70.5
Sun 21:36:00,410m,10%,10.25,2303Mi,59%,2866,71,71.65
Sun 21:37:00,400m,10%,10,2308Mi,60%,2912,72,72.8
Sun 21:38:00,393m,9%,9.825,2312Mi,60%,2958,73,73.95
Sun 21:39:00,394m,9%,9.85,2315Mi,60%,3050,76,76.25
Sun 21:40:00,431m,10%,10.775,2322Mi,60%,3096,77,77.4
Sun 21:41:00,413m,10%,10.325,2325Mi,60%,3142,78,78.55
Sun 21:42:00,398m,9%,9.95,2329Mi,60%,3234,80,80.85
Sun 21:43:00,443m,11%,11.075,2336Mi,60%,3280,82,82
Sun 21:44:00,406m,10%,10.15,2340Mi,60%,3326,83,83.15
Sun 21:45:00,419m,10%,10.475,2343Mi,60%,3372,84,84.3
Sun 21:46:00,425m,10%,10.625,2345Mi,61%,3464,86,86.6
Sun 21:47:00,448m,11%,11.2,2351Mi,61%,3510,87,87.75
Sun 21:48:00,441m,11%,11.025,2356Mi,61%,3510,87,87.75
Sun 21:49:00,418m,10%,10.45,2357Mi,61%,3556,88,88.9
Sun 21:50:00,450m,11%,11.25,2356Mi,61%,3556,88,88.9
Sun 21:51:00,484m,12%,12.1,2360Mi,61%,3556,88,88.9
Sun 21:52:00,442m,11%,11.05,2360Mi,61%,3510,87,87.75
Sun 21:53:00,457m,11%,11.425,2357Mi,61%,3556,88,88.9
Sun 21:54:00,476m,11%,11.9,2360Mi,61%,3556,88,88.9
Sun 21:55:00,441m,11%,11.025,2360Mi,61%,3510,87,87.75
Sun 21:56:00,454m,11%,11.35,2357Mi,61%,3510,87,87.75
Sun 21:57:00,456m,11%,11.4,2360Mi,61%,3556,88,88.9
Sun 21:58:00,473m,11%,11.825,2362Mi,61%,3556,88,88.9
Sun 21:59:00,438m,10%,10.95,2361Mi,61%,3510,87,87.75
Sun 22:00:00,443m,11%,11.075,2358Mi,61%,3556,88,88.9
Sun 22:01:00,451m,11%,11.275,2357Mi,61%,3557,88,88.925
Sun 22:02:00,480m,12%,12,2360Mi,61%,3558,88,88.95
Sun 22:03:00,445m,11%,11.125,2361Mi,61%,3560,89,89
Sun 22:04:00,457m,11%,11.425,2357Mi,61%,3561,89,89.025
Sun 22:05:00,505m,12%,12.625,2361Mi,61%,3562,89,89.05
Sun 22:06:00,467m,11%,11.675,2361Mi,61%,3564,89,89.1
Sun 22:07:00,492m,12%,12.3,2360Mi,61%,3565,89,89.125
Sun 22:08:00,465m,11%,11.625,2362Mi,61%,3566,89,89.15
Sun 22:09:00,440m,11%,11,2367Mi,61%,3614,90,90.35
Sun 22:10:00,442m,11%,11.05,2361Mi,61%,3569,89,89.225
Sun 22:11:00,509m,12%,12.725,2363Mi,61%,3570,89,89.25
Sun 22:12:00,449m,11%,11.225,2362Mi,61%,3618,90,90.45
Sun 22:13:00,439m,10%,10.975,2362Mi,61%,3619,90,90.475
Sun 22:14:00,490m,12%,12.25,2366Mi,61%,3574,89,89.35
Sun 22:15:00,477m,11%,11.925,2363Mi,61%,3622,90,90.55
Sun 22:16:00,457m,11%,11.425,2363Mi,61%,3623,90,90.575
Sun 22:17:01,512m,12%,12.8,2366Mi,61%,3578,89,89.45
Sun 22:18:00,476m,11%,11.9,2364Mi,61%,3626,90,90.65
Sun 22:19:01,484m,12%,12.1,2363Mi,61%,3627,90,90.675
Sun 22:20:00,501m,12%,12.525,2367Mi,61%,3628,90,90.7
Sun 22:21:00,465m,11%,11.625,2367Mi,61%,3583,89,89.575
Sun 22:22:00,502m,12%,12.55,2366Mi,61%,3631,90,90.775
Sun 22:23:00,462m,11%,11.55,2368Mi,61%,3632,90,90.8
Sun 22:24:00,456m,11%,11.4,2368Mi,61%,3587,89,89.675
Sun 22:25:00,464m,11%,11.6,2368Mi,61%,3635,90,90.875
Sun 22:26:00,504m,12%,12.6,2368Mi,61%,3636,90,90.9
Sun 22:27:00,466m,11%,11.65,2368Mi,61%,3684,92,92.1
Sun 22:28:01,455m,11%,11.375,2368Mi,61%,3639,90,90.975
Sun 22:29:00,514m,12%,12.85,2368Mi,61%,3640,91,91
Sun 22:30:00,461m,11%,11.525,2368Mi,61%,3641,91,91.025
Sun 22:31:00,477m,11%,11.925,2368Mi,61%,3689,92,92.225
Sun 22:32:00,492m,12%,12.3,2370Mi,61%,3644,91,91.1
Sun 22:33:00,461m,11%,11.525,2368Mi,61%,3692,92,92.3
Sun 22:34:00,500m,12%,12.5,2370Mi,61%,3693,92,92.325
Sun 22:35:00,457m,11%,11.425,2372Mi,61%,3648,91,91.2
Sun 22:36:00,446m,11%,11.15,2372Mi,61%,3696,92,92.4
Sun 22:37:00,477m,11%,11.925,2369Mi,61%,3697,92,92.425
Sun 22:38:00,498m,12%,12.45,2372Mi,61%,3604,90,90.1
Sun 22:39:00,467m,11%,11.675,2366Mi,61%,3559,88,88.975
Sun 22:40:00,459m,11%,11.475,2359Mi,61%,3513,87,87.825
Sun 22:41:00,504m,12%,12.6,2359Mi,61%,3420,85,85.5
Sun 22:42:00,465m,11%,11.625,2354Mi,61%,3421,85,85.525
Sun 22:43:00,452m,11%,11.3,2357Mi,61%,3329,83,83.225
Sun 22:44:00,500m,12%,12.5,2347Mi,61%,3236,80,80.9
Sun 22:45:00,450m,11%,11.25,2341Mi,60%,3237,80,80.925
Sun 22:46:00,464m,11%,11.6,2341Mi,60%,3145,78,78.625
Sun 22:47:00,456m,11%,11.4,2339Mi,60%,3052,76,76.3
Sun 22:48:00,431m,10%,10.775,2328Mi,60%,3053,76,76.325
Sun 22:49:00,431m,10%,10.775,2332Mi,60%,3053,76,76.325
Sun 22:50:00,457m,11%,11.425,2335Mi,60%,3006,75,75.15
Sun 22:51:00,418m,10%,10.45,2332Mi,60%,3053,76,76.325
Sun 22:52:00,412m,10%,10.3,2332Mi,60%,3053,76,76.325
Sun 22:53:01,458m,11%,11.45,2335Mi,60%,3006,75,75.15
Sun 22:54:00,425m,10%,10.625,2332Mi,60%,3006,75,75.15
Sun 22:55:00,404m,10%,10.1,2332Mi,60%,3053,76,76.325
Sun 22:56:01,450m,11%,11.25,2335Mi,60%,3006,75,75.15
Sun 22:57:01,427m,10%,10.675,2332Mi,60%,3053,76,76.325
Sun 22:58:00,434m,10%,10.85,2332Mi,60%,3053,76,76.325
Sun 22:59:00,450m,11%,11.25,2335Mi,60%,3006,75,75.15
Sun 23:00:00,419m,10%,10.475,2332Mi,60%,3043,76,76.075
Sun 23:01:00,454m,11%,11.35,2335Mi,60%,3033,75,75.825
Sun 23:02:00,427m,10%,10.675,2334Mi,60%,2976,74,74.4
Sun 23:03:00,420m,10%,10.5,2333Mi,60%,3003,75,75.075
Sun 23:04:00,436m,10%,10.9,2335Mi,60%,2993,74,74.825
Sun 23:05:00,421m,10%,10.525,2336Mi,60%,2936,73,73.4
Sun 23:06:00,425m,10%,10.625,2333Mi,60%,2963,74,74.075
Sun 23:07:00,449m,11%,11.225,2336Mi,60%,2953,73,73.825
Sun 23:08:00,422m,10%,10.55,2336Mi,60%,2933,73,73.325
Sun 23:09:00,450m,11%,11.25,2336Mi,60%,2923,73,73.075
Sun 23:10:00,408m,10%,10.2,2336Mi,60%,2913,72,72.825
Sun 23:11:00,407m,10%,10.175,2336Mi,60%,2893,72,72.325
Sun 23:12:00,462m,11%,11.55,2337Mi,60%,2883,72,72.075
Sun 23:13:00,413m,10%,10.325,2337Mi,60%,2910,72,72.75
Sun 23:14:00,444m,11%,11.1,2340Mi,60%,2853,71,71.325
Sun 23:15:00,423m,10%,10.575,2337Mi,60%,2843,71,71.075
Sun 23:16:00,411m,10%,10.275,2337Mi,60%,2870,71,71.75
Sun 23:17:00,454m,11%,11.35,2339Mi,60%,2813,70,70.325
Sun 23:18:00,428m,10%,10.7,2338Mi,60%,2840,71,71
Sun 23:19:00,419m,10%,10.475,2337Mi,60%,2830,70,70.75
Sun 23:20:00,458m,11%,11.45,2340Mi,60%,2773,69,69.325
Sun 23:21:00,421m,10%,10.525,2337Mi,60%,2800,70,70
Sun 23:22:01,451m,11%,11.275,2340Mi,60%,2790,69,69.75
Sun 23:23:00,421m,10%,10.525,2340Mi,60%,2770,69,69.25
Sun 23:24:00,452m,11%,11.3,2339Mi,60%,2723,68,68.075
Sun 23:25:00,424m,10%,10.6,2337Mi,60%,2676,66,66.9
Sun 23:26:00,427m,10%,10.675,2334Mi,60%,2619,65,65.475
Sun 23:27:00,463m,11%,11.575,2337Mi,60%,2535,63,63.375
Sun 23:28:01,435m,10%,10.875,2325Mi,60%,2525,63,63.125
Sun 23:29:00,448m,11%,11.2,2324Mi,60%,2394,59,59.85
Sun 23:30:01,422m,10%,10.55,2315Mi,60%,2347,58,58.675
Sun 23:31:00,401m,10%,10.025,2311Mi,60%,2337,58,58.425
Sun 23:32:00,442m,11%,11.05,2309Mi,60%,2206,55,55.15
Sun 23:33:00,408m,10%,10.2,2303Mi,59%,2196,54,54.9
Sun 23:34:00,397m,9%,9.925,2299Mi,59%,2112,52,52.8
Sun 23:35:00,410m,10%,10.25,2299Mi,59%,2018,50,50.45
Sun 23:36:00,406m,10%,10.15,2288Mi,59%,2008,50,50.2
Sun 23:37:00,407m,10%,10.175,2289Mi,59%,1971,49,49.275
Sun 23:38:00,394m,9%,9.85,2285Mi,59%,2008,50,50.2
Sun 23:39:00,363m,9%,9.075,2284Mi,59%,1971,49,49.275
Sun 23:40:00,408m,10%,10.2,2286Mi,59%,1971,49,49.275
Sun 23:41:00,368m,9%,9.2,2284Mi,59%,2008,50,50.2
Sun 23:42:00,401m,10%,10.025,2288Mi,59%,1971,49,49.275
Sun 23:43:00,371m,9%,9.275,2285Mi,59%,2008,50,50.2
Sun 23:44:00,380m,9%,9.5,2285Mi,59%,1971,49,49.275
Sun 23:45:00,406m,10%,10.15,2287Mi,59%,1971,49,49.275
Sun 23:46:00,369m,9%,9.225,2285Mi,59%,2008,50,50.2
Sun 23:47:00,397m,9%,9.925,2289Mi,59%,1971,49,49.275
Sun 23:48:00,380m,9%,9.5,2286Mi,59%,1971,49,49.275
Sun 23:49:00,390m,9%,9.75,2288Mi,59%,1971,49,49.275
Sun 23:50:00,385m,9%,9.625,2287Mi,59%,1971,49,49.275
Sun 23:51:00,370m,9%,9.25,2286Mi,59%,2008,50,50.2
Sun 23:52:00,388m,9%,9.7,2288Mi,59%,1971,49,49.275
Sun 23:53:00,385m,9%,9.625,2287Mi,59%,1971,49,49.275
Sun 23:54:00,368m,9%,9.2,2285Mi,59%,2008,50,50.2
Sun 23:55:00,396m,9%,9.9,2289Mi,59%,1971,49,49.275
Sun 23:56:00,377m,9%,9.425,2288Mi,59%,2008,50,50.2
Sun 23:57:00,396m,9%,9.9,2290Mi,59%,1971,49,49.275
Sun 23:58:00,385m,9%,9.625,2287Mi,59%,1971,49,49.275
Sun 23:59:00,370m,9%,9.25,2286Mi,59%,2008,50,50.2
Mon 00:00:00,397m,9%,9.925,2290Mi,59%,1971,49,49.275
Mon 00:01:00,382m,9%,9.55,2287Mi,59%,1966,49,49.15
Mon 00:02:00,368m,9%,9.2,2286Mi,59%,1924,48,48.1
Mon 00:03:00,379m,9%,9.475,2284Mi,59%,1951,48,48.775
Mon 00:04:00,392m,9%,9.8,2286Mi,59%,1946,48,48.65
Mon 00:05:00,370m,9%,9.25,2287Mi,59%,1904,47,47.6
Mon 00:06:00,380m,9%,9.5,2284Mi,59%,1899,47,47.475
Mon 00:07:00,355m,8%,8.875,2284Mi,59%,1857,46,46.425
Mon 00:08:00,385m,9%,9.625,2273Mi,59%,1852,46,46.3
Mon 00:09:00,360m,9%,9,2273Mi,59%,1847,46,46.175
Mon 00:10:00,368m,9%,9.2,2271Mi,59%,1805,45,45.125
Mon 00:11:00,370m,9%,9.25,2268Mi,59%,1800,45,45
Mon 00:12:00,361m,9%,9.025,2268Mi,59%,1758,43,43.95
Mon 00:13:00,354m,8%,8.85,2268Mi,59%,1753,43,43.825
Mon 00:14:00,370m,9%,9.25,2265Mi,58%,1780,44,44.5
Mon 00:15:00,357m,8%,8.925,2265Mi,58%,1738,43,43.45
Mon 00:16:00,392m,9%,9.8,2265Mi,58%,1733,43,43.325
Mon 00:17:00,350m,8%,8.75,2265Mi,58%,1691,42,42.275
Mon 00:18:00,363m,9%,9.075,2263Mi,58%,1686,42,42.15
Mon 00:19:00,361m,9%,9.025,2262Mi,58%,1681,42,42.025
Mon 00:20:00,345m,8%,8.625,2262Mi,58%,1639,40,40.975
Mon 00:21:00,355m,8%,8.875,2258Mi,58%,1634,40,40.85
Mon 00:22:00,345m,8%,8.625,2258Mi,58%,1592,39,39.8
Mon 00:23:01,353m,8%,8.825,2255Mi,58%,1587,39,39.675
Mon 00:24:00,349m,8%,8.725,2255Mi,58%,1582,39,39.55
Mon 00:25:01,345m,8%,8.625,2255Mi,58%,1646,41,41.15
Mon 00:26:00,373m,9%,9.325,2261Mi,58%,1678,41,41.95
Mon 00:27:01,341m,8%,8.525,2264Mi,58%,1710,42,42.75
Mon 00:28:00,351m,8%,8.775,2267Mi,59%,1742,43,43.55
Mon 00:29:00,350m,8%,8.75,2271Mi,59%,1774,44,44.35
Mon 00:30:00,348m,8%,8.7,2274Mi,59%,1806,45,45.15
Mon 00:31:00,352m,8%,8.8,2277Mi,59%,1838,45,45.95
Mon 00:32:00,352m,8%,8.8,2281Mi,59%,1870,46,46.75
Mon 00:33:00,359m,8%,8.975,2284Mi,59%,1902,47,47.55
Mon 00:34:00,359m,8%,8.975,2287Mi,59%,1934,48,48.35
Mon 00:35:00,363m,9%,9.075,2291Mi,59%,1966,49,49.15
Mon 00:36:00,365m,9%,9.125,2294Mi,59%,2030,50,50.75
Mon 00:37:00,380m,9%,9.5,2297Mi,59%,2062,51,51.55
Mon 00:38:00,405m,10%,10.125,2304Mi,59%,2094,52,52.35
Mon 00:39:00,370m,9%,9.25,2307Mi,60%,2126,53,53.15
Mon 00:40:00,385m,9%,9.625,2311Mi,60%,2126,53,53.15
Mon 00:41:00,383m,9%,9.575,2312Mi,60%,2126,53,53.15
Mon 00:42:00,393m,9%,9.825,2313Mi,60%,2126,53,53.15
Mon 00:43:00,398m,9%,9.95,2312Mi,60%,2126,53,53.15
Mon 00:44:00,392m,9%,9.8,2312Mi,60%,2126,53,53.15
Mon 00:45:00,388m,9%,9.7,2312Mi,60%,2126,53,53.15
Mon 00:46:00,399m,9%,9.975,2310Mi,60%,2094,52,52.35
Mon 00:47:00,406m,10%,10.15,2311Mi,60%,2126,53,53.15
Mon 00:48:00,412m,10%,10.3,2313Mi,60%,2126,53,53.15
Mon 00:49:00,389m,9%,9.725,2312Mi,60%,2126,53,53.15
Mon 00:50:00,388m,9%,9.7,2313Mi,60%,2126,53,53.15
Mon 00:51:00,397m,9%,9.925,2313Mi,60%,2126,53,53.15
Mon 00:52:00,390m,9%,9.75,2313Mi,60%,2126,53,53.15
Mon 00:53:00,393m,9%,9.825,2313Mi,60%,2126,53,53.15
Mon 00:54:00,394m,9%,9.85,2313Mi,60%,2126,53,53.15
Mon 00:55:00,391m,9%,9.775,2312Mi,60%,2126,53,53.15
Mon 00:56:00,396m,9%,9.9,2315Mi,60%,2094,52,52.35
Mon 00:57:00,390m,9%,9.75,2313Mi,60%,2094,52,52.35
Mon 00:58:00,402m,10%,10.05,2310Mi,60%,2126,53,53.15
Mon 00:59:00,438m,10%,10.95,2315Mi,60%,2126,53,53.15
Mon 01:00:00,392m,9%,9.8,2314Mi,60%,2126,53,53.15
Mon 01:01:00,392m,9%,9.8,2314Mi,60%,2126,53,53.15
Mon 01:02:00,396m,9%,9.9,2314Mi,60%,2126,53,53.15
Mon 01:03:00,392m,9%,9.8,2314Mi,60%,2126,53,53.15
Mon 01:04:00,394m,9%,9.85,2314Mi,60%,2126,53,53.15
Mon 01:05:00,386m,9%,9.65,2314Mi,60%,2126,53,53.15
Mon 01:06:00,395m,9%,9.875,2314Mi,60%,2126,53,53.15
Mon 01:07:00,383m,9%,9.575,2314Mi,60%,2094,52,52.35
Mon 01:08:00,398m,9%,9.95,2314Mi,60%,2094,52,52.35
Mon 01:09:00,400m,10%,10,2312Mi,60%,2094,52,52.35
Mon 01:10:01,392m,9%,9.8,2311Mi,60%,2094,52,52.35
Mon 01:11:00,390m,9%,9.75,2311Mi,60%,2094,52,52.35
Mon 01:12:00,392m,9%,9.8,2311Mi,60%,2094,52,52.35
Mon 01:13:00,389m,9%,9.725,2311Mi,60%,2094,52,52.35
Mon 01:14:00,388m,9%,9.7,2311Mi,60%,2094,52,52.35
Mon 01:15:00,386m,9%,9.65,2311Mi,60%,2094,52,52.35
Mon 01:16:00,396m,9%,9.9,2311Mi,60%,2094,52,52.35
Mon 01:17:00,382m,9%,9.55,2310Mi,60%,2094,52,52.35
Mon 01:18:00,394m,9%,9.85,2311Mi,60%,2094,52,52.35
Mon 01:19:00,408m,10%,10.2,2308Mi,60%,2062,51,51.55
Mon 01:20:00,400m,10%,10,2309Mi,60%,2062,51,51.55
Mon 01:21:00,391m,9%,9.775,2307Mi,60%,2030,50,50.75
Mon 01:22:00,399m,9%,9.975,2304Mi,59%,1998,49,49.95
Mon 01:23:00,391m,9%,9.775,2306Mi,60%,1966,49,49.15
Mon 01:24:00,391m,9%,9.775,2297Mi,59%,1934,48,48.35
Mon 01:25:00,388m,9%,9.7,2294Mi,59%,1902,47,47.55
Mon 01:26:00,389m,9%,9.725,2290Mi,59%,1870,46,46.75
Mon 01:27:00,378m,9%,9.45,2287Mi,59%,1838,45,45.95
Mon 01:28:00,380m,9%,9.5,2284Mi,59%,1806,45,45.15
Mon 01:29:00,374m,9%,9.35,2280Mi,59%,1742,43,43.55
Mon 01:30:00,388m,9%,9.7,2275Mi,59%,1710,42,42.75
Mon 01:31:00,373m,9%,9.325,2270Mi,59%,1678,41,41.95
Mon 01:32:00,382m,9%,9.55,2267Mi,59%,1646,41,41.15
Mon 01:33:00,365m,9%,9.125,2263Mi,58%,1614,40,40.35
Mon 01:34:00,360m,9%,9,2260Mi,58%,1582,39,39.55
Mon 01:35:00,351m,8%,8.775,2257Mi,58%,1550,38,38.75
Mon 01:36:00,361m,9%,9.025,2254Mi,58%,1518,37,37.95
Mon 01:37:00,353m,8%,8.825,2251Mi,58%,1486,37,37.15
Mon 01:38:00,358m,8%,8.95,2248Mi,58%,1454,36,36.35
Mon 01:39:00,358m,8%,8.95,2244Mi,58%,1422,35,35.55
Mon 01:40:00,354m,8%,8.85,2241Mi,58%,1390,34,34.75
Mon 01:41:00,339m,8%,8.475,2237Mi,58%,1390,34,34.75
Mon 01:42:00,331m,8%,8.275,2237Mi,58%,1390,34,34.75
Mon 01:43:00,328m,8%,8.2,2237Mi,58%,1390,34,34.75
Mon 01:44:00,323m,8%,8.075,2237Mi,58%,1390,34,34.75
Mon 01:45:01,328m,8%,8.2,2237Mi,58%,1390,34,34.75
Mon 01:46:00,329m,8%,8.225,2237Mi,58%,1390,34,34.75
Mon 01:47:00,331m,8%,8.275,2237Mi,58%,1390,34,34.75
Mon 01:48:00,328m,8%,8.2,2239Mi,58%,1390,34,34.75
Mon 01:49:00,328m,8%,8.2,2238Mi,58%,1390,34,34.75
Mon 01:50:00,333m,8%,8.325,2237Mi,58%,1390,34,34.75
Mon 01:51:01,335m,8%,8.375,2237Mi,58%,1390,34,34.75
Mon 01:52:00,328m,8%,8.2,2237Mi,58%,1390,34,34.75
Mon 01:53:00,325m,8%,8.125,2237Mi,58%,1390,34,34.75
Mon 01:54:00,327m,8%,8.175,2237Mi,58%,1390,34,34.75
Mon 01:55:00,332m,8%,8.3,2237Mi,58%,1390,34,34.75
Mon 01:56:00,336m,8%,8.4,2237Mi,58%,1390,34,34.75
Mon 01:57:00,328m,8%,8.2,2237Mi,58%,1390,34,34.75
Mon 01:58:00,337m,8%,8.425,2237Mi,58%,1390,34,34.75
Mon 01:59:00,329m,8%,8.225,2237Mi,58%,1390,34,34.75
Mon 02:00:00,333m,8%,8.325,2236Mi,58%,1390,34,34.75
Mon 02:01:01,327m,8%,8.175,2237Mi,58%,1399,34,34.975
Mon 02:02:00,334m,8%,8.35,2245Mi,58%,1408,35,35.2
Mon 02:03:00,323m,8%,8.075,2245Mi,58%,1417,35,35.425
Mon 02:04:00,302m,7%,7.55,2241Mi,58%,1385,34,34.625
Mon 02:05:00,326m,8%,8.15,2242Mi,58%,1394,34,34.85
Mon 02:06:00,320m,8%,8,2242Mi,58%,1403,35,35.075
Mon 02:07:00,325m,8%,8.125,2242Mi,58%,1412,35,35.3
Mon 02:08:00,323m,8%,8.075,2242Mi,58%,1421,35,35.525
Mon 02:09:00,324m,8%,8.1,2242Mi,58%,1430,35,35.75
Mon 02:10:00,324m,8%,8.1,2242Mi,58%,1439,35,35.975
Mon 02:11:00,321m,8%,8.025,2242Mi,58%,1448,36,36.2
Mon 02:12:00,320m,8%,8,2242Mi,58%,1457,36,36.425
Mon 02:13:00,328m,8%,8.2,2242Mi,58%,1466,36,36.65
Mon 02:14:00,299m,7%,7.475,2238Mi,58%,1434,35,35.85
Mon 02:15:00,334m,8%,8.35,2238Mi,58%,1443,36,36.075
Mon 02:16:01,325m,8%,8.125,2238Mi,58%,1452,36,36.3
Mon 02:17:00,322m,8%,8.05,2238Mi,58%,1461,36,36.525
Mon 02:18:00,326m,8%,8.15,2239Mi,58%,1470,36,36.75
Mon 02:19:00,317m,7%,7.925,2238Mi,58%,1479,36,36.975
Mon 02:20:00,335m,8%,8.375,2239Mi,58%,1488,37,37.2
Mon 02:21:00,323m,8%,8.075,2238Mi,58%,1529,38,38.225
Mon 02:22:00,320m,8%,8,2241Mi,58%,1570,39,39.25
Mon 02:23:00,310m,7%,7.75,2245Mi,58%,1529,38,38.225
Mon 02:24:00,322m,8%,8.05,2243Mi,58%,1529,38,38.225
Mon 02:25:00,297m,7%,7.425,2242Mi,58%,1529,38,38.225
Mon 02:26:00,329m,8%,8.225,2241Mi,58%,1529,38,38.225
Mon 02:27:00,324m,8%,8.1,2243Mi,58%,1529,38,38.225
Mon 02:28:00,329m,8%,8.225,2244Mi,58%,1529,38,38.225
Mon 02:29:00,323m,8%,8.075,2244Mi,58%,1529,38,38.225
Mon 02:30:00,321m,8%,8.025,2244Mi,58%,1529,38,38.225
Mon 02:31:01,331m,8%,8.275,2243Mi,58%,1529,38,38.225
Mon 02:32:00,319m,7%,7.975,2246Mi,58%,1570,39,39.25
Mon 02:33:00,301m,7%,7.525,2242Mi,58%,1529,38,38.225
Mon 02:34:00,322m,8%,8.05,2242Mi,58%,1529,38,38.225
Mon 02:35:00,318m,7%,7.95,2242Mi,58%,1529,38,38.225
Mon 02:36:00,329m,8%,8.225,2242Mi,58%,1529,38,38.225
Mon 02:37:00,317m,7%,7.925,2242Mi,58%,1529,38,38.225
Mon 02:38:01,327m,8%,8.175,2243Mi,58%,1529,38,38.225
Mon 02:39:00,324m,8%,8.1,2242Mi,58%,1529,38,38.225
Mon 02:40:00,325m,8%,8.125,2242Mi,58%,1529,38,38.225
Mon 02:41:00,327m,8%,8.175,2241Mi,58%,1570,39,39.25
Mon 02:42:00,317m,7%,7.925,2244Mi,58%,1529,38,38.225
Mon 02:43:00,297m,7%,7.425,2241Mi,58%,1529,38,38.225
Mon 02:44:00,327m,8%,8.175,2241Mi,58%,1529,38,38.225
Mon 02:45:00,319m,7%,7.975,2241Mi,58%,1529,38,38.225
Mon 02:46:00,326m,8%,8.15,2241Mi,58%,1529,38,38.225
Mon 02:47:00,324m,8%,8.1,2241Mi,58%,1529,38,38.225
Mon 02:48:00,330m,8%,8.25,2241Mi,58%,1529,38,38.225
Mon 02:49:00,321m,8%,8.025,2241Mi,58%,1529,38,38.225
Mon 02:50:00,330m,8%,8.25,2241Mi,58%,1529,38,38.225
Mon 02:51:00,328m,8%,8.2,2241Mi,58%,1570,39,39.25
Mon 02:52:00,285m,7%,7.125,2241Mi,58%,1529,38,38.225
Mon 02:53:00,329m,8%,8.225,2241Mi,58%,1529,38,38.225
Mon 02:54:00,321m,8%,8.025,2241Mi,58%,1529,38,38.225
Mon 02:55:00,328m,8%,8.2,2241Mi,58%,1529,38,38.225
Mon 02:56:00,327m,8%,8.175,2242Mi,58%,1529,38,38.225
Mon 02:57:00,323m,8%,8.075,2242Mi,58%,1529,38,38.225
Mon 02:58:00,325m,8%,8.125,2242Mi,58%,1529,38,38.225
Mon 02:59:00,322m,8%,8.05,2242Mi,58%,1529,38,38.225
Mon 03:00:01,326m,8%,8.15,2242Mi,58%,1570,39,39.25
Mon 03:01:00,319m,7%,7.975,2244Mi,58%,1558,38,38.95
Mon 03:02:00,298m,7%,7.45,2241Mi,58%,1546,38,38.65
Mon 03:03:00,362m,9%,9.05,2244Mi,58%,1534,38,38.35
Mon 03:04:00,321m,8%,8.025,2244Mi,58%,1522,38,38.05
Mon 03:05:00,322m,8%,8.05,2245Mi,58%,1510,37,37.75
Mon 03:06:00,331m,8%,8.275,2245Mi,58%,1498,37,37.45
Mon 03:07:00,320m,8%,8,2245Mi,58%,1486,37,37.15
Mon 03:08:00,333m,8%,8.325,2244Mi,58%,1474,36,36.85
Mon 03:09:00,320m,8%,8,2244Mi,58%,1462,36,36.55
Mon 03:10:00,327m,8%,8.175,2244Mi,58%,1520,38,38
Mon 03:11:00,356m,8%,8.9,2251Mi,58%,1508,37,37.7
Mon 03:12:00,344m,8%,8.6,2251Mi,58%,1496,37,37.4
Mon 03:13:00,336m,8%,8.4,2251Mi,58%,1484,37,37.1
Mon 03:14:00,332m,8%,8.3,2251Mi,58%,1472,36,36.8
Mon 03:15:00,334m,8%,8.35,2252Mi,58%,1460,36,36.5
Mon 03:16:00,331m,8%,8.275,2252Mi,58%,1448,36,36.2
Mon 03:17:00,338m,8%,8.45,2252Mi,58%,1436,35,35.9
Mon 03:18:00,333m,8%,8.325,2252Mi,58%,1424,35,35.6
Mon 03:19:00,337m,8%,8.425,2252Mi,58%,1482,37,37.05
Mon 03:20:00,333m,8%,8.325,2254Mi,58%,1470,36,36.75
Mon 03:21:00,369m,9%,9.225,2257Mi,58%,1458,36,36.45
Mon 03:22:00,352m,8%,8.8,2258Mi,58%,1446,36,36.15
Mon 03:23:00,333m,8%,8.325,2258Mi,58%,1475,36,36.875
Mon 03:24:00,334m,8%,8.35,2262Mi,58%,1504,37,37.6
Mon 03:25:00,328m,8%,8.2,2265Mi,58%,1533,38,38.325
Mon 03:26:00,339m,8%,8.475,2267Mi,59%,1533,38,38.325
Mon 03:27:00,342m,8%,8.55,2268Mi,59%,1533,38,38.325
Mon 03:28:00,351m,8%,8.775,2268Mi,59%,1533,38,38.325
Mon 03:29:00,383m,9%,9.575,2270Mi,59%,1562,39,39.05
Mon 03:30:00,354m,8%,8.85,2271Mi,59%,1562,39,39.05
Mon 03:31:00,354m,8%,8.85,2272Mi,59%,1562,39,39.05
Mon 03:32:01,355m,8%,8.875,2272Mi,59%,1533,38,38.325
Mon 03:33:00,358m,8%,8.95,2267Mi,58%,1533,38,38.325
Mon 03:34:00,345m,8%,8.625,2265Mi,58%,1533,38,38.325
Mon 03:35:00,347m,8%,8.675,2263Mi,58%,1533,38,38.325
Mon 03:36:00,347m,8%,8.675,2262Mi,58%,1533,38,38.325
Mon 03:37:00,409m,10%,10.225,2266Mi,58%,1533,38,38.325
Mon 03:38:01,392m,9%,9.8,2272Mi,59%,1562,39,39.05
Mon 03:39:00,378m,9%,9.45,2278Mi,59%,1562,39,39.05
Mon 03:40:00,372m,9%,9.3,2281Mi,59%,1562,39,39.05
Mon 03:41:00,365m,9%,9.125,2284Mi,59%,1533,38,38.325
Mon 03:42:00,351m,8%,8.775,2284Mi,59%,1533,38,38.325
Mon 03:43:00,367m,9%,9.175,2281Mi,59%,1533,38,38.325
Mon 03:44:00,360m,9%,9,2279Mi,59%,1533,38,38.325
Mon 03:45:00,346m,8%,8.65,2278Mi,59%,1533,38,38.325
Mon 03:46:00,344m,8%,8.6,2278Mi,59%,1533,38,38.325
Mon 03:47:00,362m,9%,9.05,2277Mi,59%,1562,39,39.05
Mon 03:48:01,384m,9%,9.6,2281Mi,59%,1562,39,39.05
Mon 03:49:00,349m,8%,8.725,2280Mi,59%,1562,39,39.05
Mon 03:50:00,350m,8%,8.75,2280Mi,59%,1533,38,38.325
Mon 03:51:00,362m,9%,9.05,2277Mi,59%,1533,38,38.325
Mon 03:52:00,351m,8%,8.775,2277Mi,59%,1533,38,38.325
Mon 03:53:00,360m,9%,9,2277Mi,59%,1533,38,38.325
Mon 03:54:00,354m,8%,8.85,2277Mi,59%,1533,38,38.325
Mon 03:55:00,353m,8%,8.825,2277Mi,59%,1562,39,39.05
Mon 03:56:00,352m,8%,8.8,2277Mi,59%,1562,39,39.05
Mon 03:57:01,414m,10%,10.35,2279Mi,59%,1591,39,39.775
Mon 03:58:00,344m,8%,8.6,2284Mi,59%,1620,40,40.5
Mon 03:59:00,342m,8%,8.55,2287Mi,59%,1649,41,41.225
Mon 04:00:00,349m,8%,8.725,2290Mi,59%,1678,41,41.95
Mon 04:01:00,350m,8%,8.75,2294Mi,59%,1658,41,41.45
Mon 04:02:00,369m,9%,9.225,2298Mi,59%,1696,42,42.4
Mon 04:03:00,362m,9%,9.05,2286Mi,59%,1618,40,40.45
Mon 04:04:00,368m,9%,9.2,2299Mi,59%,1531,38,38.275
Mon 04:05:00,362m,9%,9.05,2267Mi,59%,1540,38,38.5
Mon 04:06:00,357m,8%,8.925,2266Mi,58%,1549,38,38.725
Mon 04:07:00,341m,8%,8.525,2267Mi,59%,1558,38,38.95
Mon 04:08:00,348m,8%,8.7,2267Mi,59%,1500,37,37.5
Mon 04:09:00,322m,8%,8.05,2261Mi,58%,1509,37,37.725
Mon 04:10:00,350m,8%,8.75,2260Mi,58%,1518,37,37.95
Mon 04:11:00,341m,8%,8.525,2260Mi,58%,1527,38,38.175
Mon 04:12:00,335m,8%,8.375,2260Mi,58%,1536,38,38.4
Mon 04:13:00,344m,8%,8.6,2260Mi,58%,1507,37,37.675
Mon 04:14:00,312m,7%,7.8,2259Mi,58%,1516,37,37.9
Mon 04:15:00,345m,8%,8.625,2259Mi,58%,1525,38,38.125
Mon 04:16:00,336m,8%,8.4,2259Mi,58%,1534,38,38.35
Mon 04:17:00,340m,8%,8.5,2259Mi,58%,1476,36,36.9
Mon 04:18:00,315m,7%,7.875,2253Mi,58%,1485,37,37.125
Mon 04:19:00,339m,8%,8.475,2250Mi,58%,1494,37,37.35
Mon 04:20:00,326m,8%,8.15,2250Mi,58%,1503,37,37.575
Mon 04:21:00,335m,8%,8.375,2251Mi,58%,1512,37,37.8
Mon 04:22:00,319m,7%,7.975,2250Mi,58%,1483,37,37.075
Mon 04:23:00,313m,7%,7.825,2247Mi,58%,1492,37,37.3
Mon 04:24:00,333m,8%,8.325,2246Mi,58%,1463,36,36.575
Mon 04:25:00,326m,8%,8.15,2244Mi,58%,1472,36,36.8
Mon 04:26:00,329m,8%,8.225,2243Mi,58%,1434,35,35.85
Mon 04:27:01,292m,7%,7.3,2240Mi,58%,1434,35,35.85
Mon 04:28:00,330m,8%,8.25,2240Mi,58%,1434,35,35.85
Mon 04:29:00,329m,8%,8.225,2240Mi,58%,1472,36,36.8
Mon 04:30:00,309m,7%,7.725,2244Mi,58%,1472,36,36.8
Mon 04:31:00,320m,8%,8,2244Mi,58%,1434,35,35.85
Mon 04:32:00,292m,7%,7.3,2240Mi,58%,1434,35,35.85
Mon 04:33:01,321m,8%,8.025,2240Mi,58%,1434,35,35.85
Mon 04:34:00,325m,8%,8.125,2240Mi,58%,1472,36,36.8
Mon 04:35:00,313m,7%,7.825,2243Mi,58%,1434,35,35.85
Mon 04:36:00,321m,8%,8.025,2242Mi,58%,1434,35,35.85
Mon 04:37:00,296m,7%,7.4,2240Mi,58%,1434,35,35.85
Mon 04:38:00,324m,8%,8.1,2239Mi,58%,1472,36,36.8
Mon 04:39:00,320m,8%,8,2243Mi,58%,1472,36,36.8
Mon 04:40:01,314m,7%,7.85,2242Mi,58%,1434,35,35.85
Mon 04:41:00,296m,7%,7.4,2240Mi,58%,1434,35,35.85
Mon 04:42:00,324m,8%,8.1,2240Mi,58%,1434,35,35.85
Mon 04:43:00,329m,8%,8.225,2240Mi,58%,1472,36,36.8
Mon 04:44:00,314m,7%,7.85,2243Mi,58%,1434,35,35.85
Mon 04:45:00,298m,7%,7.45,2240Mi,58%,1434,35,35.85
Mon 04:46:01,323m,8%,8.075,2240Mi,58%,1434,35,35.85
Mon 04:47:00,311m,7%,7.775,2240Mi,58%,1472,36,36.8
Mon 04:48:00,325m,8%,8.125,2244Mi,58%,1472,36,36.8
Mon 04:49:00,314m,7%,7.85,2243Mi,58%,1434,35,35.85
Mon 04:50:00,295m,7%,7.375,2240Mi,58%,1434,35,35.85
Mon 04:51:00,320m,8%,8,2240Mi,58%,1434,35,35.85
Mon 04:52:00,325m,8%,8.125,2240Mi,58%,1472,36,36.8
Mon 04:53:01,314m,7%,7.85,2244Mi,58%,1434,35,35.85
Mon 04:54:00,294m,7%,7.35,2242Mi,58%,1434,35,35.85
Mon 04:55:00,328m,8%,8.2,2240Mi,58%,1434,35,35.85
Mon 04:56:00,326m,8%,8.15,2240Mi,58%,1434,35,35.85
Mon 04:57:00,321m,8%,8.025,2242Mi,58%,1472,36,36.8
Mon 04:58:00,312m,7%,7.8,2243Mi,58%,1434,35,35.85
Mon 04:59:00,294m,7%,7.35,2240Mi,58%,1434,35,35.85
Mon 05:00:01,337m,8%,8.425,2240Mi,58%,1434,35,35.85
Mon 05:01:00,324m,8%,8.1,2241Mi,58%,1468,36,36.7
Mon 05:02:00,320m,8%,8,2244Mi,58%,1464,36,36.6
Mon 05:03:00,326m,8%,8.15,2243Mi,58%,1460,36,36.5
Mon 05:04:00,328m,8%,8.2,2243Mi,58%,1456,36,36.4
Mon 05:05:00,333m,8%,8.325,2244Mi,58%,1452,36,36.3
Mon 05:06:00,321m,8%,8.025,2247Mi,58%,1486,37,37.15
Mon 05:07:00,333m,8%,8.325,2246Mi,58%,1482,37,37.05
Mon 05:08:00,326m,8%,8.15,2246Mi,58%,1478,36,36.95
Mon 05:09:00,327m,8%,8.175,2246Mi,58%,1474,36,36.85
Mon 05:10:00,332m,8%,8.3,2246Mi,58%,1508,37,37.7
Mon 05:11:00,317m,7%,7.925,2251Mi,58%,1538,38,38.45
Mon 05:12:00,338m,8%,8.45,2252Mi,58%,1534,38,38.35
Mon 05:13:00,374m,9%,9.35,2256Mi,58%,1530,38,38.25
Mon 05:14:00,331m,8%,8.275,2255Mi,58%,1526,38,38.15
Mon 05:15:01,338m,8%,8.45,2255Mi,58%,1560,39,39
Mon 05:16:00,322m,8%,8.05,2258Mi,58%,1556,38,38.9
Mon 05:17:00,341m,8%,8.525,2257Mi,58%,1552,38,38.8
Mon 05:18:00,337m,8%,8.425,2258Mi,58%,1548,38,38.7
Mon 05:19:00,338m,8%,8.45,2259Mi,58%,1582,39,39.55
Mon 05:20:00,337m,8%,8.425,2262Mi,58%,1578,39,39.45
Mon 05:21:00,337m,8%,8.425,2262Mi,58%,1574,39,39.35
Mon 05:22:00,337m,8%,8.425,2261Mi,58%,1570,39,39.25
Mon 05:23:00,341m,8%,8.525,2260Mi,58%,1566,39,39.15
Mon 05:24:00,334m,8%,8.35,2263Mi,58%,1600,40,40
Mon 05:25:00,346m,8%,8.65,2263Mi,58%,1668,41,41.7
Mon 05:26:00,328m,8%,8.2,2268Mi,59%,1702,42,42.55
Mon 05:27:00,347m,8%,8.675,2270Mi,59%,1736,43,43.4
Mon 05:28:00,372m,9%,9.3,2276Mi,59%,1770,44,44.25
Mon 05:29:00,342m,8%,8.55,2280Mi,59%,1804,45,45.1
Mon 05:30:00,356m,8%,8.9,2283Mi,59%,1838,45,45.95
Mon 05:31:01,343m,8%,8.575,2287Mi,59%,1872,46,46.8
Mon 05:32:00,360m,9%,9,2290Mi,59%,1906,47,47.65
Mon 05:33:00,351m,8%,8.775,2293Mi,59%,1906,47,47.65
Mon 05:34:00,376m,9%,9.4,2293Mi,59%,1906,47,47.65
Mon 05:35:00,371m,9%,9.275,2293Mi,59%,1906,47,47.65
Mon 05:36:00,373m,9%,9.325,2293Mi,59%,1906,47,47.65
Mon 05:37:00,375m,9%,9.375,2294Mi,59%,1906,47,47.65
Mon 05:38:00,368m,9%,9.2,2294Mi,59%,1906,47,47.65
Mon 05:39:00,367m,9%,9.175,2294Mi,59%,1940,48,48.5
Mon 05:40:00,411m,10%,10.275,2298Mi,59%,1940,48,48.5
Mon 05:41:00,371m,9%,9.275,2297Mi,59%,1940,48,48.5
Mon 05:42:00,375m,9%,9.375,2297Mi,59%,1940,48,48.5
Mon 05:43:00,373m,9%,9.325,2297Mi,59%,1940,48,48.5
Mon 05:44:00,375m,9%,9.375,2297Mi,59%,1906,47,47.65
Mon 05:45:00,382m,9%,9.55,2297Mi,59%,1906,47,47.65
Mon 05:46:00,373m,9%,9.325,2297Mi,59%,1906,47,47.65
Mon 05:47:00,374m,9%,9.35,2296Mi,59%,1906,47,47.65
Mon 05:48:00,370m,9%,9.25,2294Mi,59%,1906,47,47.65
Mon 05:49:01,371m,9%,9.275,2293Mi,59%,1906,47,47.65
Mon 05:50:00,368m,9%,9.2,2293Mi,59%,1906,47,47.65
Mon 05:51:01,370m,9%,9.25,2293Mi,59%,1906,47,47.65
Mon 05:52:00,367m,9%,9.175,2293Mi,59%,1906,47,47.65
Mon 05:53:00,381m,9%,9.525,2294Mi,59%,1940,48,48.5
Mon 05:54:00,408m,10%,10.2,2296Mi,59%,1940,48,48.5
Mon 05:55:00,391m,9%,9.775,2296Mi,59%,1940,48,48.5
Mon 05:56:00,363m,9%,9.075,2297Mi,59%,1940,48,48.5
Mon 05:57:00,372m,9%,9.3,2297Mi,59%,1940,48,48.5
Mon 05:58:00,387m,9%,9.675,2295Mi,59%,1906,47,47.65
Mon 05:59:00,363m,9%,9.075,2297Mi,59%,1906,47,47.65
Mon 06:00:00,377m,9%,9.425,2295Mi,59%,1906,47,47.65
Mon 06:01:00,368m,9%,9.2,2294Mi,59%,1904,47,47.6
Mon 06:02:00,367m,9%,9.175,2299Mi,59%,1902,47,47.55
Mon 06:03:00,367m,9%,9.175,2295Mi,59%,1900,47,47.5
Mon 06:04:00,373m,9%,9.325,2293Mi,59%,1898,47,47.45
Mon 06:05:00,363m,9%,9.075,2294Mi,59%,1896,47,47.4
Mon 06:06:01,371m,9%,9.275,2293Mi,59%,1862,46,46.55
Mon 06:07:00,338m,8%,8.45,2290Mi,59%,1860,46,46.5
Mon 06:08:00,367m,9%,9.175,2291Mi,59%,1858,46,46.45
Mon 06:09:00,360m,9%,9,2290Mi,59%,1856,46,46.4
Mon 06:10:00,368m,9%,9.2,2292Mi,59%,1854,46,46.35
Mon 06:11:00,358m,8%,8.95,2292Mi,59%,1852,46,46.3
Mon 06:12:00,375m,9%,9.375,2293Mi,59%,1816,45,45.4
Mon 06:13:00,371m,9%,9.275,2289Mi,59%,1814,45,45.35
Mon 06:14:00,364m,9%,9.1,2287Mi,59%,1812,45,45.3
Mon 06:15:00,363m,9%,9.075,2287Mi,59%,1810,45,45.25
Mon 06:16:00,369m,9%,9.225,2287Mi,59%,1776,44,44.4
Mon 06:17:00,328m,8%,8.2,2284Mi,59%,1774,44,44.35
Mon 06:18:00,372m,9%,9.3,2284Mi,59%,1772,44,44.3
Mon 06:19:00,361m,9%,9.025,2286Mi,59%,1770,44,44.25
Mon 06:20:00,365m,9%,9.125,2286Mi,59%,1768,44,44.2
Mon 06:21:00,357m,8%,8.925,2294Mi,59%,1766,44,44.15
Mon 06:22:00,362m,9%,9.05,2294Mi,59%,1764,44,44.1
Mon 06:23:00,359m,8%,8.975,2293Mi,59%,1762,44,44.05
Mon 06:24:00,365m,9%,9.125,2293Mi,59%,1760,44,44
Mon 06:25:00,352m,8%,8.8,2292Mi,59%,1726,43,43.15
Mon 06:26:00,341m,8%,8.525,2289Mi,59%,1690,42,42.25
Mon 06:27:00,365m,9%,9.125,2287Mi,59%,1688,42,42.2
Mon 06:28:00,367m,9%,9.175,2285Mi,59%,1654,41,41.35
Mon 06:29:00,359m,8%,8.975,2282Mi,59%,1620,40,40.5
Mon 06:30:00,365m,9%,9.125,2278Mi,59%,1586,39,39.65
Mon 06:31:00,354m,8%,8.85,2275Mi,59%,1552,38,38.8
Mon 06:32:00,344m,8%,8.6,2273Mi,59%,1518,37,37.95
Mon 06:33:01,356m,8%,8.9,2269Mi,59%,1518,37,37.95
Mon 06:34:00,340m,8%,8.5,2269Mi,59%,1518,37,37.95
Mon 06:35:00,343m,8%,8.575,2269Mi,59%,1486,37,37.15
Mon 06:36:00,314m,7%,7.85,2265Mi,58%,1518,37,37.95
Mon 06:37:00,342m,8%,8.55,2266Mi,58%,1518,37,37.95
Mon 06:38:00,339m,8%,8.475,2268Mi,59%,1518,37,37.95
Mon 06:39:00,336m,8%,8.4,2268Mi,59%,1518,37,37.95
Mon 06:40:00,340m,8%,8.5,2269Mi,59%,1518,37,37.95
Mon 06:41:00,334m,8%,8.35,2269Mi,59%,1518,37,37.95
Mon 06:42:00,339m,8%,8.475,2269Mi,59%,1518,37,37.95
Mon 06:43:00,349m,8%,8.725,2269Mi,59%,1518,37,37.95
Mon 06:44:00,330m,8%,8.25,2270Mi,59%,1518,37,37.95
Mon 06:45:00,320m,8%,8,2265Mi,58%,1486,37,37.15
Mon 06:46:01,340m,8%,8.5,2267Mi,59%,1518,37,37.95
Mon 06:47:00,344m,8%,8.6,2269Mi,59%,1518,37,37.95
Mon 06:48:00,342m,8%,8.55,2269Mi,59%,1518,37,37.95
Mon 06:49:00,340m,8%,8.5,2268Mi,59%,1518,37,37.95
Mon 06:50:00,344m,8%,8.6,2269Mi,59%,1518,37,37.95
Mon 06:51:00,337m,8%,8.425,2269Mi,59%,1518,37,37.95
Mon 06:52:00,347m,8%,8.675,2269Mi,59%,1518,37,37.95
Mon 06:53:01,334m,8%,8.35,2269Mi,59%,1518,37,37.95
Mon 06:54:00,345m,8%,8.625,2269Mi,59%,1486,37,37.15
Mon 06:55:00,315m,7%,7.875,2266Mi,58%,1518,37,37.95
Mon 06:56:00,352m,8%,8.8,2266Mi,58%,1518,37,37.95
Mon 06:57:00,332m,8%,8.3,2269Mi,59%,1518,37,37.95
Mon 06:58:00,345m,8%,8.625,2268Mi,59%,1518,37,37.95
Mon 06:59:00,336m,8%,8.4,2269Mi,59%,1518,37,37.95
Mon 07:00:00,348m,8%,8.7,2269Mi,59%,1518,37,37.95
Mon 07:01:01,336m,8%,8.4,2269Mi,59%,1523,38,38.075
Mon 07:02:00,344m,8%,8.6,2269Mi,59%,1491,37,37.275
Mon 07:03:00,308m,7%,7.7,2266Mi,58%,1496,37,37.4
Mon 07:04:00,342m,8%,8.55,2266Mi,58%,1464,36,36.6
Mon 07:05:01,301m,7%,7.525,2264Mi,58%,1501,37,37.525
Mon 07:06:00,338m,8%,8.45,2265Mi,58%,1506,37,37.65
Mon 07:07:00,334m,8%,8.35,2265Mi,58%,1474,36,36.85
Mon 07:08:00,305m,7%,7.625,2261Mi,58%,1479,36,36.975
Mon 07:09:00,331m,8%,8.275,2262Mi,58%,1447,36,36.175
Mon 07:10:00,305m,7%,7.625,2259Mi,58%,1452,36,36.3
Mon 07:11:00,334m,8%,8.35,2259Mi,58%,1457,36,36.425
Mon 07:12:00,325m,8%,8.125,2259Mi,58%,1425,35,35.625
Mon 07:13:00,303m,7%,7.575,2256Mi,58%,1430,35,35.75
Mon 07:14:01,327m,8%,8.175,2255Mi,58%,1398,34,34.95
Mon 07:15:00,302m,7%,7.55,2253Mi,58%,1435,35,35.875
Mon 07:16:00,320m,8%,8,2255Mi,58%,1440,36,36
Mon 07:17:00,331m,8%,8.275,2256Mi,58%,1408,35,35.2
Mon 07:18:00,301m,7%,7.525,2252Mi,58%,1413,35,35.325
Mon 07:19:00,318m,7%,7.95,2252Mi,58%,1381,34,34.525
Mon 07:20:00,301m,7%,7.525,2249Mi,58%,1386,34,34.65
Mon 07:21:00,319m,7%,7.975,2249Mi,58%,1391,34,34.775
Mon 07:22:01,324m,8%,8.1,2249Mi,58%,1359,33,33.975
Mon 07:23:00,290m,7%,7.25,2246Mi,58%,1364,34,34.1
Mon 07:24:01,315m,7%,7.875,2249Mi,58%,1364,34,34.1
Mon 07:25:00,295m,7%,7.375,2246Mi,58%,1369,34,34.225
Mon 07:26:00,324m,8%,8.1,2245Mi,58%,1337,33,33.425
Mon 07:27:00,330m,8%,8.25,2242Mi,58%,1268,31,31.7
Mon 07:28:00,304m,7%,7.6,2235Mi,58%,1305,32,32.625
Mon 07:29:00,307m,7%,7.675,2239Mi,58%,1268,31,31.7
Mon 07:30:00,284m,7%,7.1,2235Mi,58%,1305,32,32.625
Mon 07:31:00,304m,7%,7.6,2238Mi,58%,1305,32,32.625
Mon 07:32:00,309m,7%,7.725,2239Mi,58%,1268,31,31.7
Mon 07:33:00,288m,7%,7.2,2235Mi,58%,1305,32,32.625
Mon 07:34:00,301m,7%,7.525,2238Mi,58%,1268,31,31.7
Mon 07:35:00,288m,7%,7.2,2235Mi,58%,1305,32,32.625
Mon 07:36:00,310m,7%,7.75,2238Mi,58%,1305,32,32.625
Mon 07:37:00,303m,7%,7.575,2239Mi,58%,1268,31,31.7
Mon 07:38:00,288m,7%,7.2,2235Mi,58%,1305,32,32.625
Mon 07:39:00,304m,7%,7.6,2239Mi,58%,1268,31,31.7
Mon 07:40:00,282m,7%,7.05,2235Mi,58%,1305,32,32.625
Mon 07:41:00,310m,7%,7.75,2239Mi,58%,1305,32,32.625
Mon 07:42:00,307m,7%,7.675,2239Mi,58%,1268,31,31.7
Mon 07:43:00,284m,7%,7.1,2235Mi,58%,1305,32,32.625
Mon 07:44:00,306m,7%,7.65,2238Mi,58%,1268,31,31.7
Mon 07:45:01,281m,7%,7.025,2235Mi,58%,1305,32,32.625
Mon 07:46:00,310m,7%,7.75,2238Mi,58%,1305,32,32.625
Mon 07:47:01,309m,7%,7.725,2238Mi,58%,1268,31,31.7
Mon 07:48:00,295m,7%,7.375,2235Mi,58%,1305,32,32.625
Mon 07:49:00,308m,7%,7.7,2238Mi,58%,1268,31,31.7
Mon 07:50:00,277m,6%,6.925,2235Mi,58%,1305,32,32.625
Mon 07:51:00,315m,7%,7.875,2238Mi,58%,1305,32,32.625
Mon 07:52:00,310m,7%,7.75,2238Mi,58%,1268,31,31.7
Mon 07:53:01,283m,7%,7.075,2235Mi,58%,1305,32,32.625
Mon 07:54:00,301m,7%,7.525,2238Mi,58%,1268,31,31.7
Mon 07:55:00,281m,7%,7.025,2234Mi,58%,1305,32,32.625
Mon 07:56:00,303m,7%,7.575,2238Mi,58%,1305,32,32.625
Mon 07:57:00,308m,7%,7.7,2238Mi,58%,1268,31,31.7
Mon 07:58:00,283m,7%,7.075,2235Mi,58%,1305,32,32.625
Mon 07:59:00,310m,7%,7.75,2238Mi,58%,1268,31,31.7
Mon 08:00:00,282m,7%,7.05,2235Mi,58%,1305,32,32.625
Mon 08:01:00,300m,7%,7.5,2238Mi,58%,1322,33,33.05
Mon 08:02:00,311m,7%,7.775,2238Mi,58%,1285,32,32.125
Mon 08:03:01,283m,7%,7.075,2235Mi,58%,1285,32,32.125
Mon 08:04:00,280m,7%,7,2235Mi,58%,1302,32,32.55
Mon 08:05:00,307m,7%,7.675,2235Mi,58%,1302,32,32.55
Mon 08:06:00,273m,6%,6.825,2235Mi,58%,1319,32,32.975
Mon 08:07:00,316m,7%,7.9,2235Mi,58%,1282,32,32.05
Mon 08:08:00,288m,7%,7.2,2231Mi,58%,1336,33,33.4
Mon 08:09:00,299m,7%,7.475,2235Mi,58%,1299,32,32.475
Mon 08:10:00,280m,7%,7,2233Mi,58%,1299,32,32.475
Mon 08:11:00,268m,6%,6.7,2233Mi,58%,1316,32,32.9
Mon 08:12:00,305m,7%,7.625,2233Mi,58%,1279,31,31.975
Mon 08:13:00,278m,6%,6.95,2229Mi,58%,1333,33,33.325
Mon 08:14:00,295m,7%,7.375,2232Mi,58%,1296,32,32.4
Mon 08:15:00,275m,6%,6.875,2228Mi,57%,1350,33,33.75
Mon 08:16:00,299m,7%,7.475,2232Mi,58%,1313,32,32.825
Mon 08:17:00,272m,6%,6.8,2228Mi,58%,1276,31,31.9
Mon 08:18:00,273m,6%,6.825,2226Mi,57%,1330,33,33.25
Mon 08:19:00,298m,7%,7.45,2228Mi,57%,1293,32,32.325
Mon 08:20:00,268m,6%,6.7,2225Mi,57%,1347,33,33.675
Mon 08:21:00,300m,7%,7.5,2231Mi,58%,1256,31,31.4
Mon 08:22:00,277m,6%,6.925,2224Mi,57%,1219,30,30.475
Mon 08:23:00,273m,6%,6.825,2219Mi,57%,1219,30,30.475
Mon 08:24:00,292m,7%,7.3,2219Mi,57%,1182,29,29.55
Mon 08:25:01,268m,6%,6.7,2215Mi,57%,1236,30,30.9
Mon 08:26:00,287m,7%,7.175,2218Mi,57%,1182,29,29.55
Mon 08:27:00,260m,6%,6.5,2215Mi,57%,1236,30,30.9
Mon 08:28:00,289m,7%,7.225,2218Mi,57%,1182,29,29.55
Mon 08:29:00,265m,6%,6.625,2215Mi,57%,1182,29,29.55
Mon 08:30:00,258m,6%,6.45,2215Mi,57%,1182,29,29.55
Mon 08:31:00,283m,7%,7.075,2218Mi,57%,1182,29,29.55
Mon 08:32:00,265m,6%,6.625,2215Mi,57%,1236,30,30.9
Mon 08:33:00,291m,7%,7.275,2218Mi,57%,1182,29,29.55
Mon 08:34:00,257m,6%,6.425,2215Mi,57%,1236,30,30.9
Mon 08:35:00,286m,7%,7.15,2220Mi,57%,1182,29,29.55
Mon 08:36:00,263m,6%,6.575,2216Mi,57%,1182,29,29.55
Mon 08:37:00,257m,6%,6.425,2217Mi,57%,1236,30,30.9
Mon 08:38:01,284m,7%,7.1,2220Mi,57%,1182,29,29.55
Mon 08:39:00,267m,6%,6.675,2217Mi,57%,1236,30,30.9
Mon 08:40:00,288m,7%,7.2,2220Mi,57%,1182,29,29.55
Mon 08:41:00,266m,6%,6.65,2217Mi,57%,1236,30,30.9
Mon 08:42:00,288m,7%,7.2,2217Mi,57%,1182,29,29.55
Mon 08:43:00,266m,6%,6.65,2215Mi,57%,1182,29,29.55
Mon 08:44:01,254m,6%,6.35,2215Mi,57%,1236,30,30.9
Mon 08:45:00,281m,7%,7.025,2218Mi,57%,1182,29,29.55
Mon 08:46:00,262m,6%,6.55,2215Mi,57%,1236,30,30.9
Mon 08:47:00,293m,7%,7.325,2218Mi,57%,1182,29,29.55
Mon 08:48:00,260m,6%,6.5,2215Mi,57%,1182,29,29.55
Mon 08:49:00,259m,6%,6.475,2215Mi,57%,1182,29,29.55
Mon 08:50:01,289m,7%,7.225,2218Mi,57%,1182,29,29.55
Mon 08:51:00,265m,6%,6.625,2214Mi,57%,1236,30,30.9
Mon 08:52:00,283m,7%,7.075,2220Mi,57%,1182,29,29.55
Mon 08:53:00,265m,6%,6.625,2217Mi,57%,1236,30,30.9
Mon 08:54:00,281m,7%,7.025,2218Mi,57%,1182,29,29.55
Mon 08:55:00,262m,6%,6.55,2215Mi,57%,1182,29,29.55
Mon 08:56:00,252m,6%,6.3,2215Mi,57%,1236,30,30.9
Mon 08:57:00,285m,7%,7.125,2218Mi,57%,1182,29,29.55
Mon 08:58:00,256m,6%,6.4,2215Mi,57%,1236,30,30.9
Mon 08:59:00,286m,7%,7.15,2218Mi,57%,1182,29,29.55
Mon 09:00:00,262m,6%,6.55,2215Mi,57%,1236,30,30.9
Mon 09:01:00,282m,7%,7.05,2218Mi,57%,1182,29,29.55
Mon 09:02:00,264m,6%,6.6,2215Mi,57%,1182,29,29.55
Mon 09:03:00,261m,6%,6.525,2215Mi,57%,1228,30,30.7
Mon 09:04:00,284m,7%,7.1,2218Mi,57%,1174,29,29.35
Mon 09:05:00,257m,6%,6.425,2215Mi,57%,1220,30,30.5
Mon 09:06:00,273m,6%,6.825,2217Mi,57%,1166,29,29.15
Mon 09:07:00,277m,6%,6.925,2216Mi,57%,1166,29,29.15
Mon 09:08:01,249m,6%,6.225,2217Mi,57%,1158,28,28.95
Mon 09:09:00,292m,7%,7.3,2217Mi,57%,1158,28,28.95
Mon 09:10:00,255m,6%,6.375,2216Mi,57%,1158,28,28.95
Mon 09:11:00,258m,6%,6.45,2215Mi,57%,1150,28,28.75
Mon 09:12:00,289m,7%,7.225,2216Mi,57%,1150,28,28.75
Mon 09:13:00,249m,6%,6.225,2217Mi,57%,1142,28,28.55
Mon 09:14:00,282m,7%,7.05,2215Mi,57%,1142,28,28.55
Mon 09:15:00,259m,6%,6.475,2211Mi,57%,1088,27,27.2
Mon 09:16:00,259m,6%,6.475,2211Mi,57%,1134,28,28.35
Mon 09:17:00,283m,7%,7.075,2199Mi,57%,1088,27,27.2
Mon 09:18:00,259m,6%,6.475,2195Mi,57%,1034,25,25.85
Mon 09:19:00,259m,6%,6.475,2192Mi,57%,1080,27,27
Mon 09:20:00,288m,7%,7.2,2193Mi,57%,980,24,24.5
Mon 09:21:00,252m,6%,6.3,2189Mi,56%,1026,25,25.65
Mon 09:22:00,254m,6%,6.35,2189Mi,56%,980,24,24.5
Mon 09:23:00,282m,7%,7.05,2189Mi,56%,980,24,24.5
Mon 09:24:01,248m,6%,6.2,2189Mi,56%,1026,25,25.65
Mon 09:25:00,272m,6%,6.8,2193Mi,57%,980,24,24.5
Mon 09:26:00,252m,6%,6.3,2189Mi,56%,980,24,24.5
Mon 09:27:00,249m,6%,6.225,2189Mi,56%,1026,25,25.65
Mon 09:28:00,280m,7%,7,2192Mi,57%,980,24,24.5
Mon 09:29:00,254m,6%,6.35,2189Mi,56%,1026,25,25.65
Mon 09:30:00,249m,6%,6.225,2189Mi,56%,980,24,24.5
Mon 09:31:00,288m,7%,7.2,2189Mi,56%,980,24,24.5
Mon 09:32:00,247m,6%,6.175,2189Mi,56%,1026,25,25.65
Mon 09:33:00,274m,6%,6.85,2192Mi,57%,980,24,24.5
Mon 09:34:00,251m,6%,6.275,2189Mi,56%,980,24,24.5
Mon 09:35:00,247m,6%,6.175,2189Mi,56%,1026,25,25.65
Mon 09:36:00,267m,6%,6.675,2192Mi,57%,980,24,24.5
Mon 09:37:00,258m,6%,6.45,2188Mi,56%,1026,25,25.65
Mon 09:38:00,256m,6%,6.4,2191Mi,57%,980,24,24.5
Mon 09:39:00,263m,6%,6.575,2190Mi,57%,980,24,24.5
Mon 09:40:00,243m,6%,6.075,2190Mi,57%,1026,25,25.65
Mon 09:41:00,271m,6%,6.775,2194Mi,57%,980,24,24.5
Mon 09:42:00,253m,6%,6.325,2191Mi,57%,980,24,24.5
Mon 09:43:00,249m,6%,6.225,2191Mi,57%,980,24,24.5
Mon 09:44:00,279m,6%,6.975,2190Mi,56%,980,24,24.5
Mon 09:45:00,244m,6%,6.1,2189Mi,56%,1026,25,25.65
Mon 09:46:00,273m,6%,6.825,2193Mi,57%,980,24,24.5
Mon 09:47:00,257m,6%,6.425,2189Mi,56%,980,24,24.5
Mon 09:48:00,249m,6%,6.225,2189Mi,56%,1026,25,25.65
Mon 09:49:00,273m,6%,6.825,2192Mi,57%,980,24,24.5
Mon 09:50:00,255m,6%,6.375,2189Mi,56%,980,24,24.5
Mon 09:51:00,246m,6%,6.15,2189Mi,56%,980,24,24.5
Mon 09:52:00,290m,7%,7.25,2189Mi,56%,980,24,24.5
Mon 09:53:00,246m,6%,6.15,2189Mi,56%,1026,25,25.65
Mon 09:54:00,277m,6%,6.925,2192Mi,57%,980,24,24.5
Mon 09:55:00,249m,6%,6.225,2188Mi,56%,980,24,24.5
Mon 09:56:00,245m,6%,6.125,2188Mi,56%,1026,25,25.65
Mon 09:57:01,279m,6%,6.975,2192Mi,57%,980,24,24.5
Mon 09:58:00,257m,6%,6.425,2188Mi,56%,980,24,24.5
Mon 09:59:00,244m,6%,6.1,2189Mi,56%,980,24,24.5
Mon 10:00:00,272m,6%,6.8,2192Mi,57%,980,24,24.5
Mon 10:01:00,259m,6%,6.475,2189Mi,56%,1015,25,25.375
Mon 10:02:00,242m,6%,6.05,2189Mi,56%,969,24,24.225
Mon 10:03:00,283m,7%,7.075,2189Mi,56%,969,24,24.225
Mon 10:04:00,247m,6%,6.175,2189Mi,56%,969,24,24.225
Mon 10:05:00,248m,6%,6.2,2189Mi,56%,923,23,23.075
Mon 10:06:00,254m,6%,6.35,2186Mi,56%,923,23,23.075
Mon 10:07:00,240m,6%,6,2186Mi,56%,923,23,23.075
Mon 10:08:00,243m,6%,6.075,2186Mi,56%,912,22,22.8
Mon 10:09:00,281m,7%,7.025,2186Mi,56%,912,22,22.8
Mon 10:10:00,235m,5%,5.875,2186Mi,56%,866,21,21.65
Mon 10:11:01,243m,6%,6.075,2183Mi,56%,866,21,21.65
Mon 10:12:00,240m,6%,6,2183Mi,56%,866,21,21.65
Mon 10:13:00,244m,6%,6.1,2183Mi,56%,820,20,20.5
Mon 10:14:00,239m,5%,5.975,2180Mi,56%,855,21,21.375
Mon 10:15:00,264m,6%,6.6,2183Mi,56%,855,21,21.375
Mon 10:16:00,235m,5%,5.875,2182Mi,56%,855,21,21.375
Mon 10:17:00,237m,5%,5.925,2182Mi,56%,855,21,21.375
Mon 10:18:00,234m,5%,5.85,2182Mi,56%,855,21,21.375
Mon 10:19:00,237m,5%,5.925,2182Mi,56%,820,20,20.5
Mon 10:20:01,241m,6%,6.025,2179Mi,56%,820,20,20.5
Mon 10:21:00,236m,5%,5.9,2179Mi,56%,855,21,21.375
Mon 10:22:00,259m,6%,6.475,2184Mi,56%,855,21,21.375
Mon 10:23:00,243m,6%,6.075,2184Mi,56%,855,21,21.375
Mon 10:24:00,237m,5%,5.925,2183Mi,56%,855,21,21.375
Mon 10:25:00,235m,5%,5.875,2183Mi,56%,855,21,21.375
Mon 10:26:00,235m,5%,5.875,2183Mi,56%,820,20,20.5
Mon 10:27:00,245m,6%,6.125,2179Mi,56%,855,21,21.375
Mon 10:28:00,267m,6%,6.675,2182Mi,56%,855,21,21.375
Mon 10:29:00,233m,5%,5.825,2183Mi,56%,855,21,21.375
Mon 10:30:00,239m,5%,5.975,2188Mi,56%,855,21,21.375
Mon 10:31:00,238m,5%,5.95,2183Mi,56%,855,21,21.375
Mon 10:32:00,243m,6%,6.075,2183Mi,56%,820,20,20.5
Mon 10:33:00,239m,5%,5.975,2179Mi,56%,855,21,21.375
Mon 10:34:00,264m,6%,6.6,2183Mi,56%,855,21,21.375
Mon 10:35:01,240m,6%,6,2182Mi,56%,855,21,21.375
Mon 10:36:00,245m,6%,6.125,2182Mi,56%,855,21,21.375
Mon 10:37:01,248m,6%,6.2,2182Mi,56%,855,21,21.375
Mon 10:38:00,248m,6%,6.2,2182Mi,56%,820,20,20.5
Mon 10:39:00,251m,6%,6.275,2182Mi,56%,820,20,20.5
Mon 10:40:00,253m,6%,6.325,2179Mi,56%,855,21,21.375
Mon 10:41:00,269m,6%,6.725,2182Mi,56%,855,21,21.375
Mon 10:42:01,245m,6%,6.125,2182Mi,56%,855,21,21.375
Mon 10:43:00,253m,6%,6.325,2182Mi,56%,855,21,21.375
Mon 10:44:00,253m,6%,6.325,2182Mi,56%,855,21,21.375
Mon 10:45:00,262m,6%,6.55,2182Mi,56%,820,20,20.5
Mon 10:46:01,593m,14%,14.825,2179Mi,56%,855,21,21.375
Mon 10:47:01,367m,9%,9.175,2182Mi,56%,855,21,21.375
Mon 10:48:00,282m,7%,7.05,2182Mi,56%,855,21,21.375
Mon 10:49:00,255m,6%,6.375,2182Mi,56%,855,21,21.375
Mon 10:50:00,245m,6%,6.125,2182Mi,56%,855,21,21.375
Mon 10:51:00,297m,7%,7.425,2182Mi,56%,820,20,20.5
Mon 10:52:00,263m,6%,6.575,2179Mi,56%,855,21,21.375
Mon 10:53:00,299m,7%,7.475,2183Mi,56%,855,21,21.375
Mon 10:54:00,262m,6%,6.55,2182Mi,56%,855,21,21.375
Mon 10:55:00,251m,6%,6.275,2182Mi,56%,855,21,21.375
Mon 10:56:03,241m,6%,6.025,2182Mi,56%,855,21,21.375
Mon 10:57:00,360m,9%,9,2182Mi,56%,855,21,21.375
Mon 10:58:00,322m,8%,8.05,2183Mi,56%,820,20,20.5
Mon 10:59:00,249m,6%,6.225,2179Mi,56%,855,21,21.375
Mon 11:00:00,271m,6%,6.775,2182Mi,56%,855,21,21.375
Mon 11:01:00,244m,6%,6.1,2182Mi,56%,855,21,21.375
Mon 11:02:00,240m,6%,6,2182Mi,56%,855,21,21.375
Mon 11:03:00,259m,6%,6.475,2182Mi,56%,855,21,21.375
Mon 11:04:00,249m,6%,6.225,2182Mi,56%,820,20,20.5
Mon 11:05:00,249m,6%,6.225,2179Mi,56%,843,21,21.075
Mon 11:06:00,312m,7%,7.8,2182Mi,56%,843,21,21.075
Mon 11:07:00,248m,6%,6.2,2182Mi,56%,843,21,21.075
Mon 11:08:00,247m,6%,6.175,2182Mi,56%,843,21,21.075
Mon 11:09:00,255m,6%,6.375,2182Mi,56%,866,21,21.65
Mon 11:10:00,285m,7%,7.125,2185Mi,56%,831,20,20.775
Mon 11:11:00,271m,6%,6.775,2182Mi,56%,831,20,20.775
Mon 11:12:00,309m,7%,7.725,2182Mi,56%,854,21,21.35
Mon 11:13:00,285m,7%,7.125,2185Mi,56%,854,21,21.35
Mon 11:14:00,253m,6%,6.325,2185Mi,56%,854,21,21.35
Mon 11:15:00,265m,6%,6.625,2185Mi,56%,877,21,21.925
Mon 11:16:00,271m,6%,6.775,2189Mi,56%,877,21,21.925
Mon 11:17:00,260m,6%,6.5,2188Mi,56%,842,21,21.05
Mon 11:18:00,264m,6%,6.6,2185Mi,56%,842,21,21.05
Mon 11:19:00,256m,6%,6.4,2186Mi,56%,865,21,21.625
Mon 11:20:01,275m,6%,6.875,2188Mi,56%,865,21,21.625
Mon 11:21:00,260m,6%,6.5,2188Mi,56%,865,21,21.625
Mon 11:22:00,265m,6%,6.625,2189Mi,56%,888,22,22.2
Mon 11:23:00,290m,7%,7.25,2192Mi,57%,888,22,22.2
Mon 11:24:00,259m,6%,6.475,2192Mi,57%,888,22,22.2
Mon 11:25:00,264m,6%,6.6,2192Mi,57%,888,22,22.2
Mon 11:26:00,253m,6%,6.325,2192Mi,57%,911,22,22.775
Mon 11:27:00,294m,7%,7.35,2195Mi,57%,911,22,22.775
Mon 11:28:00,261m,6%,6.525,2195Mi,57%,911,22,22.775
Mon 11:29:00,265m,6%,6.625,2195Mi,57%,934,23,23.35
Mon 11:30:00,292m,7%,7.3,2200Mi,57%,934,23,23.35
Mon 11:31:00,270m,6%,6.75,2200Mi,57%,911,22,22.775
Mon 11:32:00,272m,6%,6.8,2197Mi,57%,934,23,23.35
Mon 11:33:00,295m,7%,7.375,2199Mi,57%,934,23,23.35
Mon 11:34:01,268m,6%,6.7,2198Mi,57%,911,22,22.775
Mon 11:35:00,277m,6%,6.925,2196Mi,57%,911,22,22.775
Mon 11:36:00,274m,6%,6.85,2196Mi,57%,934,23,23.35
Mon 11:37:01,291m,7%,7.275,2198Mi,57%,934,23,23.35
Mon 11:38:01,301m,7%,7.525,2198Mi,57%,911,22,22.775
Mon 11:39:00,292m,7%,7.3,2196Mi,57%,934,23,23.35
Mon 11:40:01,319m,7%,7.975,2199Mi,57%,934,23,23.35
Mon 11:41:00,287m,7%,7.175,2201Mi,57%,911,22,22.775
Mon 11:42:00,296m,7%,7.4,2196Mi,57%,911,22,22.775
Mon 11:43:00,257m,6%,6.425,2196Mi,57%,934,23,23.35
Mon 11:44:00,309m,7%,7.725,2199Mi,57%,911,22,22.775
Mon 11:45:00,283m,7%,7.075,2196Mi,57%,911,22,22.775
Mon 11:46:00,276m,6%,6.9,2196Mi,57%,934,23,23.35
Mon 11:47:00,313m,7%,7.825,2194Mi,57%,934,23,23.35
Mon 11:48:00,293m,7%,7.325,2194Mi,57%,911,22,22.775
Mon 11:49:00,276m,6%,6.9,2191Mi,57%,934,23,23.35
Mon 11:50:00,307m,7%,7.675,2195Mi,57%,934,23,23.35
Mon 11:51:00,279m,6%,6.975,2194Mi,57%,911,22,22.775
Mon 11:52:00,278m,6%,6.95,2191Mi,57%,911,22,22.775
Mon 11:53:00,274m,6%,6.85,2191Mi,57%,934,23,23.35
Mon 11:54:00,305m,7%,7.625,2195Mi,57%,934,23,23.35
Mon 11:55:00,272m,6%,6.8,2199Mi,57%,911,22,22.775
Mon 11:56:00,286m,7%,7.15,2191Mi,57%,934,23,23.35
Mon 11:57:00,313m,7%,7.825,2194Mi,57%,934,23,23.35
Mon 11:58:01,285m,7%,7.125,2193Mi,57%,911,22,22.775
Mon 11:59:00,286m,7%,7.15,2190Mi,57%,911,22,22.775
Mon 12:00:00,292m,7%,7.3,2191Mi,57%,934,23,23.35
Mon 12:01:00,308m,7%,7.7,2196Mi,57%,911,22,22.775
Mon 12:02:00,278m,6%,6.95,2191Mi,57%,911,22,22.775
Mon 12:03:00,281m,7%,7.025,2191Mi,57%,938,23,23.45
Mon 12:04:00,304m,7%,7.6,2194Mi,57%,938,23,23.45
Mon 12:05:00,278m,6%,6.95,2194Mi,57%,942,23,23.55
Mon 12:06:00,308m,7%,7.7,2194Mi,57%,942,23,23.55
Mon 12:07:00,278m,6%,6.95,2194Mi,57%,969,24,24.225
Mon 12:08:00,305m,7%,7.625,2197Mi,57%,946,23,23.65
Mon 12:09:00,288m,7%,7.2,2194Mi,57%,973,24,24.325
Mon 12:10:01,307m,7%,7.675,2197Mi,57%,973,24,24.325
Mon 12:11:00,280m,7%,7,2197Mi,57%,973,24,24.325
Mon 12:12:00,315m,7%,7.875,2200Mi,57%,977,24,24.425
Mon 12:13:01,292m,7%,7.3,2197Mi,57%,1004,25,25.1
Mon 12:14:00,317m,7%,7.925,2200Mi,57%,1004,25,25.1
Mon 12:15:00,282m,7%,7.05,2200Mi,57%,1008,25,25.2
Mon 12:16:00,329m,8%,8.225,2200Mi,57%,1008,25,25.2
Mon 12:17:00,287m,7%,7.175,2200Mi,57%,1035,25,25.875
Mon 12:18:00,318m,7%,7.95,2204Mi,57%,1012,25,25.3
Mon 12:19:00,300m,7%,7.5,2200Mi,57%,1039,25,25.975
Mon 12:20:00,316m,7%,7.9,2204Mi,57%,1039,25,25.975
Mon 12:21:00,282m,7%,7.05,2203Mi,57%,1066,26,26.65
Mon 12:22:00,320m,8%,8,2209Mi,57%,1043,26,26.075
Mon 12:23:00,322m,8%,8.05,2205Mi,57%,1070,26,26.75
Mon 12:24:00,321m,8%,8.025,2209Mi,57%,1070,26,26.75
Mon 12:25:00,300m,7%,7.5,2209Mi,57%,1074,26,26.85
Mon 12:26:01,331m,8%,8.275,2209Mi,57%,1074,26,26.85
Mon 12:27:00,295m,7%,7.375,2209Mi,57%,1101,27,27.525
Mon 12:28:00,323m,8%,8.075,2212Mi,57%,1101,27,27.525
Mon 12:29:00,295m,7%,7.375,2212Mi,57%,1128,28,28.2
Mon 12:30:00,317m,7%,7.925,2216Mi,57%,1101,27,27.525
Mon 12:31:00,299m,7%,7.475,2212Mi,57%,1128,28,28.2
Mon 12:32:00,331m,8%,8.275,2216Mi,57%,1101,27,27.525
Mon 12:33:00,302m,7%,7.55,2213Mi,57%,1128,28,28.2
Mon 12:34:00,296m,7%,7.4,2213Mi,57%,1101,27,27.525
Mon 12:35:00,341m,8%,8.525,2212Mi,57%,1128,28,28.2
Mon 12:36:01,294m,7%,7.35,2211Mi,57%,1101,27,27.525
Mon 12:37:00,343m,8%,8.575,2212Mi,57%,1128,28,28.2
Mon 12:38:00,294m,7%,7.35,2218Mi,57%,1101,27,27.525
Mon 12:39:01,365m,9%,9.125,2211Mi,57%,1101,27,27.525
Mon 12:40:00,284m,7%,7.1,2211Mi,57%,1101,27,27.525
Mon 12:41:00,348m,8%,8.7,2211Mi,57%,1101,27,27.525
Mon 12:42:00,340m,8%,8.5,2211Mi,57%,1101,27,27.525
Mon 12:43:00,362m,9%,9.05,2211Mi,57%,1101,27,27.525
Mon 12:44:00,288m,7%,7.2,2211Mi,57%,1101,27,27.525
Mon 12:45:00,345m,8%,8.625,2211Mi,57%,1101,27,27.525
Mon 12:46:00,301m,7%,7.525,2211Mi,57%,1101,27,27.525
Mon 12:47:00,326m,8%,8.15,2211Mi,57%,1101,27,27.525
Mon 12:48:00,281m,7%,7.025,2210Mi,57%,1101,27,27.525
Mon 12:49:00,339m,8%,8.475,2211Mi,57%,1101,27,27.525
Mon 12:50:01,285m,7%,7.125,2211Mi,57%,1101,27,27.525
Mon 12:51:00,327m,8%,8.175,2211Mi,57%,1101,27,27.525
Mon 12:52:00,282m,7%,7.05,2211Mi,57%,1128,28,28.2
Mon 12:53:00,312m,7%,7.8,2212Mi,57%,1101,27,27.525
Mon 12:54:00,289m,7%,7.225,2211Mi,57%,1128,28,28.2
Mon 12:55:00,319m,7%,7.975,2214Mi,57%,1101,27,27.525
Mon 12:56:00,288m,7%,7.2,2211Mi,57%,1128,28,28.2
Mon 12:57:00,309m,7%,7.725,2214Mi,57%,1101,27,27.525
Mon 12:58:00,268m,6%,6.7,2211Mi,57%,1128,28,28.2
Mon 12:59:00,329m,8%,8.225,2214Mi,57%,1101,27,27.525
Mon 13:00:00,314m,7%,7.85,2211Mi,57%,1128,28,28.2
Mon 13:01:00,335m,8%,8.375,2213Mi,57%,1101,27,27.525
Mon 13:02:00,292m,7%,7.3,2210Mi,57%,1144,28,28.6
Mon 13:03:00,323m,8%,8.075,2214Mi,57%,1117,27,27.925
Mon 13:04:00,291m,7%,7.275,2211Mi,57%,1160,28,29
Mon 13:05:00,313m,7%,7.825,2214Mi,57%,1133,28,28.325
Mon 13:06:00,311m,7%,7.775,2210Mi,57%,1176,29,29.4
Mon 13:07:00,321m,8%,8.025,2214Mi,57%,1149,28,28.725
Mon 13:08:00,287m,7%,7.175,2211Mi,57%,1192,29,29.8
Mon 13:09:00,290m,7%,7.25,2211Mi,57%,1165,29,29.125
Mon 13:10:00,366m,9%,9.15,2210Mi,57%,1165,29,29.125
Mon 13:11:00,292m,7%,7.3,2210Mi,57%,1181,29,29.525
Mon 13:12:00,319m,7%,7.975,2210Mi,57%,1181,29,29.525
Mon 13:13:00,271m,6%,6.775,2211Mi,57%,1197,29,29.925
Mon 13:14:00,309m,7%,7.725,2210Mi,57%,1197,29,29.925
Mon 13:15:01,311m,7%,7.775,2210Mi,57%,1213,30,30.325
Mon 13:16:00,327m,8%,8.175,2211Mi,57%,1213,30,30.325
Mon 13:17:00,292m,7%,7.3,2211Mi,57%,1229,30,30.725
Mon 13:18:00,320m,8%,8,2211Mi,57%,1229,30,30.725
Mon 13:19:00,290m,7%,7.25,2210Mi,57%,1245,31,31.125
Mon 13:20:00,314m,7%,7.85,2210Mi,57%,1245,31,31.125
Mon 13:21:00,293m,7%,7.325,2216Mi,57%,1218,30,30.45
Mon 13:22:00,286m,7%,7.15,2208Mi,57%,1261,31,31.525
Mon 13:23:00,312m,7%,7.8,2211Mi,57%,1234,30,30.85
Mon 13:24:01,290m,7%,7.25,2207Mi,57%,1277,31,31.925
Mon 13:25:00,315m,7%,7.875,2210Mi,57%,1250,31,31.25
Mon 13:26:00,283m,7%,7.075,2207Mi,57%,1293,32,32.325
Mon 13:27:00,318m,7%,7.95,2211Mi,57%,1223,30,30.575
Mon 13:28:00,296m,7%,7.4,2204Mi,57%,1266,31,31.65
Mon 13:29:00,308m,7%,7.7,2209Mi,57%,1223,30,30.575
Mon 13:30:00,269m,6%,6.725,2206Mi,57%,1266,31,31.65
Mon 13:31:00,254m,6%,6.35,2206Mi,57%,1223,30,30.575
Mon 13:32:00,297m,7%,7.425,2205Mi,57%,1223,30,30.575
Mon 13:33:01,262m,6%,6.55,2205Mi,57%,1223,30,30.575
Mon 13:34:00,321m,8%,8.025,2206Mi,57%,1223,30,30.575
Mon 13:35:00,276m,6%,6.9,2205Mi,57%,1266,31,31.65
Mon 13:36:00,309m,7%,7.725,2208Mi,57%,1223,30,30.575
Mon 13:37:00,289m,7%,7.225,2205Mi,57%,1266,31,31.65
Mon 13:38:01,317m,7%,7.925,2208Mi,57%,1223,30,30.575
Mon 13:39:01,290m,7%,7.25,2204Mi,57%,1266,31,31.65
Mon 13:40:00,310m,7%,7.75,2208Mi,57%,1223,30,30.575
Mon 13:41:00,289m,7%,7.225,2205Mi,57%,1266,31,31.65
Mon 13:42:00,419m,10%,10.475,2205Mi,57%,1223,30,30.575
Mon 13:43:00,842m,21%,21.05,2204Mi,57%,1223,30,30.575
Mon 13:44:00,348m,8%,8.7,2204Mi,57%,1223,30,30.575
Mon 13:45:00,335m,8%,8.375,2204Mi,57%,1223,30,30.575
Mon 13:46:00,279m,6%,6.975,2204Mi,57%,1266,31,31.65
Mon 13:47:00,310m,7%,7.75,2207Mi,57%,1223,30,30.575
Mon 13:48:01,313m,7%,7.825,2204Mi,57%,1266,31,31.65
Mon 13:49:00,300m,7%,7.5,2208Mi,57%,1223,30,30.575
Mon 13:50:00,287m,7%,7.175,2204Mi,57%,1266,31,31.65
Mon 13:51:00,313m,7%,7.825,2210Mi,57%,1223,30,30.575
Mon 13:52:00,288m,7%,7.2,2206Mi,57%,1266,31,31.65
Mon 13:53:00,284m,7%,7.1,2206Mi,57%,1223,30,30.575
Mon 13:54:00,327m,8%,8.175,2206Mi,57%,1223,30,30.575
Mon 13:55:00,275m,6%,6.875,2206Mi,57%,1223,30,30.575
Mon 13:56:01,323m,8%,8.075,2204Mi,57%,1223,30,30.575
Mon 13:57:00,281m,7%,7.025,2203Mi,57%,1266,31,31.65
Mon 13:58:00,304m,7%,7.6,2207Mi,57%,1223,30,30.575
Mon 13:59:00,281m,7%,7.025,2203Mi,57%,1266,31,31.65
Mon 14:00:00,300m,7%,7.5,2207Mi,57%,1223,30,30.575
Mon 14:01:00,291m,7%,7.275,2203Mi,57%,1278,31,31.95
Mon 14:02:00,306m,7%,7.65,2207Mi,57%,1235,30,30.875
Mon 14:03:00,285m,7%,7.125,2203Mi,57%,1290,32,32.25
Mon 14:04:00,299m,7%,7.475,2207Mi,57%,1247,31,31.175
Mon 14:05:00,286m,7%,7.15,2203Mi,57%,1302,32,32.55
Mon 14:06:00,306m,7%,7.65,2206Mi,57%,1259,31,31.475
Mon 14:07:00,285m,7%,7.125,2209Mi,57%,1314,32,32.85
Mon 14:08:00,298m,7%,7.45,2206Mi,57%,1369,34,34.225
Mon 14:09:00,303m,7%,7.575,2210Mi,57%,1326,33,33.15
Mon 14:10:00,263m,6%,6.575,2206Mi,57%,1381,34,34.525
Mon 14:11:00,284m,7%,7.1,2210Mi,57%,1338,33,33.45
Mon 14:12:00,266m,6%,6.65,2206Mi,57%,1393,34,34.825
Mon 14:13:00,282m,7%,7.05,2210Mi,57%,1350,33,33.75
Mon 14:14:00,264m,6%,6.6,2207Mi,57%,1405,35,35.125
Mon 14:15:00,291m,7%,7.275,2210Mi,57%,1362,34,34.05
Mon 14:16:00,254m,6%,6.35,2207Mi,57%,1417,35,35.425
Mon 14:17:01,290m,7%,7.25,2210Mi,57%,1429,35,35.725
Mon 14:18:00,291m,7%,7.275,2210Mi,57%,1429,35,35.725
Mon 14:19:00,257m,6%,6.425,2210Mi,57%,1484,37,37.1
Mon 14:20:00,282m,7%,7.05,2214Mi,57%,1441,36,36.025
Mon 14:21:00,294m,7%,7.35,2210Mi,57%,1496,37,37.4
Mon 14:22:00,291m,7%,7.275,2214Mi,57%,1453,36,36.325
Mon 14:23:00,269m,6%,6.725,2210Mi,57%,1508,37,37.7
Mon 14:24:00,285m,7%,7.125,2213Mi,57%,1520,38,38
Mon 14:25:00,265m,6%,6.625,2210Mi,57%,1520,38,38
Mon 14:26:00,293m,7%,7.325,2214Mi,57%,1575,39,39.375
Mon 14:27:00,294m,7%,7.35,2217Mi,57%,1575,39,39.375
Mon 14:28:00,261m,6%,6.525,2217Mi,57%,1630,40,40.75
Mon 14:29:00,296m,7%,7.4,2221Mi,57%,1630,40,40.75
Mon 14:30:00,270m,6%,6.75,2220Mi,57%,1685,42,42.125
Mon 14:31:00,294m,7%,7.35,2224Mi,57%,1685,42,42.125
Mon 14:32:00,277m,6%,6.925,2226Mi,57%,1740,43,43.5
Mon 14:33:01,300m,7%,7.5,2229Mi,58%,1795,44,44.875
Mon 14:34:00,308m,7%,7.7,2233Mi,58%,1795,44,44.875
Mon 14:35:00,281m,7%,7.025,2233Mi,58%,1850,46,46.25
Mon 14:36:00,302m,7%,7.55,2236Mi,58%,1850,46,46.25
Mon 14:37:00,284m,7%,7.1,2236Mi,58%,1905,47,47.625
Mon 14:38:00,301m,7%,7.525,2238Mi,58%,1905,47,47.625
Mon 14:39:00,280m,7%,7,2238Mi,58%,1960,49,49
Mon 14:40:00,315m,7%,7.875,2242Mi,58%,1960,49,49
Mon 14:41:00,284m,7%,7.1,2242Mi,58%,2015,50,50.375
Mon 14:42:00,316m,7%,7.9,2245Mi,58%,2070,51,51.75
Mon 14:43:00,319m,7%,7.975,2249Mi,58%,2070,51,51.75
Mon 14:44:00,289m,7%,7.225,2249Mi,58%,2125,53,53.125
Mon 14:45:00,319m,7%,7.975,2252Mi,58%,2070,51,51.75
Mon 14:46:00,297m,7%,7.425,2249Mi,58%,2125,53,53.125
Mon 14:47:00,344m,8%,8.6,2252Mi,58%,2070,51,51.75
Mon 14:48:00,322m,8%,8.05,2249Mi,58%,2070,51,51.75
Mon 14:49:00,349m,8%,8.725,2252Mi,58%,2125,53,53.125
Mon 14:50:00,321m,8%,8.025,2250Mi,58%,2070,51,51.75
Mon 14:51:00,353m,8%,8.825,2250Mi,58%,2125,53,53.125
Mon 14:52:00,348m,8%,8.7,2253Mi,58%,2070,51,51.75
Mon 14:53:00,330m,8%,8.25,2248Mi,58%,2125,53,53.125
Mon 14:54:00,343m,8%,8.575,2252Mi,58%,2070,51,51.75
Mon 14:55:00,432m,10%,10.8,2249Mi,58%,2125,53,53.125
Mon 14:56:00,348m,8%,8.7,2252Mi,58%,2070,51,51.75
Mon 14:57:00,362m,9%,9.05,2249Mi,58%,2070,51,51.75
Mon 14:58:00,365m,9%,9.125,2249Mi,58%,2125,53,53.125
Mon 14:59:00,367m,9%,9.175,2252Mi,58%,2070,51,51.75
Mon 15:00:01,754m,18%,18.85,2248Mi,58%,2125,53,53.125
Mon 15:01:00,922m,23%,23.05,2260Mi,58%,2070,51,51.75
Mon 15:02:00,904m,22%,22.6,2256Mi,58%,2110,52,52.75
Mon 15:03:00,960m,24%,24,2260Mi,58%,2135,53,53.375
Mon 15:04:00,936m,23%,23.4,2261Mi,58%,2175,54,54.375
Mon 15:05:00,890m,22%,22.25,2266Mi,58%,2200,55,55
Mon 15:06:00,895m,22%,22.375,2265Mi,58%,2185,54,54.625
Mon 15:07:01,987m,24%,24.675,2269Mi,59%,2225,55,55.625
Mon 15:08:00,973m,24%,24.325,2272Mi,59%,2250,56,56.25
Mon 15:09:00,1009m,25%,25.225,2275Mi,59%,2290,57,57.25
Mon 15:10:00,985m,24%,24.625,2279Mi,59%,2275,56,56.875
Mon 15:11:00,966m,24%,24.15,2279Mi,59%,2355,58,58.875
Mon 15:12:00,1004m,25%,25.1,2284Mi,59%,2340,58,58.5
Mon 15:13:01,978m,24%,24.45,2286Mi,59%,2365,59,59.125
Mon 15:14:00,1065m,26%,26.625,2288Mi,59%,2405,60,60.125
Mon 15:15:00,1010m,25%,25.25,2292Mi,59%,2390,59,59.75
Mon 15:16:00,953m,23%,23.825,2292Mi,59%,2470,61,61.75
Mon 15:17:00,1042m,26%,26.05,2299Mi,59%,2455,61,61.375
Mon 15:18:00,801m,20%,20.025,2300Mi,59%,2535,63,63.375
Mon 15:19:00,936m,23%,23.4,2305Mi,60%,2520,63,63
Mon 15:20:00,949m,23%,23.725,2306Mi,60%,2560,64,64
Mon 15:21:00,986m,24%,24.65,2309Mi,60%,2585,64,64.625
Mon 15:22:00,1039m,25%,25.975,2313Mi,60%,2570,64,64.25
Mon 15:23:00,1052m,26%,26.3,2319Mi,60%,2650,66,66.25
Mon 15:24:00,1024m,25%,25.6,2316Mi,60%,2635,65,65.875
Mon 15:25:01,1030m,25%,25.75,2320Mi,60%,2675,66,66.875
Mon 15:26:00,928m,23%,23.2,2323Mi,60%,2700,67,67.5
Mon 15:27:00,1121m,28%,28.025,2327Mi,60%,2740,68,68.5
Mon 15:28:00,1056m,26%,26.4,2330Mi,60%,2765,69,69.125
Mon 15:29:00,1099m,27%,27.475,2334Mi,60%,2750,68,68.75
Mon 15:30:00,1059m,26%,26.475,2337Mi,60%,2790,69,69.75
Mon 15:31:00,676m,16%,16.9,2337Mi,60%,2815,70,70.375
Mon 15:32:00,469m,11%,11.725,2340Mi,60%,2855,71,71.375
Mon 15:33:00,441m,11%,11.025,2344Mi,61%,2840,71,71
Mon 15:34:00,454m,11%,11.35,2340Mi,60%,2800,70,70
Mon 15:35:00,482m,12%,12.05,2341Mi,60%,2745,68,68.625
Mon 15:36:00,452m,11%,11.3,2338Mi,60%,2785,69,69.625
Mon 15:37:00,460m,11%,11.5,2341Mi,60%,2690,67,67.25
Mon 15:38:00,437m,10%,10.925,2335Mi,60%,2675,66,66.875
Mon 15:39:00,465m,11%,11.625,2334Mi,60%,2635,65,65.875
Mon 15:40:00,437m,10%,10.925,2331Mi,60%,2580,64,64.5
Mon 15:41:00,417m,10%,10.425,2328Mi,60%,2620,65,65.5
Mon 15:42:01,447m,11%,11.175,2328Mi,60%,2525,63,63.125
Mon 15:43:00,458m,11%,11.45,2325Mi,60%,2565,64,64.125
Mon 15:44:00,447m,11%,11.175,2325Mi,60%,2470,61,61.75
Mon 15:45:00,465m,11%,11.625,2325Mi,60%,2470,61,61.75
Mon 15:46:00,443m,11%,11.075,2322Mi,60%,2510,62,62.75
Mon 15:47:00,452m,11%,11.3,2324Mi,60%,2470,61,61.75
Mon 15:48:00,436m,10%,10.9,2321Mi,60%,2470,61,61.75
Mon 15:49:00,432m,10%,10.8,2321Mi,60%,2470,61,61.75
Mon 15:50:00,463m,11%,11.575,2321Mi,60%,2470,61,61.75
Mon 15:51:00,429m,10%,10.725,2321Mi,60%,2510,62,62.75
Mon 15:52:00,453m,11%,11.325,2324Mi,60%,2470,61,61.75
Mon 15:53:00,429m,10%,10.725,2321Mi,60%,2470,61,61.75
Mon 15:54:01,439m,10%,10.975,2321Mi,60%,2470,61,61.75
Mon 15:55:00,467m,11%,11.675,2321Mi,60%,2470,61,61.75
Mon 15:56:00,415m,10%,10.375,2321Mi,60%,2510,62,62.75
Mon 15:57:01,457m,11%,11.425,2324Mi,60%,2470,61,61.75
Mon 15:58:00,435m,10%,10.875,2323Mi,60%,2470,61,61.75
Mon 15:59:00,417m,10%,10.425,2323Mi,60%,2470,61,61.75
Mon 16:00:00,448m,11%,11.2,2327Mi,60%,2470,61,61.75
Mon 16:01:00,405m,10%,10.125,2324Mi,60%,2508,62,62.7
Mon 16:02:00,421m,10%,10.525,2327Mi,60%,2506,62,62.65
Mon 16:03:00,461m,11%,11.525,2325Mi,60%,2544,63,63.6
Mon 16:04:00,425m,10%,10.625,2327Mi,60%,2503,62,62.575
Mon 16:05:00,418m,10%,10.45,2326Mi,60%,2541,63,63.525
Mon 16:06:01,437m,10%,10.925,2329Mi,60%,2579,64,64.475
Mon 16:07:00,435m,10%,10.875,2337Mi,60%,2577,64,64.425
Mon 16:08:00,448m,11%,11.2,2332Mi,60%,2615,65,65.375
Mon 16:09:00,447m,11%,11.175,2334Mi,60%,2613,65,65.325
Mon 16:10:00,444m,11%,11.1,2335Mi,60%,2612,65,65.3
Mon 16:11:00,412m,10%,10.3,2335Mi,60%,2650,66,66.25
Mon 16:12:00,452m,11%,11.3,2338Mi,60%,2648,66,66.2
Mon 16:13:00,469m,11%,11.725,2338Mi,60%,2686,67,67.15
Mon 16:14:00,441m,11%,11.025,2341Mi,60%,2684,67,67.1
Mon 16:15:00,413m,10%,10.325,2341Mi,60%,2683,67,67.075
Mon 16:16:00,468m,11%,11.7,2341Mi,60%,2721,68,68.025
Mon 16:17:00,444m,11%,11.1,2345Mi,61%,2719,67,67.975
Mon 16:18:00,461m,11%,11.525,2345Mi,61%,2757,68,68.925
Mon 16:19:00,468m,11%,11.7,2348Mi,61%,2755,68,68.875
Mon 16:20:00,470m,11%,11.75,2349Mi,61%,2793,69,69.825
Mon 16:21:00,417m,10%,10.425,2348Mi,61%,2792,69,69.8
Mon 16:22:01,473m,11%,11.825,2351Mi,61%,2790,69,69.75
Mon 16:23:00,483m,12%,12.075,2351Mi,61%,2828,70,70.7
Mon 16:24:00,457m,11%,11.425,2354Mi,61%,2826,70,70.65
Mon 16:25:00,470m,11%,11.75,2354Mi,61%,2864,71,71.6
Mon 16:26:00,441m,11%,11.025,2361Mi,61%,2863,71,71.575
Mon 16:27:00,474m,11%,11.85,2358Mi,61%,2861,71,71.525
Mon 16:28:00,475m,11%,11.875,2358Mi,61%,2899,72,72.475
Mon 16:29:00,472m,11%,11.8,2361Mi,61%,2937,73,73.425
Mon 16:30:00,474m,11%,11.85,2365Mi,61%,2935,73,73.375
Mon 16:31:00,476m,11%,11.9,2366Mi,61%,2973,74,74.325
Mon 16:32:00,440m,11%,11,2373Mi,61%,3012,75,75.3
Mon 16:33:00,484m,12%,12.1,2380Mi,61%,3090,77,77.25
Mon 16:34:00,462m,11%,11.55,2387Mi,62%,3168,79,79.2
Mon 16:35:00,469m,11%,11.725,2394Mi,62%,3246,81,81.15
Mon 16:36:00,473m,11%,11.825,2401Mi,62%,3324,83,83.1
Mon 16:37:00,480m,12%,12,2407Mi,62%,3363,84,84.075
Mon 16:38:00,466m,11%,11.65,2411Mi,62%,3441,86,86.025
Mon 16:39:00,498m,12%,12.45,2413Mi,62%,3519,87,87.975
Mon 16:40:01,501m,12%,12.525,2394Mi,62%,3597,89,89.925
Mon 16:41:00,506m,12%,12.65,2393Mi,62%,3675,91,91.875
Mon 16:42:00,504m,12%,12.6,2379Mi,61%,3675,91,91.875
Mon 16:43:00,505m,12%,12.625,2370Mi,61%,3636,90,90.9
Mon 16:44:00,548m,13%,13.7,2371Mi,61%,3636,90,90.9
Mon 16:45:01,549m,13%,13.725,2372Mi,61%,3675,91,91.875
Mon 16:46:00,528m,13%,13.2,2374Mi,61%,3675,91,91.875
Mon 16:47:00,540m,13%,13.5,2375Mi,61%,3675,91,91.875
Mon 16:48:00,540m,13%,13.5,2375Mi,61%,3636,90,90.9
Mon 16:49:00,506m,12%,12.65,2373Mi,61%,3636,90,90.9
Mon 16:50:00,520m,13%,13,2376Mi,61%,3675,91,91.875
Mon 16:51:00,539m,13%,13.475,2376Mi,61%,3675,91,91.875
Mon 16:52:00,544m,13%,13.6,2376Mi,61%,3675,91,91.875
Mon 16:53:00,530m,13%,13.25,2377Mi,61%,3675,91,91.875
Mon 16:54:00,504m,12%,12.6,2374Mi,61%,3636,90,90.9
Mon 16:55:00,547m,13%,13.675,2374Mi,61%,3636,90,90.9
Mon 16:56:00,546m,13%,13.65,2375Mi,61%,3675,91,91.875
Mon 16:57:00,526m,13%,13.15,2378Mi,61%,3675,91,91.875
Mon 16:58:01,564m,14%,14.1,2377Mi,61%,3675,91,91.875
Mon 16:59:00,511m,12%,12.775,2375Mi,61%,3636,90,90.9
Mon 17:00:00,534m,13%,13.35,2376Mi,61%,3636,90,90.9
Mon 17:01:00,530m,13%,13.25,2377Mi,61%,3597,89,89.925
Mon 17:02:00,452m,11%,11.3,2372Mi,61%,3519,87,87.975
Mon 17:03:00,493m,12%,12.325,2366Mi,61%,3441,86,86.025
Mon 17:04:01,544m,13%,13.6,2360Mi,61%,3363,84,84.075
Mon 17:05:00,579m,14%,14.475,2353Mi,61%,3285,82,82.125
Mon 17:06:00,457m,11%,11.425,2347Mi,61%,3246,81,81.15
Mon 17:07:00,459m,11%,11.475,2341Mi,60%,3168,79,79.2
Mon 17:08:00,420m,10%,10.5,2337Mi,60%,3090,77,77.25
Mon 17:09:00,423m,10%,10.575,2330Mi,60%,3012,75,75.3
Mon 17:10:00,440m,11%,11,2324Mi,60%,2934,73,73.35
Mon 17:11:00,443m,11%,11.075,2318Mi,60%,2856,71,71.4
Mon 17:12:01,427m,10%,10.675,2313Mi,60%,2817,70,70.425
Mon 17:13:00,424m,10%,10.6,2308Mi,60%,2739,68,68.475
Mon 17:14:00,469m,11%,11.725,2301Mi,59%,2661,66,66.525
Mon 17:15:00,424m,10%,10.6,2295Mi,59%,2583,64,64.575
Mon 17:16:01,414m,10%,10.35,2288Mi,59%,2505,62,62.625
Mon 17:17:00,433m,10%,10.825,2282Mi,59%,2427,60,60.675
Mon 17:18:00,478m,11%,11.95,2275Mi,59%,2388,59,59.7
Mon 17:19:01,427m,10%,10.675,2272Mi,59%,2310,57,57.75
Mon 17:20:00,950m,23%,23.75,2266Mi,58%,2232,55,55.8
Mon 17:21:00,1026m,25%,25.65,2260Mi,58%,2154,53,53.85
Mon 17:22:00,971m,24%,24.275,2253Mi,58%,2076,51,51.9
Mon 17:23:01,1019m,25%,25.475,2247Mi,58%,2037,50,50.925
Mon 17:24:00,1045m,26%,26.125,2243Mi,58%,1959,48,48.975
Mon 17:25:00,1079m,26%,26.975,2236Mi,58%,1881,47,47.025
Mon 17:26:00,1050m,26%,26.25,2228Mi,58%,1803,45,45.075
Mon 17:27:00,1024m,25%,25.6,2222Mi,57%,1725,43,43.125
Mon 17:28:00,977m,24%,24.425,2217Mi,57%,1647,41,41.175
Mon 17:29:00,914m,22%,22.85,2213Mi,57%,1608,40,40.2
Mon 17:30:00,979m,24%,24.475,2206Mi,57%,1530,38,38.25
Mon 17:31:00,955m,23%,23.875,2199Mi,57%,1452,36,36.3
Mon 17:32:00,909m,22%,22.725,2198Mi,57%,1374,34,34.35
Mon 17:33:01,839m,20%,20.975,2186Mi,56%,1296,32,32.4
Mon 17:34:00,836m,20%,20.9,2179Mi,56%,1257,31,31.425
Mon 17:35:00,804m,20%,20.1,2175Mi,56%,1179,29,29.475
Mon 17:36:00,780m,19%,19.5,2170Mi,56%,1101,27,27.525
Mon 17:37:00,771m,19%,19.275,2164Mi,56%,1023,25,25.575
Mon 17:38:00,765m,19%,19.125,2157Mi,56%,945,23,23.625
Mon 17:39:00,790m,19%,19.75,2151Mi,55%,867,21,21.675
Mon 17:40:00,728m,18%,18.2,2147Mi,55%,828,20,20.7
Mon 17:41:00,708m,17%,17.7,2140Mi,55%,750,18,18.75
Mon 17:42:00,748m,18%,18.7,2133Mi,55%,750,18,18.75
Mon 17:43:00,709m,17%,17.725,2133Mi,55%,750,18,18.75
Mon 17:44:00,691m,17%,17.275,2133Mi,55%,750,18,18.75
Mon 17:45:01,692m,17%,17.3,2133Mi,55%,750,18,18.75
Mon 17:46:00,676m,16%,16.9,2133Mi,55%,750,18,18.75
Mon 17:47:00,687m,17%,17.175,2133Mi,55%,750,18,18.75
Mon 17:48:00,695m,17%,17.375,2133Mi,55%,750,18,18.75
Mon 17:49:00,682m,17%,17.05,2132Mi,55%,750,18,18.75
Mon 17:50:00,634m,15%,15.85,2132Mi,55%,750,18,18.75