14:17:00,186m,9%,9.3,1342Mi,34%,756,37,37.8
14:18:01,344m,17%,17.2,1417Mi,36%,756,37,37.8
14:19:00,526m,26%,26.3,1429Mi,37%,756,37,37.8
14:20:00,476m,23%,23.8,1448Mi,37%,756,37,37.8
14:21:00,186m,9%,9.3,1449Mi,37%,756,37,37.8
14:22:00,184m,9%,9.2,1449Mi,37%,756,37,37.8
14:23:00,177m,8%,8.85,1449Mi,37%,768,38,38.4
14:24:00,226m,11%,11.3,1462Mi,38%,792,39,39.6
14:25:00,252m,12%,12.6,1475Mi,38%,798,39,39.9
14:26:00,254m,12%,12.7,1484Mi,38%,816,40,40.8
14:27:00,265m,13%,13.25,1501Mi,39%,834,41,41.7
14:28:00,280m,14%,14,1535Mi,39%,840,42,42
14:29:00,252m,12%,12.6,1540Mi,40%,858,42,42.9
14:30:00,291m,14%,14.55,1554Mi,40%,876,43,43.8
14:31:00,304m,15%,15.2,1580Mi,41%,900,45,45
14:32:00,388m,19%,19.4,1593Mi,41%,912,45,45.6
14:33:00,372m,18%,18.6,1603Mi,41%,930,46,46.5
14:34:00,333m,16%,16.65,1623Mi,42%,936,46,46.8
14:35:00,277m,13%,13.85,1631Mi,42%,954,47,47.7
14:36:00,343m,17%,17.15,1654Mi,43%,954,47,47.7
14:37:01,379m,18%,18.95,1662Mi,43%,954,47,47.7
14:38:00,395m,19%,19.75,1658Mi,43%,966,48,48.3
14:39:00,369m,18%,18.45,1669Mi,43%,966,48,48.3
14:40:00,437m,21%,21.85,1676Mi,43%,948,47,47.4
14:41:00,414m,20%,20.7,1672Mi,43%,960,48,48
14:42:01,409m,20%,20.45,1678Mi,43%,960,48,48
14:43:00,456m,22%,22.8,1684Mi,43%,966,48,48.3
14:44:00,446m,22%,22.3,1684Mi,43%,960,48,48
14:45:00,464m,23%,23.2,1684Mi,43%,948,47,47.4
14:46:00,445m,22%,22.25,1682Mi,43%,942,47,47.1
14:47:00,504m,25%,25.2,1697Mi,44%,954,47,47.7
14:48:00,412m,20%,20.6,1688Mi,43%,942,47,47.1
14:49:00,472m,23%,23.6,1683Mi,43%,948,47,47.4
14:50:00,444m,22%,22.2,1704Mi,44%,954,47,47.7
14:51:00,465m,23%,23.25,1692Mi,44%,948,47,47.4
14:52:00,509m,25%,25.45,1697Mi,44%,942,47,47.1
14:53:00,559m,27%,27.95,1700Mi,44%,942,47,47.1
14:54:00,393m,19%,19.65,1689Mi,43%,936,46,46.8
14:55:00,537m,26%,26.85,1702Mi,44%,924,46,46.2
14:56:00,561m,28%,28.05,1684Mi,43%,918,45,45.9
14:57:00,591m,29%,29.55,1679Mi,43%,924,46,46.2
14:58:00,492m,24%,24.6,1678Mi,43%,936,46,46.8
14:59:00,421m,21%,21.05,1689Mi,43%,924,46,46.2
15:00:00,599m,29%,29.95,1686Mi,43%,924,46,46.2
15:01:00,659m,32%,32.95,1694Mi,44%,930,46,46.5
15:02:00,452m,22%,22.6,1687Mi,43%,930,46,46.5
15:03:00,598m,29%,29.9,1684Mi,43%,936,46,46.8
15:04:00,553m,27%,27.65,1692Mi,44%,936,46,46.8
15:05:00,515m,25%,25.75,1694Mi,44%,936,46,46.8
15:06:01,547m,27%,27.35,1707Mi,44%,942,47,47.1
15:07:00,638m,31%,31.9,1700Mi,44%,942,47,47.1
15:08:00,527m,26%,26.35,1701Mi,44%,960,48,48
15:09:00,431m,21%,21.55,1714Mi,44%,960,48,48
15:10:00,556m,27%,27.8,1720Mi,44%,966,48,48.3
15:11:00,562m,28%,28.1,1723Mi,44%,948,47,47.4
15:12:00,721m,36%,36.05,1725Mi,44%,948,47,47.4
15:13:01,641m,32%,32.05,1730Mi,45%,942,47,47.1
15:14:00,719m,35%,35.95,1713Mi,44%,942,47,47.1
15:15:00,564m,28%,28.2,1727Mi,44%,954,47,47.7
15:16:00,658m,32%,32.9,1719Mi,44%,942,47,47.1
15:17:00,753m,37%,37.65,1718Mi,44%,942,47,47.1
15:18:00,608m,30%,30.4,1721Mi,44%,936,46,46.8
15:19:00,812m,40%,40.6,1722Mi,44%,930,46,46.5
15:20:00,841m,42%,42.05,1729Mi,45%,936,46,46.8
15:21:00,701m,35%,35.05,1744Mi,45%,942,47,47.1
15:22:00,806m,40%,40.3,1729Mi,45%,936,46,46.8
15:23:00,640m,32%,32,1730Mi,45%,933,46,46.65
15:24:00,787m,39%,39.35,1732Mi,45%,926,46,46.3
15:25:00,500m,25%,25,1740Mi,45%,929,46,46.45
15:26:00,709m,35%,35.45,1750Mi,45%,932,46,46.6
15:27:00,721m,36%,36.05,1751Mi,45%,925,46,46.25
15:28:01,654m,32%,32.7,1739Mi,45%,917,45,45.85
15:29:00,827m,41%,41.35,1737Mi,45%,915,45,45.75
15:30:00,798m,39%,39.9,1753Mi,45%,914,45,45.7
15:31:00,842m,42%,42.1,1749Mi,45%,885,44,44.25
15:32:00,1093m,54%,54.65,1736Mi,45%,863,43,43.15
15:33:00,1087m,54%,54.35,1720Mi,44%,845,42,42.25
15:34:00,1262m,63%,63.1,1703Mi,44%,827,41,41.35
15:35:00,907m,45%,45.35,1699Mi,44%,820,41,41
15:36:00,908m,45%,45.4,1678Mi,43%,815,40,40.75
15:37:00,973m,48%,48.65,1687Mi,43%,810,40,40.5
15:38:00,886m,44%,44.3,1682Mi,43%,810,40,40.5
15:39:01,476m,23%,23.8,1670Mi,43%,815,40,40.75
15:40:00,687m,34%,34.35,1674Mi,43%,810,40,40.5
15:41:00,914m,45%,45.7,1685Mi,43%,820,41,41
15:42:01,314m,15%,15.7,1673Mi,43%,815,40,40.75
15:43:00,1032m,51%,51.6,1676Mi,43%,825,41,41.25
15:44:00,633m,31%,31.65,1677Mi,43%,830,41,41.5
15:45:00,474m,23%,23.7,1680Mi,43%,825,41,41.25
15:46:00,711m,35%,35.55,1678Mi,43%,820,41,41
15:47:00,994m,49%,49.7,1676Mi,43%,825,41,41.25
15:48:00,738m,36%,36.9,1692Mi,44%,830,41,41.5
15:49:00,499m,24%,24.95,1682Mi,43%,825,41,41.25
15:50:01,1088m,54%,54.4,1695Mi,44%,820,41,41
15:51:00,952m,47%,47.6,1686Mi,43%,825,41,41.25
15:52:00,697m,34%,34.85,1690Mi,44%,830,41,41.5
15:53:00,713m,35%,35.65,1686Mi,43%,835,41,41.75
15:54:00,744m,37%,37.2,1693Mi,44%,840,42,42
15:55:00,758m,37%,37.9,1699Mi,44%,830,41,41.5
15:56:01,787m,39%,39.35,1696Mi,44%,825,41,41.25
15:57:00,1064m,53%,53.2,1692Mi,44%,830,41,41.5
15:58:00,771m,38%,38.55,1695Mi,44%,830,41,41.5
15:59:00,1001m,50%,50.05,1690Mi,43%,825,41,41.25
16:00:00,1050m,52%,52.5,1690Mi,43%,815,40,40.75
16:01:00,975m,48%,48.75,1693Mi,44%,815,40,40.75
16:02:00,815m,40%,40.75,1685Mi,43%,830,41,41.5
16:03:00,412m,20%,20.6,1711Mi,44%,825,41,41.25
16:04:00,1142m,57%,57.1,1704Mi,44%,825,41,41.25
16:05:00,1049m,52%,52.45,1701Mi,44%,825,41,41.25
16:06:00,764m,38%,38.2,1696Mi,44%,830,41,41.5
16:07:00,808m,40%,40.4,1696Mi,44%,830,41,41.5
16:08:00,813m,40%,40.65,1714Mi,44%,835,41,41.75
16:09:00,806m,40%,40.3,1724Mi,44%,835,41,41.75
16:10:00,874m,43%,43.7,1709Mi,44%,825,41,41.25
16:11:00,1149m,57%,57.45,1718Mi,44%,820,41,41
16:12:00,1051m,52%,52.55,1709Mi,44%,825,41,41.25
16:13:00,805m,40%,40.25,1714Mi,44%,815,40,40.75
16:14:00,1106m,55%,55.3,1699Mi,44%,820,41,41
16:15:00,841m,42%,42.05,1714Mi,44%,815,40,40.75
16:16:01,835m,41%,41.75,1696Mi,44%,820,41,41
16:17:00,882m,44%,44.1,1700Mi,44%,820,41,41
16:18:00,881m,44%,44.05,1700Mi,44%,825,41,41.25
16:19:00,770m,38%,38.5,1703Mi,44%,825,41,41.25
16:20:00,965m,48%,48.25,1703Mi,44%,825,41,41.25
16:21:00,831m,41%,41.55,1708Mi,44%,825,41,41.25
16:22:00,950m,47%,47.5,1696Mi,44%,830,41,41.5
16:23:00,740m,37%,37,1710Mi,44%,834,41,41.7
16:24:00,1039m,51%,51.95,1699Mi,44%,828,41,41.4
16:25:00,1040m,52%,52,1711Mi,44%,839,41,41.95
16:26:00,859m,42%,42.95,1707Mi,44%,838,41,41.9
16:27:00,1213m,60%,60.65,1698Mi,44%,852,42,42.6
16:28:00,584m,29%,29.2,1703Mi,44%,851,42,42.55
16:29:00,1153m,57%,57.65,1709Mi,44%,862,43,43.1
16:30:00,984m,49%,49.2,1705Mi,44%,869,43,43.45
16:31:00,565m,28%,28.25,1709Mi,44%,869,43,43.45
16:32:00,926m,46%,46.3,1726Mi,44%,869,43,43.45
16:33:00,1214m,60%,60.7,1710Mi,44%,869,43,43.45
16:34:00,881m,44%,44.05,1721Mi,44%,869,43,43.45
16:35:01,934m,46%,46.7,1710Mi,44%,848,42,42.4
16:36:00,1053m,52%,52.65,1701Mi,44%,855,42,42.75
16:37:00,933m,46%,46.65,1706Mi,44%,848,42,42.4
16:38:00,1023m,51%,51.15,1716Mi,44%,855,42,42.75
16:39:00,952m,47%,47.6,1704Mi,44%,855,42,42.75
16:40:01,918m,45%,45.9,1705Mi,44%,855,42,42.75
16:41:00,904m,45%,45.2,1705Mi,44%,848,42,42.4
16:42:00,1141m,57%,57.05,1723Mi,44%,869,43,43.45
16:43:00,402m,20%,20.1,1717Mi,44%,869,43,43.45
16:44:00,938m,46%,46.9,1732Mi,45%,869,43,43.45
16:45:00,1066m,53%,53.3,1717Mi,44%,869,43,43.45
16:46:00,845m,42%,42.25,1717Mi,44%,862,43,43.1
16:47:00,937m,46%,46.85,1714Mi,44%,855,42,42.75
16:48:00,945m,47%,47.25,1713Mi,44%,855,42,42.75
16:49:00,1270m,63%,63.5,1721Mi,44%,841,42,42.05
16:50:00,889m,44%,44.45,1714Mi,44%,841,42,42.05
16:51:01,937m,46%,46.85,1721Mi,44%,841,42,42.05
16:52:00,1110m,55%,55.5,1706Mi,44%,827,41,41.35
16:53:00,830m,41%,41.5,1710Mi,44%,841,42,42.05
16:54:00,617m,30%,30.85,1720Mi,44%,848,42,42.4
16:55:00,956m,47%,47.8,1707Mi,44%,848,42,42.4
16:56:00,887m,44%,44.35,1708Mi,44%,841,42,42.05
16:57:00,754m,37%,37.7,1708Mi,44%,841,42,42.05
16:58:00,1069m,53%,53.45,1721Mi,44%,841,42,42.05
16:59:00,934m,46%,46.7,1708Mi,44%,848,42,42.4
17:00:00,865m,43%,43.25,1713Mi,44%,834,41,41.7
17:01:00,967m,48%,48.35,1703Mi,44%,834,41,41.7
17:02:00,1081m,54%,54.05,1714Mi,44%,834,41,41.7
17:03:00,1164m,58%,58.2,1702Mi,44%,841,42,42.05
17:04:01,647m,32%,32.35,1707Mi,44%,841,42,42.05
17:05:00,1007m,50%,50.35,1722Mi,44%,841,42,42.05
17:06:00,830m,41%,41.5,1726Mi,44%,834,41,41.7
17:07:00,1295m,64%,64.75,1715Mi,44%,848,42,42.4
17:08:00,498m,24%,24.9,1729Mi,44%,848,42,42.4
17:09:00,955m,47%,47.75,1737Mi,45%,855,42,42.75
17:10:00,1067m,53%,53.35,1731Mi,45%,841,42,42.05
17:11:00,1195m,59%,59.75,1727Mi,44%,848,42,42.4
17:12:00,725m,36%,36.25,1726Mi,44%,841,42,42.05
17:13:00,1064m,53%,53.2,1728Mi,44%,855,42,42.75
17:14:00,1085m,54%,54.25,1733Mi,45%,848,42,42.4
17:15:00,942m,47%,47.1,1733Mi,45%,869,43,43.45
17:16:00,817m,40%,40.85,1741Mi,45%,862,43,43.1
17:17:00,1083m,54%,54.15,1741Mi,45%,855,42,42.75
17:18:00,909m,45%,45.45,1751Mi,45%,848,42,42.4
17:19:00,1027m,51%,51.35,1747Mi,45%,848,42,42.4
17:20:00,896m,44%,44.8,1742Mi,45%,834,41,41.7
17:21:00,1148m,57%,57.4,1739Mi,45%,841,42,42.05
17:22:00,1071m,53%,53.55,1736Mi,45%,834,41,41.7
17:23:00,1274m,63%,63.7,1736Mi,45%,830,41,41.5
17:24:00,1235m,61%,61.75,1728Mi,44%,826,41,41.3
17:25:00,1095m,54%,54.75,1729Mi,45%,839,41,41.95
17:26:00,797m,39%,39.85,1738Mi,45%,830,41,41.5
17:27:00,748m,37%,37.4,1739Mi,45%,840,42,42
17:28:00,536m,26%,26.8,1750Mi,45%,834,41,41.7
17:29:00,1192m,59%,59.6,1756Mi,45%,825,41,41.25
17:30:00,1053m,52%,52.65,1740Mi,45%,840,42,42
17:31:00,561m,28%,28.05,1754Mi,45%,840,42,42
17:32:00,1067m,53%,53.35,1754Mi,45%,845,42,42.25
17:33:00,1215m,60%,60.75,1771Mi,46%,850,42,42.5
17:34:00,1023m,51%,51.15,1774Mi,46%,855,42,42.75
17:35:00,1410m,70%,70.5,1768Mi,46%,850,42,42.5
17:36:00,953m,47%,47.65,1764Mi,45%,850,42,42.5
17:37:00,1271m,63%,63.55,1761Mi,45%,860,43,43
17:38:00,1057m,52%,52.85,1764Mi,45%,845,42,42.25
17:39:00,787m,39%,39.35,1774Mi,46%,860,43,43
17:40:00,1224m,61%,61.2,1771Mi,46%,860,43,43
17:41:00,1356m,67%,67.8,1779Mi,46%,850,42,42.5
17:42:00,1088m,54%,54.4,1765Mi,45%,855,42,42.75
17:43:00,1041m,52%,52.05,1771Mi,46%,855,42,42.75
17:44:00,1296m,64%,64.8,1766Mi,45%,865,43,43.25
17:45:00,801m,40%,40.05,1771Mi,46%,870,43,43.5
17:46:00,1002m,50%,50.1,1778Mi,46%,865,43,43.25
17:47:01,1048m,52%,52.4,1775Mi,46%,850,42,42.5
17:48:00,1047m,52%,52.35,1781Mi,46%,845,42,42.25
17:49:00,1360m,68%,68,1773Mi,46%,860,43,43
17:50:00,925m,46%,46.25,1775Mi,46%,850,42,42.5
17:51:00,1133m,56%,56.65,1785Mi,46%,850,42,42.5
17:52:00,1104m,55%,55.2,1770Mi,46%,835,41,41.75
17:53:00,1075m,53%,53.75,1760Mi,45%,825,41,41.25
17:54:00,975m,48%,48.75,1765Mi,45%,825,41,41.25
17:55:00,1113m,55%,55.65,1766Mi,45%,830,41,41.5
17:56:00,1299m,64%,64.95,1760Mi,45%,840,42,42
17:57:00,807m,40%,40.35,1763Mi,45%,830,41,41.5
17:58:00,1017m,50%,50.85,1762Mi,45%,830,41,41.5
17:59:00,1248m,62%,62.4,1776Mi,46%,835,41,41.75
18:00:00,1111m,55%,55.55,1779Mi,46%,855,42,42.75
18:01:00,701m,35%,35.05,1796Mi,46%,860,43,43
18:02:00,737m,36%,36.85,1797Mi,46%,865,43,43.25
18:03:00,1149m,57%,57.45,1796Mi,46%,870,43,43.5
18:04:00,1107m,55%,55.35,1803Mi,46%,860,43,43
18:05:00,1401m,70%,70.05,1801Mi,46%,875,43,43.75
18:06:00,1091m,54%,54.55,1804Mi,46%,880,44,44
18:07:00,916m,45%,45.8,1811Mi,47%,865,43,43.25
18:08:00,1341m,67%,67.05,1817Mi,47%,865,43,43.25
18:09:00,1269m,63%,63.45,1805Mi,46%,875,43,43.75
18:10:00,1328m,66%,66.4,1809Mi,47%,865,43,43.25
18:11:00,1126m,56%,56.3,1818Mi,47%,860,43,43
18:12:01,1093m,54%,54.65,1802Mi,46%,870,43,43.5
18:13:00,1098m,54%,54.9,1820Mi,47%,875,43,43.75
18:14:00,1417m,70%,70.85,1815Mi,47%,865,43,43.25
18:15:00,1147m,57%,57.35,1817Mi,47%,865,43,43.25
18:16:00,1106m,55%,55.3,1818Mi,47%,855,42,42.75
18:17:00,1303m,65%,65.15,1807Mi,47%,855,42,42.75
18:18:01,1114m,55%,55.7,1805Mi,46%,845,42,42.25
18:19:00,1417m,70%,70.85,1806Mi,47%,840,42,42
18:20:00,1094m,54%,54.7,1796Mi,46%,840,42,42
18:21:00,1001m,50%,50.05,1796Mi,46%,840,42,42
18:22:01,1094m,54%,54.7,1800Mi,46%,835,41,41.75
18:23:00,1379m,68%,68.95,1803Mi,46%,832,41,41.6
18:24:00,1102m,55%,55.1,1796Mi,46%,839,41,41.95
18:25:00,1198m,59%,59.9,1791Mi,46%,835,41,41.75
18:26:00,1191m,59%,59.55,1795Mi,46%,842,42,42.1
18:27:00,625m,31%,31.25,1802Mi,46%,838,41,41.9
18:28:01,1220m,61%,61,1799Mi,46%,829,41,41.45
18:29:00,1117m,55%,55.85,1781Mi,46%,831,41,41.55
18:30:00,1081m,54%,54.05,1784Mi,46%,833,41,41.65
18:31:00,1079m,53%,53.95,1783Mi,46%,822,41,41.1
18:32:00,1401m,70%,70.05,1772Mi,46%,816,40,40.8
18:33:00,1198m,59%,59.9,1784Mi,46%,810,40,40.5
18:34:00,1051m,52%,52.55,1773Mi,46%,822,41,41.1
18:35:00,1286m,64%,64.3,1771Mi,46%,822,41,41.1
18:36:00,866m,43%,43.3,1771Mi,46%,822,41,41.1
18:37:01,884m,44%,44.2,1771Mi,46%,822,41,41.1
18:38:00,904m,45%,45.2,1772Mi,46%,816,40,40.8
18:39:00,1237m,61%,61.85,1768Mi,46%,822,41,41.1
18:40:00,926m,46%,46.3,1771Mi,46%,822,41,41.1
18:41:00,878m,43%,43.9,1772Mi,46%,822,41,41.1
18:42:00,1047m,52%,52.35,1771Mi,46%,816,40,40.8
18:43:00,1030m,51%,51.5,1773Mi,46%,816,40,40.8
18:44:00,1051m,52%,52.55,1782Mi,46%,816,40,40.8
18:45:01,1029m,51%,51.45,1774Mi,46%,816,40,40.8
18:46:00,1029m,51%,51.45,1772Mi,46%,822,41,41.1
18:47:00,694m,34%,34.7,1780Mi,46%,822,41,41.1
18:48:00,951m,47%,47.55,1782Mi,46%,828,41,41.4
18:49:00,990m,49%,49.5,1781Mi,46%,834,41,41.7
18:50:00,1201m,60%,60.05,1779Mi,46%,834,41,41.7
18:51:01,974m,48%,48.7,1778Mi,46%,840,42,42
18:52:00,909m,45%,45.45,1782Mi,46%,846,42,42.3
18:53:00,936m,46%,46.8,1785Mi,46%,846,42,42.3
18:54:00,1131m,56%,56.55,1785Mi,46%,840,42,42
18:55:00,1102m,55%,55.1,1782Mi,46%,834,41,41.7
18:56:01,1068m,53%,53.4,1791Mi,46%,840,42,42
18:57:00,1144m,57%,57.2,1782Mi,46%,834,41,41.7
18:58:00,927m,46%,46.35,1780Mi,46%,834,41,41.7
18:59:00,1072m,53%,53.6,1791Mi,46%,828,41,41.4
19:00:00,1059m,52%,52.95,1793Mi,46%,840,42,42
19:01:00,1254m,62%,62.7,1807Mi,47%,840,42,42
19:02:00,1020m,51%,51,1806Mi,47%,846,42,42.3
19:03:00,1057m,52%,52.85,1803Mi,46%,840,42,42
19:04:00,1165m,58%,58.25,1806Mi,46%,834,41,41.7
19:05:00,1192m,59%,59.6,1796Mi,46%,846,42,42.3
19:06:00,857m,42%,42.85,1812Mi,47%,846,42,42.3
19:07:01,1130m,56%,56.5,1796Mi,46%,846,42,42.3
19:08:00,1020m,51%,51,1797Mi,46%,834,41,41.7
19:09:00,1191m,59%,59.55,1800Mi,46%,828,41,41.4
19:10:00,1275m,63%,63.75,1789Mi,46%,840,42,42
19:11:00,1070m,53%,53.5,1792Mi,46%,840,42,42
19:12:00,732m,36%,36.6,1809Mi,47%,840,42,42
19:13:00,1185m,59%,59.25,1808Mi,47%,834,41,41.7
19:14:00,1169m,58%,58.45,1803Mi,46%,846,42,42.3
19:15:00,1146m,57%,57.3,1803Mi,46%,840,42,42
19:16:00,1070m,53%,53.5,1802Mi,46%,846,42,42.3
19:17:00,918m,45%,45.9,1798Mi,46%,846,42,42.3
19:18:00,1157m,57%,57.85,1819Mi,47%,846,42,42.3
19:19:00,1269m,63%,63.45,1809Mi,47%,858,42,42.9
19:20:00,1370m,68%,68.5,1801Mi,46%,852,42,42.6
19:21:00,1059m,52%,52.95,1802Mi,46%,846,42,42.3
19:22:00,1015m,50%,50.75,1799Mi,46%,834,41,41.7
19:23:00,1171m,58%,58.55,1805Mi,46%,846,42,42.3
19:24:00,1107m,55%,55.35,1810Mi,47%,846,42,42.3
19:25:00,1095m,54%,54.75,1800Mi,46%,828,41,41.4
19:26:01,1025m,51%,51.25,1790Mi,46%,840,42,42
19:27:00,1130m,56%,56.5,1801Mi,46%,840,42,42
19:28:00,1033m,51%,51.65,1805Mi,46%,846,42,42.3
19:29:00,1194m,59%,59.7,1811Mi,47%,846,42,42.3
19:30:00,1071m,53%,53.55,1806Mi,46%,846,42,42.3
19:31:00,979m,48%,48.95,1812Mi,47%,870,43,43.5
19:32:00,986m,49%,49.3,1814Mi,47%,888,44,44.4
19:33:00,950m,47%,47.5,1834Mi,47%,900,45,45
19:34:00,635m,31%,31.75,1846Mi,48%,906,45,45.3
19:35:01,1232m,61%,61.6,1835Mi,47%,912,45,45.6
19:36:00,1219m,60%,60.95,1839Mi,47%,912,45,45.6
19:37:00,893m,44%,44.65,1853Mi,48%,918,45,45.9
19:38:00,1386m,69%,69.3,1864Mi,48%,930,46,46.5
19:39:00,1376m,68%,68.8,1852Mi,48%,936,46,46.8
19:40:00,1166m,58%,58.3,1852Mi,48%,948,47,47.4
19:41:00,1100m,55%,55,1866Mi,48%,948,47,47.4
19:42:00,1131m,56%,56.55,1866Mi,48%,924,46,46.2
19:43:00,1187m,59%,59.35,1870Mi,48%,924,46,46.2
19:44:00,1427m,71%,71.35,1856Mi,48%,924,46,46.2
19:45:00,1429m,71%,71.45,1872Mi,48%,936,46,46.8
19:46:01,1411m,70%,70.55,1861Mi,48%,924,46,46.2
19:47:00,1205m,60%,60.25,1860Mi,48%,924,46,46.2
19:48:00,1294m,64%,64.7,1859Mi,48%,906,45,45.3
19:49:00,1196m,59%,59.8,1855Mi,48%,888,44,44.4
19:50:01,1526m,76%,76.3,1859Mi,48%,894,44,44.7
19:51:00,1516m,75%,75.8,1866Mi,48%,888,44,44.4
19:52:00,1430m,71%,71.5,1865Mi,48%,888,44,44.4
19:53:00,1210m,60%,60.5,1864Mi,48%,912,45,45.6
19:54:00,1150m,57%,57.5,1872Mi,48%,900,45,45
19:55:00,1392m,69%,69.6,1870Mi,48%,882,44,44.1
19:56:00,1423m,71%,71.15,1868Mi,48%,882,44,44.1
19:57:00,1425m,71%,71.25,1862Mi,48%,894,44,44.7
19:58:01,1374m,68%,68.7,1861Mi,48%,894,44,44.7
19:59:00,1203m,60%,60.15,1877Mi,48%,912,45,45.6
20:00:00,1000m,50%,50,1872Mi,48%,900,45,45
20:01:00,991m,49%,49.55,1873Mi,48%,894,44,44.7
20:02:00,1402m,70%,70.1,1870Mi,48%,888,44,44.4
20:03:00,1440m,72%,72,1862Mi,48%,906,45,45.3
20:04:01,1343m,67%,67.15,1869Mi,48%,888,44,44.4
20:05:00,1400m,70%,70,1864Mi,48%,906,45,45.3
20:06:00,1258m,62%,62.9,1885Mi,49%,918,45,45.9
20:07:00,916m,45%,45.8,1889Mi,49%,912,45,45.6
20:08:00,1399m,69%,69.95,1882Mi,48%,918,45,45.9
20:09:00,1391m,69%,69.55,1888Mi,49%,918,45,45.9
20:10:00,1314m,65%,65.7,1880Mi,48%,906,45,45.3
20:11:00,1175m,58%,58.75,1878Mi,48%,918,45,45.9
20:12:00,847m,42%,42.35,1898Mi,49%,912,45,45.6
20:13:00,1084m,54%,54.2,1890Mi,49%,912,45,45.6
20:14:01,1441m,72%,72.05,1892Mi,49%,906,45,45.3
20:15:00,1411m,70%,70.55,1889Mi,49%,900,45,45
20:16:00,1190m,59%,59.5,1881Mi,48%,912,45,45.6
20:17:01,1406m,70%,70.3,1889Mi,49%,912,45,45.6
20:18:00,1343m,67%,67.15,1875Mi,48%,912,45,45.6
20:19:00,1019m,50%,50.95,1893Mi,49%,906,45,45.3
20:20:00,1431m,71%,71.55,1883Mi,49%,900,45,45
20:21:00,1363m,68%,68.15,1889Mi,49%,918,45,45.9
20:22:00,1001m,50%,50.05,1884Mi,49%,900,45,45
20:23:00,1167m,58%,58.35,1884Mi,49%,900,45,45
20:24:00,599m,29%,29.95,1886Mi,49%,887,44,44.35
20:25:00,1431m,71%,71.55,1881Mi,48%,890,44,44.5
20:26:00,1418m,70%,70.9,1888Mi,49%,893,44,44.65
20:27:01,1356m,67%,67.8,1876Mi,48%,874,43,43.7
20:28:00,1162m,58%,58.1,1867Mi,48%,860,43,43
20:29:00,1348m,67%,67.4,1876Mi,48%,864,43,43.2
20:30:00,1379m,68%,68.95,1877Mi,48%,851,42,42.55
20:31:00,1234m,61%,61.7,1876Mi,48%,849,42,42.45
20:32:00,1421m,71%,71.05,1857Mi,48%,841,42,42.05
20:33:00,1127m,56%,56.35,1862Mi,48%,850,42,42.5
20:34:00,897m,44%,44.85,1861Mi,48%,840,42,42
20:35:01,1392m,69%,69.6,1860Mi,48%,840,42,42
20:36:00,1424m,71%,71.2,1870Mi,48%,850,42,42.5
20:37:00,1289m,64%,64.45,1862Mi,48%,845,42,42.25
20:38:00,973m,48%,48.65,1874Mi,48%,840,42,42
20:39:00,1217m,60%,60.85,1874Mi,48%,850,42,42.5
20:40:00,1203m,60%,60.15,1863Mi,48%,835,41,41.75
20:41:00,1006m,50%,50.3,1869Mi,48%,855,42,42.75
20:42:00,1189m,59%,59.45,1867Mi,48%,835,41,41.75
20:43:00,1358m,67%,67.9,1865Mi,48%,840,42,42
20:44:00,1021m,51%,51.05,1865Mi,48%,830,41,41.5
20:45:00,1386m,69%,69.3,1866Mi,48%,830,41,41.5
20:46:00,1426m,71%,71.3,1866Mi,48%,840,42,42
20:47:00,1205m,60%,60.25,1866Mi,48%,835,41,41.75
20:48:00,1306m,65%,65.3,1874Mi,48%,835,41,41.75
20:49:01,812m,40%,40.6,1864Mi,48%,840,42,42
20:50:00,1387m,69%,69.35,1882Mi,48%,825,41,41.25
20:51:00,1112m,55%,55.6,1861Mi,48%,835,41,41.75
20:52:00,956m,47%,47.8,1864Mi,48%,825,41,41.25
20:53:00,1293m,64%,64.65,1866Mi,48%,825,41,41.25
20:54:00,628m,31%,31.4,1854Mi,48%,810,40,40.5
20:55:00,1126m,56%,56.3,1863Mi,48%,810,40,40.5
20:56:00,1284m,64%,64.2,1874Mi,48%,825,41,41.25
20:57:00,1425m,71%,71.25,1870Mi,48%,825,41,41.25
20:58:00,1345m,67%,67.25,1862Mi,48%,825,41,41.25
20:59:00,1138m,56%,56.9,1876Mi,48%,825,41,41.25
21:00:00,1075m,53%,53.75,1881Mi,48%,835,41,41.75
21:01:00,1388m,69%,69.4,1876Mi,48%,840,42,42
21:02:00,1160m,57%,58,1884Mi,49%,850,42,42.5
21:03:00,1227m,61%,61.35,1884Mi,49%,860,43,43
21:04:00,883m,44%,44.15,1903Mi,49%,850,42,42.5
21:05:00,1383m,69%,69.15,1899Mi,49%,835,41,41.75
21:06:01,1418m,70%,70.9,1885Mi,49%,850,42,42.5
21:07:00,1344m,67%,67.2,1900Mi,49%,840,42,42
21:08:00,1401m,70%,70.05,1890Mi,49%,850,42,42.5
21:09:01,731m,36%,36.55,1896Mi,49%,835,41,41.75
21:10:00,1414m,70%,70.7,1897Mi,49%,835,41,41.75
21:11:00,1266m,63%,63.3,1879Mi,48%,830,41,41.5
21:12:00,1415m,70%,70.75,1888Mi,49%,835,41,41.75
21:13:00,1412m,70%,70.6,1887Mi,49%,850,42,42.5
21:14:00,1271m,63%,63.55,1897Mi,49%,840,42,42
21:15:00,1371m,68%,68.55,1897Mi,49%,830,41,41.5
21:16:00,1412m,70%,70.6,1880Mi,48%,850,42,42.5
21:17:00,1220m,61%,61,1897Mi,49%,835,41,41.75
21:18:00,1334m,66%,66.7,1876Mi,48%,845,42,42.25
21:19:00,1199m,59%,59.95,1900Mi,49%,840,42,42
21:20:00,1374m,68%,68.7,1893Mi,49%,840,42,42
21:21:00,1131m,56%,56.55,1886Mi,49%,835,41,41.75
21:22:00,1403m,70%,70.15,1894Mi,49%,820,41,41
21:23:00,1388m,69%,69.4,1881Mi,48%,842,42,42.1
21:24:00,993m,49%,49.65,1898Mi,49%,838,41,41.9
21:25:00,1250m,62%,62.5,1890Mi,49%,824,41,41.2
21:26:00,1390m,69%,69.5,1871Mi,48%,831,41,41.55
21:27:00,1064m,53%,53.2,1884Mi,49%,821,41,41.05
21:28:00,1376m,68%,68.8,1870Mi,48%,828,41,41.4
21:29:00,935m,46%,46.75,1886Mi,49%,824,41,41.2
21:30:00,1387m,69%,69.35,1867Mi,48%,819,40,40.95
21:31:01,1012m,50%,50.6,1879Mi,48%,814,40,40.7
21:32:00,1214m,60%,60.7,1873Mi,48%,804,40,40.2
21:33:00,1392m,69%,69.6,1855Mi,48%,804,40,40.2
21:34:00,905m,45%,45.25,1856Mi,48%,792,39,39.6
21:35:00,1391m,69%,69.55,1853Mi,48%,810,40,40.5
21:36:00,1130m,56%,56.5,1859Mi,48%,804,40,40.2
21:37:00,1071m,53%,53.55,1865Mi,48%,816,40,40.8
21:38:01,1003m,50%,50.15,1861Mi,48%,816,40,40.8
21:39:00,1278m,63%,63.9,1863Mi,48%,816,40,40.8
21:40:00,912m,45%,45.6,1877Mi,48%,822,41,41.1
21:41:01,1125m,56%,56.25,1873Mi,48%,816,40,40.8
21:42:00,1167m,58%,58.35,1862Mi,48%,828,41,41.4
21:43:00,991m,49%,49.55,1869Mi,48%,816,40,40.8
21:44:00,1143m,57%,57.15,1871Mi,48%,822,41,41.1
21:45:00,1400m,70%,70,1877Mi,48%,822,41,41.1
21:46:00,1013m,50%,50.65,1874Mi,48%,816,40,40.8
21:47:00,1394m,69%,69.7,1877Mi,48%,810,40,40.5
21:48:00,1370m,68%,68.5,1874Mi,48%,816,40,40.8
21:49:01,979m,48%,48.95,1862Mi,48%,816,40,40.8
21:50:00,1395m,69%,69.75,1862Mi,48%,810,40,40.5
21:51:00,916m,45%,45.8,1874Mi,48%,810,40,40.5
21:52:00,1375m,68%,68.75,1870Mi,48%,822,41,41.1
21:53:00,1060m,53%,53,1878Mi,48%,804,40,40.2
21:54:00,1407m,70%,70.35,1879Mi,48%,816,40,40.8
21:55:00,1056m,52%,52.8,1882Mi,48%,816,40,40.8
21:56:00,1103m,55%,55.15,1882Mi,48%,816,40,40.8
21:57:00,1091m,54%,54.55,1875Mi,48%,822,41,41.1
21:58:00,1034m,51%,51.7,1891Mi,49%,822,41,41.1
21:59:00,1400m,70%,70,1884Mi,49%,828,41,41.4
22:00:00,861m,43%,43.05,1879Mi,48%,810,40,40.5
22:01:01,1399m,69%,69.95,1883Mi,49%,816,40,40.8
22:02:00,1027m,51%,51.35,1872Mi,48%,810,40,40.5
22:03:01,1214m,60%,60.7,1868Mi,48%,810,40,40.5
22:04:00,1386m,69%,69.3,1878Mi,48%,810,40,40.5
22:05:00,1160m,57%,58,1884Mi,49%,810,40,40.5
22:06:00,1065m,53%,53.25,1883Mi,49%,816,40,40.8
22:07:00,1131m,56%,56.55,1887Mi,49%,804,40,40.2
22:08:00,1362m,68%,68.1,1877Mi,48%,822,41,41.1
22:09:00,1316m,65%,65.8,1875Mi,48%,822,41,41.1
22:10:00,939m,46%,46.95,1879Mi,48%,822,41,41.1
22:11:01,1374m,68%,68.7,1886Mi,49%,834,41,41.7
22:12:00,929m,46%,46.45,1885Mi,49%,822,41,41.1
22:13:00,1075m,53%,53.75,1889Mi,49%,822,41,41.1
22:14:00,1211m,60%,60.55,1888Mi,49%,828,41,41.4
22:15:01,1108m,55%,55.4,1888Mi,49%,822,41,41.1
22:16:00,1365m,68%,68.25,1890Mi,49%,828,41,41.4
22:17:00,1057m,52%,52.85,1895Mi,49%,816,40,40.8
22:18:00,1374m,68%,68.7,1878Mi,48%,828,41,41.4
22:19:00,1069m,53%,53.45,1887Mi,49%,810,40,40.5
22:20:00,1397m,69%,69.85,1885Mi,49%,828,41,41.4
22:21:00,1197m,59%,59.85,1880Mi,48%,822,41,41.1
22:22:00,1041m,52%,52.05,1876Mi,48%,822,41,41.1
22:23:00,1379m,68%,68.95,1892Mi,49%,822,41,41.1
22:24:00,754m,37%,37.7,1883Mi,49%,814,40,40.7
22:25:00,1294m,64%,64.7,1884Mi,49%,834,41,41.7
22:26:00,1275m,63%,63.75,1877Mi,48%,816,40,40.8
22:27:00,1219m,60%,60.95,1877Mi,48%,836,41,41.8
22:28:01,1121m,56%,56.05,1881Mi,48%,834,41,41.7
22:29:00,983m,49%,49.15,1879Mi,48%,822,41,41.1
22:30:00,1384m,69%,69.2,1881Mi,48%,810,40,40.5
22:31:00,980m,49%,49,1865Mi,48%,820,41,41
22:32:00,1234m,61%,61.7,1862Mi,48%,800,40,40
22:33:00,863m,43%,43.15,1868Mi,48%,820,41,41
22:34:00,888m,44%,44.4,1878Mi,48%,790,39,39.5
22:35:01,1389m,69%,69.45,1856Mi,48%,810,40,40.5
22:36:00,1249m,62%,62.45,1859Mi,48%,820,41,41
22:37:01,876m,43%,43.8,1871Mi,48%,810,40,40.5
22:38:00,1263m,63%,63.15,1871Mi,48%,810,40,40.5
22:39:00,1296m,64%,64.8,1865Mi,48%,830,41,41.5
22:40:00,803m,40%,40.15,1881Mi,48%,820,41,41
22:41:00,1361m,68%,68.05,1864Mi,48%,810,40,40.5
22:42:00,889m,44%,44.45,1873Mi,48%,810,40,40.5
22:43:00,1391m,69%,69.55,1869Mi,48%,810,40,40.5
22:44:00,1275m,63%,63.75,1874Mi,48%,820,41,41
22:45:00,870m,43%,43.5,1878Mi,48%,810,40,40.5
22:46:00,1260m,63%,63,1873Mi,48%,820,41,41
22:47:00,1320m,66%,66,1863Mi,48%,810,40,40.5
22:48:00,969m,48%,48.45,1875Mi,48%,810,40,40.5
22:49:00,1051m,52%,52.55,1875Mi,48%,790,39,39.5
22:50:00,1045m,52%,52.25,1864Mi,48%,810,40,40.5
22:51:00,1320m,66%,66,1867Mi,48%,800,40,40
22:52:00,1347m,67%,67.35,1856Mi,48%,800,40,40
22:53:00,757m,37%,37.85,1867Mi,48%,780,39,39
22:54:00,1339m,66%,66.95,1857Mi,48%,790,39,39.5
22:55:00,1012m,50%,50.6,1868Mi,48%,800,40,40
22:56:01,1088m,54%,54.4,1859Mi,48%,810,40,40.5
22:57:00,757m,37%,37.85,1861Mi,48%,790,39,39.5
22:58:00,1387m,69%,69.35,1870Mi,48%,800,40,40
22:59:00,1200m,60%,60,1868Mi,48%,820,41,41
23:00:00,1066m,53%,53.3,1872Mi,48%,830,41,41.5
23:01:00,1065m,53%,53.25,1876Mi,48%,820,41,41
23:02:00,1267m,63%,63.35,1873Mi,48%,820,41,41
23:03:00,1110m,55%,55.5,1871Mi,48%,840,42,42
23:04:00,1303m,65%,65.15,1869Mi,48%,830,41,41.5
23:05:00,879m,43%,43.95,1875Mi,48%,830,41,41.5
23:06:00,1398m,69%,69.9,1868Mi,48%,820,41,41
23:07:00,1256m,62%,62.8,1879Mi,48%,830,41,41.5
23:08:00,1186m,59%,59.3,1877Mi,48%,820,41,41
23:09:01,1040m,52%,52,1880Mi,48%,830,41,41.5
23:10:00,1207m,60%,60.35,1868Mi,48%,810,40,40.5
23:11:00,918m,45%,45.9,1866Mi,48%,830,41,41.5
23:12:00,954m,47%,47.7,1883Mi,49%,810,40,40.5
23:13:00,1220m,61%,61,1866Mi,48%,810,40,40.5
23:14:00,1165m,58%,58.25,1873Mi,48%,820,41,41
23:15:01,1265m,63%,63.25,1864Mi,48%,820,41,41
23:16:00,1312m,65%,65.6,1866Mi,48%,810,40,40.5
23:17:00,952m,47%,47.6,1866Mi,48%,820,41,41
23:18:00,781m,39%,39.05,1879Mi,48%,800,40,40
23:19:00,1392m,69%,69.6,1874Mi,48%,800,40,40
23:20:01,771m,38%,38.55,1861Mi,48%,800,40,40
23:21:00,1372m,68%,68.6,1873Mi,48%,800,40,40
23:22:00,1061m,53%,53.05,1874Mi,48%,800,40,40
23:23:00,1353m,67%,67.65,1863Mi,48%,818,40,40.9
23:24:00,1062m,53%,53.1,1881Mi,48%,808,40,40.4
23:25:00,1383m,69%,69.15,1868Mi,48%,814,40,40.7
23:26:00,790m,39%,39.5,1881Mi,48%,822,41,41.1
23:27:00,1107m,55%,55.35,1870Mi,48%,810,40,40.5
23:28:00,1051m,52%,52.55,1872Mi,48%,802,40,40.1
23:29:00,1379m,68%,68.95,1865Mi,48%,792,39,39.6
23:30:00,1360m,68%,68,1876Mi,48%,782,39,39.1
23:31:00,1395m,69%,69.75,1872Mi,48%,782,39,39.1
23:32:00,1143m,57%,57.15,1865Mi,48%,782,39,39.1
23:33:00,1359m,67%,67.95,1873Mi,48%,774,38,38.7
23:34:01,706m,35%,35.3,1855Mi,48%,774,38,38.7
23:35:00,1384m,69%,69.2,1867Mi,48%,766,38,38.3
23:36:00,1388m,69%,69.4,1851Mi,48%,782,39,39.1
23:37:00,1237m,61%,61.85,1865Mi,48%,790,39,39.5
23:38:00,879m,43%,43.95,1883Mi,49%,790,39,39.5
23:39:00,747m,37%,37.35,1878Mi,48%,782,39,39.1
23:40:00,1350m,67%,67.5,1868Mi,48%,782,39,39.1
23:41:00,1350m,67%,67.5,1881Mi,48%,766,38,38.3
23:42:00,1382m,69%,69.1,1868Mi,48%,774,38,38.7
23:43:00,1271m,63%,63.55,1866Mi,48%,782,39,39.1
23:44:00,995m,49%,49.75,1881Mi,48%,790,39,39.5
23:45:00,1135m,56%,56.75,1873Mi,48%,782,39,39.1
23:46:00,1177m,58%,58.85,1881Mi,48%,798,39,39.9
23:47:00,759m,37%,37.95,1887Mi,49%,782,39,39.1
23:48:00,1382m,69%,69.1,1872Mi,48%,790,39,39.5
23:49:00,1298m,64%,64.9,1872Mi,48%,790,39,39.5
23:50:00,1097m,54%,54.85,1874Mi,48%,782,39,39.1
23:51:00,1013m,50%,50.65,1882Mi,48%,798,39,39.9
23:52:00,1287m,64%,64.35,1873Mi,48%,782,39,39.1
23:53:00,836m,41%,41.8,1872Mi,48%,782,39,39.1
23:54:01,1359m,67%,67.95,1881Mi,48%,790,39,39.5
23:55:00,1174m,58%,58.7,1869Mi,48%,782,39,39.1
23:56:01,1143m,57%,57.15,1881Mi,48%,774,38,38.7
23:57:00,1018m,50%,50.9,1878Mi,48%,790,39,39.5
23:58:00,1111m,55%,55.55,1870Mi,48%,782,39,39.1
23:59:00,1016m,50%,50.8,1875Mi,48%,790,39,39.5
00:00:00,1378m,68%,68.9,1885Mi,49%,790,39,39.5
00:01:00,921m,46%,46.05,1879Mi,48%,798,39,39.9
00:02:00,1328m,66%,66.4,1873Mi,48%,782,39,39.1
00:03:00,891m,44%,44.55,1869Mi,48%,798,39,39.9
00:04:00,758m,37%,37.9,1876Mi,48%,782,39,39.1
00:05:00,1380m,69%,69,1870Mi,48%,782,39,39.1
00:06:00,1395m,69%,69.75,1868Mi,48%,790,39,39.5
00:07:00,1107m,55%,55.35,1878Mi,48%,798,39,39.9
00:08:00,993m,49%,49.65,1876Mi,48%,782,39,39.1
00:09:00,1384m,69%,69.2,1882Mi,48%,790,39,39.5
00:10:00,752m,37%,37.6,1879Mi,48%,782,39,39.1
00:11:01,1385m,69%,69.25,1879Mi,48%,798,39,39.9
00:12:00,1370m,68%,68.5,1873Mi,48%,790,39,39.5
00:13:00,1065m,53%,53.25,1874Mi,48%,782,39,39.1
00:14:00,885m,44%,44.25,1881Mi,48%,798,39,39.9
00:15:00,1219m,60%,60.95,1873Mi,48%,790,39,39.5
00:16:00,930m,46%,46.5,1879Mi,48%,782,39,39.1
00:17:00,1364m,68%,68.2,1872Mi,48%,790,39,39.5
00:18:00,1136m,56%,56.8,1873Mi,48%,790,39,39.5
00:19:00,1333m,66%,66.65,1869Mi,48%,774,38,38.7
00:20:00,936m,46%,46.8,1871Mi,48%,782,39,39.1
00:21:00,889m,44%,44.45,1867Mi,48%,774,38,38.7
00:22:00,1252m,62%,62.6,1873Mi,48%,766,38,38.3
00:23:00,1385m,69%,69.25,1864Mi,48%,780,39,39
00:24:00,827m,41%,41.35,1865Mi,48%,780,39,39
00:25:00,1126m,56%,56.3,1865Mi,48%,772,38,38.6
00:26:00,1237m,61%,61.85,1873Mi,48%,772,38,38.6
00:27:00,730m,36%,36.5,1867Mi,48%,764,38,38.2
00:28:00,1382m,69%,69.1,1867Mi,48%,756,37,37.8
00:29:00,1307m,65%,65.35,1856Mi,48%,750,37,37.5
00:30:00,980m,49%,49,1865Mi,48%,750,37,37.5
00:31:00,751m,37%,37.55,1866Mi,48%,750,37,37.5
00:32:00,1084m,54%,54.2,1853Mi,48%,756,37,37.8
00:33:00,1009m,50%,50.45,1857Mi,48%,756,37,37.8
00:34:00,623m,31%,31.15,1859Mi,48%,762,38,38.1
00:35:00,1293m,64%,64.65,1859Mi,48%,762,38,38.1
00:36:00,813m,40%,40.65,1864Mi,48%,762,38,38.1
00:37:00,758m,37%,37.9,1874Mi,48%,768,38,38.4
00:38:00,1268m,63%,63.4,1862Mi,48%,762,38,38.1
00:39:00,832m,41%,41.6,1874Mi,48%,768,38,38.4
00:40:00,1282m,64%,64.1,1863Mi,48%,762,38,38.1
00:41:00,860m,43%,43,1875Mi,48%,762,38,38.1
00:42:00,1222m,61%,61.1,1859Mi,48%,762,38,38.1
00:43:00,855m,42%,42.75,1859Mi,48%,756,37,37.8
00:44:00,1323m,66%,66.15,1866Mi,48%,762,38,38.1
00:45:00,761m,38%,38.05,1864Mi,48%,756,37,37.8
00:46:00,1340m,67%,67,1856Mi,48%,762,38,38.1
00:47:00,1241m,62%,62.05,1860Mi,48%,762,38,38.1
00:48:00,867m,43%,43.35,1873Mi,48%,768,38,38.4
00:49:01,767m,38%,38.35,1871Mi,48%,768,38,38.4
00:50:00,1195m,59%,59.75,1862Mi,48%,762,38,38.1
00:51:01,928m,46%,46.4,1861Mi,48%,762,38,38.1
00:52:00,738m,36%,36.9,1867Mi,48%,762,38,38.1
00:53:00,1340m,67%,67,1880Mi,48%,762,38,38.1
00:54:00,1215m,60%,60.75,1859Mi,48%,756,37,37.8
00:55:00,951m,47%,47.55,1868Mi,48%,762,38,38.1
00:56:00,744m,37%,37.2,1862Mi,48%,762,38,38.1
00:57:00,1156m,57%,57.8,1860Mi,48%,768,38,38.4
00:58:00,974m,48%,48.7,1869Mi,48%,762,38,38.1
00:59:01,758m,37%,37.9,1875Mi,48%,768,38,38.4
01:00:00,1164m,58%,58.2,1863Mi,48%,779,38,38.95
01:01:00,990m,49%,49.5,1900Mi,49%,1323,66,66.15
01:02:00,1963m,98%,98.15,2139Mi,55%,1345,67,67.25
01:03:00,770m,38%,38.5,2154Mi,56%,1346,67,67.3
01:04:00,651m,32%,32.55,2229Mi,58%,1346,67,67.3
01:05:00,398m,19%,19.9,2241Mi,58%,1346,67,67.3
01:06:01,428m,21%,21.4,2242Mi,58%,1346,67,67.3
01:07:00,371m,18%,18.55,2240Mi,58%,1347,67,67.35
01:08:00,586m,29%,29.3,2246Mi,58%,1337,66,66.85
01:09:00,812m,40%,40.6,2269Mi,59%,1327,66,66.35
01:10:00,1372m,68%,68.6,2267Mi,59%,1321,66,66.05
01:11:00,1322m,66%,66.1,2263Mi,58%,1326,66,66.3
01:12:00,953m,47%,47.65,2265Mi,58%,1333,66,66.65
01:13:00,687m,34%,34.35,2274Mi,59%,1336,66,66.8
01:14:00,652m,32%,32.6,2279Mi,59%,1334,66,66.7
01:15:00,724m,36%,36.2,2283Mi,59%,1325,66,66.25
01:16:00,731m,36%,36.55,2307Mi,60%,1334,66,66.7
01:17:00,947m,47%,47.35,2293Mi,59%,1326,66,66.3
01:18:00,1029m,51%,51.45,2311Mi,60%,1342,67,67.1
01:19:00,993m,49%,49.65,2303Mi,59%,1347,67,67.35
01:20:00,845m,42%,42.25,2311Mi,60%,1340,67,67
01:21:00,709m,35%,35.45,2311Mi,60%,1335,66,66.75
01:22:00,773m,38%,38.65,2322Mi,60%,1324,66,66.2
01:23:00,818m,40%,40.9,2338Mi,60%,1327,66,66.35
01:24:00,834m,41%,41.7,2330Mi,60%,1302,65,65.1
01:25:00,696m,34%,34.8,2322Mi,60%,1237,61,61.85
01:26:00,500m,25%,25,2285Mi,59%,1182,59,59.1
01:27:00,451m,22%,22.55,2256Mi,58%,1119,55,55.95
01:28:00,453m,22%,22.65,2206Mi,57%,1072,53,53.6
01:29:00,415m,20%,20.75,2175Mi,56%,988,49,49.4
01:30:00,437m,21%,21.85,2129Mi,55%,911,45,45.55
01:31:00,384m,19%,19.2,2079Mi,54%,865,43,43.25
01:32:00,320m,16%,16,2050Mi,53%,818,40,40.9
01:33:00,293m,14%,14.65,2021Mi,52%,814,40,40.7
01:34:00,216m,10%,10.8,2011Mi,52%,790,39,39.5
01:35:00,249m,12%,12.45,1991Mi,51%,790,39,39.5
01:36:00,228m,11%,11.4,1987Mi,51%,790,39,39.5
01:37:00,215m,10%,10.75,1986Mi,51%,778,38,38.9
01:38:00,224m,11%,11.2,1979Mi,51%,782,39,39.1
01:39:00,211m,10%,10.55,1980Mi,51%,778,38,38.9
01:40:01,183m,9%,9.15,1976Mi,51%,778,38,38.9
01:41:00,213m,10%,10.65,1976Mi,51%,778,38,38.9
01:42:00,216m,10%,10.8,1974Mi,51%,778,38,38.9
01:43:00,206m,10%,10.3,1974Mi,51%,778,38,38.9
01:44:00,214m,10%,10.7,1973Mi,51%,782,39,39.1
01:45:00,204m,10%,10.2,1976Mi,51%,778,38,38.9
01:46:00,185m,9%,9.25,1972Mi,51%,778,38,38.9
01:47:00,212m,10%,10.6,1972Mi,51%,778,38,38.9
01:48:00,209m,10%,10.45,1972Mi,51%,778,38,38.9
01:49:00,215m,10%,10.75,1972Mi,51%,778,38,38.9
01:50:00,210m,10%,10.5,1973Mi,51%,782,39,39.1
01:51:00,205m,10%,10.25,1974Mi,51%,778,38,38.9
01:52:00,193m,9%,9.65,1970Mi,51%,778,38,38.9
01:53:00,211m,10%,10.55,1971Mi,51%,778,38,38.9
01:54:00,221m,11%,11.05,1970Mi,51%,778,38,38.9
01:55:00,206m,10%,10.3,1971Mi,51%,778,38,38.9
01:56:00,213m,10%,10.65,1971Mi,51%,782,39,39.1
01:57:00,200m,10%,10,1973Mi,51%,778,38,38.9
01:58:00,194m,9%,9.7,1971Mi,51%,778,38,38.9
01:59:00,212m,10%,10.6,1971Mi,51%,778,38,38.9
02:00:00,216m,10%,10.8,1971Mi,51%,778,38,38.9
02:01:00,216m,10%,10.8,1972Mi,51%,778,38,38.9
02:02:00,209m,10%,10.45,1972Mi,51%,782,39,39.1
02:03:00,207m,10%,10.35,1977Mi,51%,778,38,38.9
02:04:00,193m,9%,9.65,1972Mi,51%,778,38,38.9
02:05:00,215m,10%,10.75,1973Mi,51%,778,38,38.9
02:06:01,215m,10%,10.75,1973Mi,51%,778,38,38.9
02:07:00,213m,10%,10.65,1973Mi,51%,778,38,38.9
02:08:00,208m,10%,10.4,1973Mi,51%,782,39,39.1
02:09:00,214m,10%,10.7,1976Mi,51%,778,38,38.9
02:10:00,187m,9%,9.35,1973Mi,51%,778,38,38.9
02:11:00,209m,10%,10.45,1973Mi,51%,778,38,38.9
02:12:00,210m,10%,10.5,1973Mi,51%,778,38,38.9
02:13:01,215m,10%,10.75,1973Mi,51%,778,38,38.9
02:14:00,209m,10%,10.45,1974Mi,51%,782,39,39.1
02:15:00,210m,10%,10.5,1977Mi,51%,778,38,38.9
02:16:00,191m,9%,9.55,1974Mi,51%,778,38,38.9
02:17:00,210m,10%,10.5,1974Mi,51%,778,38,38.9
02:18:00,215m,10%,10.75,1973Mi,51%,778,38,38.9
02:19:01,217m,10%,10.85,1974Mi,51%,778,38,38.9
02:20:00,219m,10%,10.95,1975Mi,51%,782,39,39.1
02:21:00,198m,9%,9.9,1976Mi,51%,778,38,38.9
02:22:00,193m,9%,9.65,1975Mi,51%,778,38,38.9
02:23:00,206m,10%,10.3,1975Mi,51%,778,38,38.9
02:24:00,216m,10%,10.8,1974Mi,51%,782,39,39.1
02:25:00,233m,11%,11.65,1978Mi,51%,782,39,39.1
02:26:00,212m,10%,10.6,1975Mi,51%,790,39,39.5
02:27:01,226m,11%,11.3,1983Mi,51%,790,39,39.5
02:28:00,217m,10%,10.85,1983Mi,51%,790,39,39.5
02:29:00,213m,10%,10.65,1982Mi,51%,794,39,39.7
02:30:00,246m,12%,12.3,1986Mi,51%,794,39,39.7
02:31:01,221m,11%,11.05,1987Mi,51%,802,40,40.1
02:32:00,235m,11%,11.75,1994Mi,51%,802,40,40.1
02:33:00,222m,11%,11.1,1993Mi,51%,798,39,39.9
02:34:00,233m,11%,11.65,1989Mi,51%,802,40,40.1
02:35:00,244m,12%,12.2,1994Mi,51%,802,40,40.1
02:36:00,237m,11%,11.85,1991Mi,51%,802,40,40.1
02:37:00,244m,12%,12.2,1995Mi,51%,802,40,40.1
02:38:00,225m,11%,11.25,1994Mi,51%,798,39,39.9
02:39:00,227m,11%,11.35,1991Mi,51%,802,40,40.1
02:40:00,252m,12%,12.6,1995Mi,51%,802,40,40.1
02:41:00,233m,11%,11.65,1993Mi,51%,802,40,40.1
02:42:00,242m,12%,12.1,1996Mi,51%,802,40,40.1
02:43:00,222m,11%,11.1,1996Mi,51%,798,39,39.9
02:44:00,228m,11%,11.4,1993Mi,51%,802,40,40.1
02:45:00,251m,12%,12.55,1997Mi,51%,802,40,40.1
02:46:00,226m,11%,11.3,1997Mi,51%,802,40,40.1
02:47:00,228m,11%,11.4,1994Mi,51%,802,40,40.1
02:48:00,241m,12%,12.05,1998Mi,51%,798,39,39.9
02:49:00,225m,11%,11.25,1995Mi,51%,802,40,40.1
02:50:00,249m,12%,12.45,1998Mi,52%,802,40,40.1
02:51:00,220m,11%,11,1998Mi,52%,802,40,40.1
02:52:00,231m,11%,11.55,1995Mi,51%,802,40,40.1
02:53:00,240m,12%,12,1997Mi,51%,798,39,39.9
02:54:00,230m,11%,11.5,1994Mi,51%,802,40,40.1
02:55:00,247m,12%,12.35,1997Mi,51%,802,40,40.1
02:56:00,224m,11%,11.2,1997Mi,51%,798,39,39.9
02:57:00,229m,11%,11.45,1994Mi,51%,802,40,40.1
02:58:00,251m,12%,12.55,1998Mi,51%,798,39,39.9
02:59:00,223m,11%,11.15,1995Mi,51%,802,40,40.1
03:00:00,252m,12%,12.6,1999Mi,52%,802,40,40.1
03:01:00,225m,11%,11.25,1999Mi,52%,798,39,39.9
03:02:00,232m,11%,11.6,1995Mi,51%,802,40,40.1
03:03:00,248m,12%,12.4,1999Mi,52%,798,39,39.9
03:04:00,226m,11%,11.3,1995Mi,51%,802,40,40.1
03:05:00,247m,12%,12.35,1999Mi,52%,802,40,40.1
03:06:00,228m,11%,11.4,2000Mi,52%,798,39,39.9
03:07:00,231m,11%,11.55,2009Mi,52%,802,40,40.1
03:08:00,245m,12%,12.25,2008Mi,52%,798,39,39.9
03:09:00,231m,11%,11.55,2004Mi,52%,802,40,40.1
03:10:00,247m,12%,12.35,2008Mi,52%,802,40,40.1
03:11:00,227m,11%,11.35,2008Mi,52%,798,39,39.9
03:12:00,229m,11%,11.45,2005Mi,52%,802,40,40.1
03:13:00,247m,12%,12.35,2009Mi,52%,802,40,40.1
03:14:00,225m,11%,11.25,2009Mi,52%,802,40,40.1
03:15:01,234m,11%,11.7,2006Mi,52%,802,40,40.1
03:16:00,242m,12%,12.1,2010Mi,52%,798,39,39.9
03:17:00,230m,11%,11.5,2006Mi,52%,802,40,40.1
03:18:00,243m,12%,12.15,2010Mi,52%,802,40,40.1
03:19:00,229m,11%,11.45,2014Mi,52%,802,40,40.1
03:20:01,255m,12%,12.75,2010Mi,52%,802,40,40.1
03:21:00,228m,11%,11.4,2011Mi,52%,798,39,39.9
03:22:00,227m,11%,11.35,2007Mi,52%,802,40,40.1
03:23:00,247m,12%,12.35,2011Mi,52%,806,40,40.3
03:24:00,223m,11%,11.15,2011Mi,52%,806,40,40.3
03:25:01,231m,11%,11.55,2008Mi,52%,818,40,40.9
03:26:00,246m,12%,12.3,2012Mi,52%,818,40,40.9
03:27:00,228m,11%,11.4,2009Mi,52%,822,41,41.1
03:28:00,224m,11%,11.2,2008Mi,52%,826,41,41.3
03:29:00,230m,11%,11.5,2009Mi,52%,834,41,41.7
03:30:00,255m,12%,12.75,2009Mi,52%,838,41,41.9
03:31:00,220m,11%,11,2010Mi,52%,830,41,41.5
03:32:00,234m,11%,11.7,2003Mi,52%,838,41,41.9
03:33:00,242m,12%,12.1,2006Mi,52%,838,41,41.9
03:34:00,216m,10%,10.8,2007Mi,52%,830,41,41.5
03:35:00,225m,11%,11.25,2004Mi,52%,830,41,41.5
03:36:01,226m,11%,11.3,2004Mi,52%,838,41,41.9
03:37:00,238m,11%,11.9,2007Mi,52%,838,41,41.9
03:38:00,217m,10%,10.85,2007Mi,52%,830,41,41.5
03:39:00,225m,11%,11.25,2005Mi,52%,838,41,41.9
03:40:00,219m,10%,10.95,2004Mi,52%,838,41,41.9
03:41:00,249m,12%,12.45,2008Mi,52%,838,41,41.9
03:42:00,218m,10%,10.9,2008Mi,52%,830,41,41.5
03:43:00,225m,11%,11.25,2005Mi,52%,838,41,41.9
03:44:00,237m,11%,11.85,2007Mi,52%,838,41,41.9
03:45:00,218m,10%,10.9,2008Mi,52%,830,41,41.5
03:46:00,248m,12%,12.4,2007Mi,52%,830,41,41.5
03:47:00,241m,12%,12.05,2005Mi,52%,838,41,41.9
03:48:00,239m,11%,11.95,2008Mi,52%,838,41,41.9
03:49:00,219m,10%,10.95,2008Mi,52%,830,41,41.5
03:50:00,221m,11%,11.05,2005Mi,52%,838,41,41.9
03:51:00,242m,12%,12.1,2007Mi,52%,838,41,41.9
03:52:00,226m,11%,11.3,2009Mi,52%,838,41,41.9
03:53:00,215m,10%,10.75,2009Mi,52%,830,41,41.5
03:54:00,228m,11%,11.4,2005Mi,52%,838,41,41.9
03:55:00,246m,12%,12.3,2009Mi,52%,838,41,41.9
03:56:00,217m,10%,10.85,2009Mi,52%,830,41,41.5
03:57:00,226m,11%,11.3,2006Mi,52%,838,41,41.9
03:58:00,238m,11%,11.9,2008Mi,52%,838,41,41.9
03:59:00,218m,10%,10.9,2010Mi,52%,838,41,41.9
04:00:00,222m,11%,11.1,2010Mi,52%,830,41,41.5
04:01:00,230m,11%,11.5,2006Mi,52%,838,41,41.9
04:02:00,238m,11%,11.9,2010Mi,52%,838,41,41.9
04:03:00,222m,11%,11.1,2010Mi,52%,830,41,41.5
04:04:00,229m,11%,11.45,2007Mi,52%,830,41,41.5
04:05:00,235m,11%,11.75,2010Mi,52%,838,41,41.9
04:06:00,228m,11%,11.4,2011Mi,52%,838,41,41.9
04:07:00,220m,11%,11,2011Mi,52%,830,41,41.5
04:08:00,227m,11%,11.35,2009Mi,52%,838,41,41.9
04:09:00,214m,10%,10.7,2008Mi,52%,838,41,41.9
04:10:00,243m,12%,12.15,2012Mi,52%,838,41,41.9
04:11:00,225m,11%,11.25,2011Mi,52%,830,41,41.5
04:12:00,226m,11%,11.3,2008Mi,52%,838,41,41.9
04:13:00,244m,12%,12.2,2012Mi,52%,838,41,41.9
04:14:00,222m,11%,11.1,2012Mi,52%,830,41,41.5
04:15:00,222m,11%,11.1,2009Mi,52%,830,41,41.5
04:16:00,221m,11%,11.05,2008Mi,52%,838,41,41.9
04:17:00,242m,12%,12.1,2012Mi,52%,838,41,41.9
04:18:00,221m,11%,11.05,2012Mi,52%,830,41,41.5
04:19:00,235m,11%,11.75,2009Mi,52%,838,41,41.9
04:20:00,237m,11%,11.85,2013Mi,52%,838,41,41.9
04:21:00,222m,11%,11.1,2013Mi,52%,830,41,41.5
04:22:00,225m,11%,11.25,2010Mi,52%,830,41,41.5
04:23:00,219m,10%,10.95,2009Mi,52%,840,42,42
04:24:00,246m,12%,12.3,2013Mi,52%,842,42,42.1
04:25:00,214m,10%,10.7,2012Mi,52%,846,42,42.3
04:26:00,257m,12%,12.85,2013Mi,52%,848,42,42.4
04:27:00,240m,12%,12,2015Mi,52%,860,43,43
04:28:00,226m,11%,11.3,2016Mi,52%,872,43,43.6
04:29:00,247m,12%,12.35,2017Mi,52%,866,43,43.3
04:30:00,225m,11%,11.25,2016Mi,52%,878,43,43.9
04:31:00,249m,12%,12.45,2020Mi,52%,880,44,44
04:32:01,227m,11%,11.35,2020Mi,52%,900,45,45
04:33:00,243m,12%,12.15,2027Mi,52%,920,46,46
04:34:00,226m,11%,11.3,2030Mi,52%,930,46,46.5
04:35:01,244m,12%,12.2,2045Mi,53%,950,47,47.5
04:36:00,255m,12%,12.75,2051Mi,53%,960,48,48
04:37:00,233m,11%,11.65,2056Mi,53%,980,49,49
04:38:00,263m,13%,13.15,2063Mi,53%,980,49,49
04:39:00,248m,12%,12.4,2063Mi,53%,980,49,49
04:40:01,275m,13%,13.75,2064Mi,53%,980,49,49
04:41:00,277m,13%,13.85,2063Mi,53%,980,49,49
04:42:00,255m,12%,12.75,2064Mi,53%,980,49,49
04:43:00,278m,13%,13.9,2064Mi,53%,980,49,49
04:44:00,249m,12%,12.45,2064Mi,53%,980,49,49
04:45:00,278m,13%,13.9,2064Mi,53%,970,48,48.5
04:46:00,270m,13%,13.5,2077Mi,54%,980,49,49
04:47:00,271m,13%,13.55,2065Mi,53%,980,49,49
04:48:00,280m,14%,14,2065Mi,53%,980,49,49
04:49:00,258m,12%,12.9,2066Mi,53%,980,49,49
04:50:00,295m,14%,14.75,2066Mi,53%,980,49,49
04:51:00,254m,12%,12.7,2064Mi,53%,980,49,49
04:52:00,279m,13%,13.95,2067Mi,53%,980,49,49
04:53:00,252m,12%,12.6,2067Mi,53%,980,49,49
04:54:01,279m,13%,13.95,2067Mi,53%,980,49,49
04:55:00,274m,13%,13.7,2067Mi,53%,980,49,49
04:56:00,253m,12%,12.65,2068Mi,53%,980,49,49
04:57:00,282m,14%,14.1,2068Mi,53%,980,49,49
04:58:00,249m,12%,12.45,2068Mi,53%,980,49,49
04:59:00,280m,14%,14,2068Mi,53%,980,49,49
05:00:00,272m,13%,13.6,2068Mi,53%,980,49,49
05:01:00,256m,12%,12.8,2068Mi,53%,980,49,49
05:02:00,281m,14%,14.05,2068Mi,53%,980,49,49
05:03:00,250m,12%,12.5,2069Mi,53%,980,49,49
05:04:00,280m,14%,14,2069Mi,53%,970,48,48.5
05:05:00,249m,12%,12.45,2067Mi,53%,980,49,49
05:06:00,292m,14%,14.6,2069Mi,53%,980,49,49
05:07:00,285m,14%,14.25,2069Mi,53%,980,49,49
05:08:00,248m,12%,12.4,2070Mi,53%,980,49,49
05:09:00,280m,14%,14,2069Mi,53%,980,49,49
05:10:00,249m,12%,12.45,2069Mi,53%,980,49,49
05:11:00,279m,13%,13.95,2070Mi,53%,980,49,49
05:12:00,279m,13%,13.95,2070Mi,53%,980,49,49
05:13:00,250m,12%,12.5,2070Mi,53%,980,49,49
05:14:00,279m,13%,13.95,2069Mi,53%,980,49,49
05:15:00,256m,12%,12.8,2070Mi,53%,980,49,49
05:16:00,279m,13%,13.95,2070Mi,53%,980,49,49
05:17:00,250m,12%,12.5,2070Mi,53%,980,49,49
05:18:00,278m,13%,13.9,2071Mi,53%,980,49,49
05:19:00,263m,13%,13.15,2067Mi,53%,980,49,49
05:20:00,272m,13%,13.6,2071Mi,53%,980,49,49
05:21:00,272m,13%,13.6,2071Mi,53%,980,49,49
05:22:00,258m,12%,12.9,2072Mi,53%,980,49,49
05:23:00,275m,13%,13.75,2071Mi,53%,991,49,49.55
05:24:00,295m,14%,14.75,2078Mi,54%,999,49,49.95
05:25:01,329m,16%,16.45,2085Mi,54%,1007,50,50.35
05:26:00,332m,16%,16.6,2091Mi,54%,1025,51,51.25
05:27:00,336m,16%,16.8,2102Mi,54%,1033,51,51.65
05:28:00,345m,17%,17.25,2109Mi,54%,1051,52,52.55
05:29:00,346m,17%,17.3,2119Mi,55%,1059,52,52.95
05:30:00,364m,18%,18.2,2126Mi,55%,1067,53,53.35
05:31:00,357m,17%,17.85,2133Mi,55%,1085,54,54.25
05:32:01,360m,18%,18,2143Mi,55%,1093,54,54.65
05:33:00,378m,18%,18.9,2152Mi,56%,1097,54,54.85
05:34:00,394m,19%,19.7,2158Mi,56%,1077,53,53.85
05:35:00,410m,20%,20.5,2155Mi,56%,1067,53,53.35
05:36:00,407m,20%,20.35,2152Mi,56%,1047,52,52.35
05:37:00,405m,20%,20.25,2147Mi,55%,1037,51,51.85
05:38:00,390m,19%,19.5,2143Mi,55%,1037,51,51.85
05:39:00,384m,19%,19.2,2152Mi,56%,1037,51,51.85
05:40:00,383m,19%,19.15,2151Mi,55%,1037,51,51.85
05:41:00,392m,19%,19.6,2150Mi,55%,1037,51,51.85
05:42:00,382m,19%,19.1,2151Mi,55%,1037,51,51.85
05:43:00,385m,19%,19.25,2150Mi,55%,1037,51,51.85
05:44:00,385m,19%,19.25,2151Mi,55%,1037,51,51.85
05:45:00,378m,18%,18.9,2150Mi,55%,1037,51,51.85
05:46:00,385m,19%,19.25,2150Mi,55%,1037,51,51.85
05:47:00,397m,19%,19.85,2153Mi,56%,1037,51,51.85
05:48:00,385m,19%,19.25,2153Mi,56%,1037,51,51.85
05:49:00,381m,19%,19.05,2153Mi,56%,1037,51,51.85
05:50:00,392m,19%,19.6,2155Mi,56%,1037,51,51.85
05:51:00,388m,19%,19.4,2155Mi,56%,1037,51,51.85
05:52:00,390m,19%,19.5,2156Mi,56%,1037,51,51.85
05:53:00,384m,19%,19.2,2155Mi,56%,1037,51,51.85
05:54:00,386m,19%,19.3,2155Mi,56%,1037,51,51.85
05:55:00,391m,19%,19.55,2160Mi,56%,1037,51,51.85
05:56:00,391m,19%,19.55,2153Mi,56%,1037,51,51.85
05:57:00,387m,19%,19.35,2154Mi,56%,1037,51,51.85
05:58:00,390m,19%,19.5,2154Mi,56%,1037,51,51.85
05:59:00,387m,19%,19.35,2155Mi,56%,1037,51,51.85
06:00:00,387m,19%,19.35,2153Mi,56%,1037,51,51.85
06:01:00,384m,19%,19.2,2153Mi,56%,1037,51,51.85
06:02:00,384m,19%,19.2,2154Mi,56%,1037,51,51.85
06:03:00,402m,20%,20.1,2156Mi,56%,1037,51,51.85
06:04:00,383m,19%,19.15,2156Mi,56%,1037,51,51.85
06:05:00,395m,19%,19.75,2157Mi,56%,1037,51,51.85
06:06:00,383m,19%,19.15,2156Mi,56%,1037,51,51.85
06:07:00,388m,19%,19.4,2157Mi,56%,1037,51,51.85
06:08:00,382m,19%,19.1,2165Mi,56%,1037,51,51.85
06:09:00,388m,19%,19.4,2170Mi,56%,1037,51,51.85
06:10:00,394m,19%,19.7,2163Mi,56%,1037,51,51.85
06:11:00,388m,19%,19.4,2164Mi,56%,1037,51,51.85
06:12:00,384m,19%,19.2,2163Mi,56%,1037,51,51.85
06:13:00,396m,19%,19.8,2163Mi,56%,1037,51,51.85
06:14:00,385m,19%,19.25,2164Mi,56%,1037,51,51.85
06:15:00,384m,19%,19.2,2163Mi,56%,1037,51,51.85
06:16:00,386m,19%,19.3,2163Mi,56%,1037,51,51.85
06:17:00,398m,19%,19.9,2166Mi,56%,1037,51,51.85
06:18:00,379m,18%,18.95,2166Mi,56%,1037,51,51.85
06:19:00,403m,20%,20.15,2166Mi,56%,1037,51,51.85
06:20:00,393m,19%,19.65,2168Mi,56%,1037,51,51.85
06:21:00,388m,19%,19.4,2167Mi,56%,1037,51,51.85
06:22:00,386m,19%,19.3,2167Mi,56%,1037,51,51.85
06:23:00,387m,19%,19.35,2168Mi,56%,1044,52,52.2
06:24:00,420m,21%,21,2169Mi,56%,1058,52,52.9
06:25:00,431m,21%,21.55,2173Mi,56%,1065,53,53.25
06:26:00,432m,21%,21.6,2179Mi,56%,1079,53,53.95
06:27:00,443m,22%,22.15,2184Mi,56%,1086,54,54.3
06:28:00,437m,21%,21.85,2189Mi,56%,1093,54,54.65
06:29:01,449m,22%,22.45,2194Mi,57%,1107,55,55.35
06:30:00,436m,21%,21.8,2198Mi,57%,1114,55,55.7
06:31:00,467m,23%,23.35,2206Mi,57%,1128,56,56.4
06:32:00,447m,22%,22.35,2209Mi,57%,1135,56,56.75
06:33:00,477m,23%,23.85,2216Mi,57%,1170,58,58.5
06:34:01,461m,23%,23.05,2226Mi,57%,1205,60,60.25
06:35:00,443m,22%,22.15,2246Mi,58%,1247,62,62.35
06:36:01,460m,23%,23,2265Mi,58%,1275,63,63.75
06:37:00,468m,23%,23.4,2281Mi,59%,1275,63,63.75
06:38:00,527m,26%,26.35,2282Mi,59%,1275,63,63.75
06:39:00,522m,26%,26.1,2291Mi,59%,1275,63,63.75
06:40:00,544m,27%,27.2,2295Mi,59%,1275,63,63.75
06:41:00,510m,25%,25.5,2293Mi,59%,1275,63,63.75
06:42:00,528m,26%,26.4,2296Mi,59%,1275,63,63.75
06:43:00,542m,27%,27.1,2297Mi,59%,1268,63,63.4
06:44:00,511m,25%,25.55,2299Mi,59%,1275,63,63.75
06:45:00,527m,26%,26.35,2300Mi,59%,1268,63,63.4
06:46:00,514m,25%,25.7,2302Mi,59%,1275,63,63.75
06:47:00,536m,26%,26.8,2303Mi,59%,1275,63,63.75
06:48:00,512m,25%,25.6,2302Mi,59%,1275,63,63.75
06:49:01,540m,27%,27,2306Mi,60%,1275,63,63.75
06:50:00,509m,25%,25.45,2305Mi,59%,1275,63,63.75
06:51:00,518m,25%,25.9,2308Mi,60%,1275,63,63.75
06:52:00,543m,27%,27.15,2309Mi,60%,1268,63,63.4
06:53:00,515m,25%,25.75,2311Mi,60%,1275,63,63.75
06:54:00,538m,26%,26.9,2311Mi,60%,1268,63,63.4
06:55:00,508m,25%,25.4,2312Mi,60%,1275,63,63.75
06:56:00,535m,26%,26.75,2315Mi,60%,1268,63,63.4
06:57:00,518m,25%,25.9,2313Mi,60%,1275,63,63.75
06:58:00,532m,26%,26.6,2317Mi,60%,1275,63,63.75
06:59:00,522m,26%,26.1,2321Mi,60%,1275,63,63.75
07:00:00,527m,26%,26.35,2328Mi,60%,1275,63,63.75
07:01:00,523m,26%,26.15,2329Mi,60%,1275,63,63.75
07:02:00,512m,25%,25.6,2330Mi,60%,1275,63,63.75
07:03:01,548m,27%,27.4,2330Mi,60%,1275,63,63.75
07:04:00,512m,25%,25.6,2330Mi,60%,1275,63,63.75
07:05:00,542m,27%,27.1,2334Mi,60%,1268,63,63.4
07:06:00,513m,25%,25.65,2331Mi,60%,1275,63,63.75
07:07:00,524m,26%,26.2,2335Mi,60%,1268,63,63.4
07:08:00,527m,26%,26.35,2333Mi,60%,1275,63,63.75
07:09:00,539m,26%,26.95,2338Mi,60%,1275,63,63.75
07:10:00,526m,26%,26.3,2339Mi,60%,1275,63,63.75
07:11:00,517m,25%,25.85,2339Mi,60%,1275,63,63.75
07:12:00,531m,26%,26.55,2343Mi,60%,1275,63,63.75
07:13:00,527m,26%,26.35,2341Mi,60%,1275,63,63.75
07:14:00,527m,26%,26.35,2345Mi,61%,1275,63,63.75
07:15:00,507m,25%,25.35,2345Mi,61%,1275,63,63.75
07:16:00,552m,27%,27.6,2346Mi,61%,1268,63,63.4
07:17:00,513m,25%,25.65,2347Mi,61%,1275,63,63.75
07:18:00,524m,26%,26.2,2349Mi,61%,1275,63,63.75
07:19:00,567m,28%,28.35,2349Mi,61%,1275,63,63.75
07:20:00,507m,25%,25.35,2349Mi,61%,1275,63,63.75
07:21:00,537m,26%,26.85,2353Mi,61%,1275,63,63.75
07:22:00,515m,25%,25.75,2344Mi,61%,1275,63,63.75
07:23:01,536m,26%,26.8,2343Mi,60%,1270,63,63.5
07:24:00,519m,25%,25.95,2340Mi,60%,1265,63,63.25
07:25:00,527m,26%,26.35,2344Mi,61%,1253,62,62.65
07:26:00,525m,26%,26.25,2346Mi,61%,1254,62,62.7
07:27:00,533m,26%,26.65,2346Mi,61%,1242,62,62.1
07:28:00,548m,27%,27.4,2346Mi,61%,1243,62,62.15
07:29:00,512m,25%,25.6,2349Mi,61%,1238,61,61.9
07:30:00,541m,27%,27.05,2351Mi,61%,1232,61,61.6
07:31:00,516m,25%,25.8,2349Mi,61%,1227,61,61.35
07:32:00,535m,26%,26.75,2353Mi,61%,1221,61,61.05
07:33:00,514m,25%,25.7,2351Mi,61%,1216,60,60.8
07:34:00,547m,27%,27.35,2355Mi,61%,1210,60,60.5
07:35:00,515m,25%,25.75,2352Mi,61%,1205,60,60.25
07:36:01,533m,26%,26.65,2352Mi,61%,1206,60,60.3
07:37:00,544m,27%,27.2,2352Mi,61%,1236,61,61.8
07:38:00,481m,24%,24.05,2358Mi,61%,1266,63,63.3
07:39:00,508m,25%,25.4,2369Mi,61%,1290,64,64.5
07:40:00,503m,25%,25.15,2372Mi,61%,1284,64,64.2
07:41:00,578m,28%,28.9,2376Mi,61%,1290,64,64.5
07:42:00,550m,27%,27.5,2374Mi,61%,1284,64,64.2
07:43:00,569m,28%,28.45,2377Mi,61%,1290,64,64.5
07:44:00,565m,28%,28.25,2376Mi,61%,1284,64,64.2
07:45:00,553m,27%,27.65,2377Mi,61%,1290,64,64.5
07:46:00,591m,29%,29.55,2380Mi,61%,1290,64,64.5
07:47:00,555m,27%,27.75,2379Mi,61%,1284,64,64.2
07:48:00,563m,28%,28.15,2383Mi,62%,1290,64,64.5
07:49:00,559m,27%,27.95,2393Mi,62%,1284,64,64.2
07:50:00,561m,28%,28.05,2383Mi,62%,1290,64,64.5
07:51:00,571m,28%,28.55,2383Mi,62%,1284,64,64.2
07:52:00,559m,27%,27.95,2383Mi,62%,1290,64,64.5
07:53:00,561m,28%,28.05,2385Mi,62%,1284,64,64.2
07:54:00,572m,28%,28.6,2386Mi,62%,1290,64,64.5
07:55:00,582m,29%,29.1,2390Mi,62%,1290,64,64.5
07:56:00,552m,27%,27.6,2387Mi,62%,1290,64,64.5
07:57:00,562m,28%,28.1,2389Mi,62%,1290,64,64.5
07:58:00,575m,28%,28.75,2390Mi,62%,1284,64,64.2
07:59:00,572m,28%,28.6,2390Mi,62%,1290,64,64.5
08:00:00,563m,28%,28.15,2391Mi,62%,1284,64,64.2
08:01:00,551m,27%,27.55,2391Mi,62%,1284,64,64.2
08:02:00,554m,27%,27.7,2390Mi,62%,1260,63,63
08:03:00,559m,27%,27.95,2396Mi,62%,1260,63,63
08:04:00,666m,33%,33.3,2381Mi,61%,1248,62,62.4
08:05:00,679m,33%,33.95,2375Mi,61%,1242,62,62.1
08:06:00,687m,34%,34.35,2370Mi,61%,1236,61,61.8
08:07:00,760m,38%,38,2369Mi,61%,1230,61,61.5
08:08:00,730m,36%,36.5,2388Mi,62%,1230,61,61.5
08:09:00,815m,40%,40.75,2375Mi,61%,1218,60,60.9
08:10:00,755m,37%,37.75,2388Mi,62%,1224,61,61.2
08:11:00,821m,41%,41.05,2374Mi,61%,1206,60,60.3
08:12:00,804m,40%,40.2,2368Mi,61%,1212,60,60.6
08:13:01,828m,41%,41.4,2371Mi,61%,1200,60,60
08:14:00,864m,43%,43.2,2364Mi,61%,1206,60,60.3
08:15:00,841m,42%,42.05,2371Mi,61%,1194,59,59.7
08:16:01,912m,45%,45.6,2366Mi,61%,1200,60,60
08:17:00,854m,42%,42.7,2367Mi,61%,1194,59,59.7
08:18:00,903m,45%,45.15,2366Mi,61%,1200,60,60
08:19:00,768m,38%,38.4,2368Mi,61%,1200,60,60
08:20:00,748m,37%,37.4,2371Mi,61%,1182,59,59.1
08:21:00,875m,43%,43.75,2375Mi,61%,1188,59,59.4
08:22:00,874m,43%,43.7,2368Mi,61%,1182,59,59.1
08:23:00,1124m,56%,56.2,2381Mi,61%,1198,59,59.9
08:24:00,910m,45%,45.5,2381Mi,61%,1190,59,59.5
08:25:00,1126m,56%,56.3,2380Mi,61%,1187,59,59.35
08:26:00,1040m,52%,52,2382Mi,61%,1179,58,58.95
08:27:00,1180m,59%,59,2377Mi,61%,1176,58,58.8
08:28:00,1052m,52%,52.6,2372Mi,61%,1167,58,58.35
08:29:00,1110m,55%,55.5,2353Mi,61%,1165,58,58.25
08:30:01,1282m,64%,64.1,2361Mi,61%,1176,58,58.8
08:31:00,1177m,58%,58.85,2367Mi,61%,1181,59,59.05
08:32:00,1176m,58%,58.8,2375Mi,61%,1186,59,59.3
08:33:00,1340m,67%,67,2359Mi,61%,1178,58,58.9
08:34:00,1281m,64%,64.05,2359Mi,61%,1167,58,58.35
08:35:00,1401m,70%,70.05,2364Mi,61%,1156,57,57.8
08:36:00,1327m,66%,66.35,2346Mi,61%,1145,57,57.25
08:37:00,1250m,62%,62.5,2353Mi,61%,1127,56,56.35
08:38:00,1279m,63%,63.95,2338Mi,60%,1104,55,55.2
08:39:00,1456m,72%,72.8,2336Mi,60%,1100,55,55
08:40:00,1219m,60%,60.95,2314Mi,60%,1107,55,55.35
08:41:00,1036m,51%,51.8,2334Mi,60%,1093,54,54.65
08:42:00,1317m,65%,65.85,2315Mi,60%,1093,54,54.65
08:43:00,1124m,56%,56.2,2329Mi,60%,1079,53,53.95
08:44:00,1405m,70%,70.25,2308Mi,60%,1086,54,54.3
08:45:00,1142m,57%,57.1,2312Mi,60%,1079,53,53.95
08:46:00,1136m,56%,56.8,2329Mi,60%,1072,53,53.6
08:47:00,1565m,78%,78.25,2324Mi,60%,1065,53,53.25
08:48:00,1274m,63%,63.7,2316Mi,60%,1079,53,53.95
08:49:00,894m,44%,44.7,2316Mi,60%,1086,54,54.3
08:50:00,1175m,58%,58.75,2332Mi,60%,1072,53,53.6
08:51:00,1316m,65%,65.8,2313Mi,60%,1065,53,53.25
08:52:00,1384m,69%,69.2,2321Mi,60%,1072,53,53.6
08:53:00,1114m,55%,55.7,2328Mi,60%,1072,53,53.6
08:54:00,1278m,63%,63.9,2314Mi,60%,1072,53,53.6
08:55:00,1067m,53%,53.35,2329Mi,60%,1065,53,53.25
08:56:00,1409m,70%,70.45,2332Mi,60%,1072,53,53.6
08:57:00,1199m,59%,59.95,2329Mi,60%,1058,52,52.9
08:58:00,1144m,57%,57.2,2330Mi,60%,1065,53,53.25
08:59:00,1260m,63%,63,2337Mi,60%,1065,53,53.25
09:00:01,1397m,69%,69.85,2363Mi,61%,1072,53,53.6
09:01:00,1250m,62%,62.5,2328Mi,60%,1079,53,53.95
09:02:00,1072m,53%,53.6,2335Mi,60%,1065,53,53.25
09:03:00,1048m,52%,52.4,2331Mi,60%,1065,53,53.25
09:04:00,1288m,64%,64.4,2341Mi,60%,1072,53,53.6
09:05:00,1400m,70%,70,2330Mi,60%,1079,53,53.95
09:06:00,1152m,57%,57.6,2342Mi,60%,1072,53,53.6
09:07:00,1162m,58%,58.1,2332Mi,60%,1065,53,53.25
09:08:00,1092m,54%,54.6,2344Mi,61%,1072,53,53.6
09:09:00,1113m,55%,55.65,2331Mi,60%,1065,53,53.25
09:10:00,1276m,63%,63.8,2337Mi,60%,1058,52,52.9
09:11:00,1272m,63%,63.6,2328Mi,60%,1051,52,52.55
09:12:00,1287m,64%,64.35,2321Mi,60%,1037,51,51.85
09:13:00,1392m,69%,69.6,2324Mi,60%,1058,52,52.9
09:14:00,1060m,53%,53,2329Mi,60%,1051,52,52.55
09:15:01,1172m,58%,58.6,2338Mi,60%,1037,51,51.85
09:16:01,1417m,70%,70.85,2320Mi,60%,1044,52,52.2
09:17:00,1391m,69%,69.55,2324Mi,60%,1065,53,53.25
09:18:00,1172m,58%,58.6,2344Mi,61%,1065,53,53.25
09:19:00,1064m,53%,53.2,2340Mi,60%,1065,53,53.25
09:20:00,1352m,67%,67.6,2345Mi,61%,1065,53,53.25
09:21:00,1292m,64%,64.6,2331Mi,60%,1072,53,53.6
09:22:00,1209m,60%,60.45,2344Mi,61%,1065,53,53.25
09:23:00,1231m,61%,61.55,2342Mi,60%,1072,53,53.6
09:24:00,1162m,58%,58.1,2336Mi,60%,1044,52,52.2
09:25:00,1233m,61%,61.65,2324Mi,60%,1051,52,52.55
09:26:00,1101m,55%,55.05,2336Mi,60%,1037,51,51.85
09:27:00,1273m,63%,63.65,2337Mi,60%,1016,50,50.8
09:28:00,1417m,70%,70.85,2313Mi,60%,995,49,49.75
09:29:00,1270m,63%,63.5,2317Mi,60%,995,49,49.75
09:30:00,1247m,62%,62.35,2312Mi,60%,981,49,49.05
09:31:00,1213m,60%,60.65,2296Mi,59%,967,48,48.35
09:32:00,1046m,52%,52.3,2299Mi,59%,960,48,48
09:33:00,1285m,64%,64.25,2301Mi,59%,967,48,48.35
09:34:00,1290m,64%,64.5,2289Mi,59%,981,49,49.05
09:35:00,702m,35%,35.1,2294Mi,59%,1009,50,50.45
09:36:00,696m,34%,34.8,2308Mi,60%,1023,51,51.15
09:37:00,447m,22%,22.35,2319Mi,60%,1037,51,51.85
09:38:00,562m,28%,28.1,2321Mi,60%,1051,52,52.55
09:39:00,673m,33%,33.65,2328Mi,60%,1044,52,52.2
09:40:00,1190m,59%,59.5,2329Mi,60%,1037,51,51.85
09:41:00,1203m,60%,60.15,2326Mi,60%,1058,52,52.9
09:42:01,1147m,57%,57.35,2340Mi,60%,1058,52,52.9
09:43:00,882m,44%,44.1,2350Mi,61%,1072,53,53.6
09:44:00,1205m,60%,60.25,2339Mi,60%,1065,53,53.25
09:45:00,1058m,52%,52.9,2343Mi,60%,1072,53,53.6
09:46:00,1262m,63%,63.1,2339Mi,60%,1072,53,53.6
09:47:00,841m,42%,42.05,2343Mi,60%,1072,53,53.6
09:48:00,1179m,58%,58.95,2357Mi,61%,1058,52,52.9
09:49:00,1208m,60%,60.4,2343Mi,60%,1065,53,53.25
09:50:00,1422m,71%,71.1,2345Mi,61%,1079,53,53.95
09:51:00,1229m,61%,61.45,2348Mi,61%,1058,52,52.9
09:52:00,1225m,61%,61.25,2349Mi,61%,1072,53,53.6
09:53:00,1165m,58%,58.25,2342Mi,60%,1079,53,53.95
09:54:00,1154m,57%,57.7,2344Mi,61%,1086,54,54.3
09:55:00,1000m,50%,50,2363Mi,61%,1086,54,54.3
09:56:00,1271m,63%,63.55,2362Mi,61%,1086,54,54.3
09:57:00,1066m,53%,53.3,2357Mi,61%,1093,54,54.65
09:58:00,1260m,63%,63,2359Mi,61%,1086,54,54.3
09:59:00,1156m,57%,57.8,2348Mi,61%,1086,54,54.3
10:00:00,1339m,66%,66.95,2349Mi,61%,1072,53,53.6
10:01:00,1224m,61%,61.2,2344Mi,60%,1086,54,54.3
10:02:00,773m,38%,38.65,2352Mi,61%,1086,54,54.3
10:03:00,1178m,58%,58.9,2353Mi,61%,1079,53,53.95
10:04:00,1257m,62%,62.85,2365Mi,61%,1079,53,53.95
10:05:00,1269m,63%,63.45,2362Mi,61%,1072,53,53.6
10:06:01,1254m,62%,62.7,2354Mi,61%,1086,54,54.3
10:07:00,1281m,64%,64.05,2358Mi,61%,1079,53,53.95
10:08:00,1136m,56%,56.8,2367Mi,61%,1079,53,53.95
10:09:01,1451m,72%,72.55,2357Mi,61%,1079,53,53.95
10:10:00,1264m,63%,63.2,2364Mi,61%,1086,54,54.3
10:11:00,1096m,54%,54.8,2367Mi,61%,1079,53,53.95
10:12:00,1345m,67%,67.25,2370Mi,61%,1086,54,54.3
10:13:00,1070m,53%,53.5,2363Mi,61%,1100,55,55
10:14:00,1190m,59%,59.5,2374Mi,61%,1100,55,55
10:15:00,1346m,67%,67.3,2364Mi,61%,1100,55,55
10:16:00,1325m,66%,66.25,2374Mi,61%,1079,53,53.95
10:17:00,1175m,58%,58.75,2363Mi,61%,1093,54,54.65
10:18:00,1232m,61%,61.6,2373Mi,61%,1093,54,54.65
10:19:00,1361m,68%,68.05,2362Mi,61%,1086,54,54.3
10:20:00,1102m,55%,55.1,2374Mi,61%,1072,53,53.6
10:21:00,1217m,60%,60.85,2357Mi,61%,1079,53,53.95
10:22:00,1249m,62%,62.45,2369Mi,61%,1058,52,52.9
10:23:00,1316m,65%,65.8,2346Mi,61%,1069,53,53.45
10:24:00,1291m,64%,64.55,2369Mi,61%,1085,54,54.25
10:25:00,1365m,68%,68.25,2364Mi,61%,1069,53,53.45
10:26:00,1374m,68%,68.7,2370Mi,61%,1103,55,55.15
10:27:00,1330m,66%,66.5,2372Mi,61%,1093,54,54.65
10:28:00,1405m,70%,70.25,2385Mi,62%,1095,54,54.75
10:29:00,1491m,74%,74.55,2393Mi,62%,1122,56,56.1
10:30:00,1483m,74%,74.15,2390Mi,62%,1119,55,55.95
10:31:00,1397m,69%,69.85,2403Mi,62%,1122,56,56.1
10:32:00,1377m,68%,68.85,2413Mi,62%,1150,57,57.5
10:33:00,1289m,64%,64.45,2401Mi,62%,1099,54,54.95
10:34:00,1575m,78%,78.75,2395Mi,62%,1090,54,54.5
10:35:00,1396m,69%,69.8,2400Mi,62%,1075,53,53.75
10:36:00,1519m,75%,75.95,2380Mi,61%,1054,52,52.7
10:37:00,1535m,76%,76.75,2361Mi,61%,1040,52,52
10:38:00,1503m,75%,75.15,2356Mi,61%,1026,51,51.3
10:39:00,1521m,76%,76.05,2350Mi,61%,1008,50,50.4
10:40:00,1460m,73%,73,2346Mi,61%,1008,50,50.4
10:41:00,1491m,74%,74.55,2356Mi,61%,1020,51,51
10:42:00,1232m,61%,61.6,2369Mi,61%,1014,50,50.7
10:43:00,1437m,71%,71.85,2350Mi,61%,1014,50,50.7
10:44:00,1249m,62%,62.45,2353Mi,61%,1002,50,50.1
10:45:00,1457m,72%,72.85,2355Mi,61%,996,49,49.8
10:46:00,1503m,75%,75.15,2354Mi,61%,1002,50,50.1
10:47:00,1482m,74%,74.1,2341Mi,60%,996,49,49.8
10:48:00,1470m,73%,73.5,2343Mi,60%,1020,51,51
10:49:00,1470m,73%,73.5,2364Mi,61%,978,48,48.9
10:50:00,1452m,72%,72.6,2332Mi,60%,978,48,48.9
10:51:00,1458m,72%,72.9,2343Mi,60%,978,48,48.9
10:52:00,1459m,72%,72.95,2325Mi,60%,972,48,48.6
10:53:00,1471m,73%,73.55,2338Mi,60%,996,49,49.8
10:54:00,1465m,73%,73.25,2350Mi,61%,1008,50,50.4
10:55:00,1493m,74%,74.65,2362Mi,61%,996,49,49.8
10:56:00,1477m,73%,73.85,2347Mi,61%,1002,50,50.1
10:57:00,1492m,74%,74.6,2348Mi,61%,1014,50,50.7
10:58:00,1483m,74%,74.15,2367Mi,61%,1032,51,51.6
10:59:00,1503m,75%,75.15,2370Mi,61%,1026,51,51.3
11:00:00,1150m,57%,57.5,2365Mi,61%,1032,51,51.6
11:01:00,1522m,76%,76.1,2359Mi,61%,1056,52,52.8
11:02:01,1439m,71%,71.95,2384Mi,62%,1032,51,51.6
11:03:00,1484m,74%,74.2,2369Mi,61%,1044,52,52.2
11:04:00,1491m,74%,74.55,2375Mi,61%,1044,52,52.2
11:05:00,1488m,74%,74.4,2386Mi,62%,1044,52,52.2
11:06:01,1501m,75%,75.05,2369Mi,61%,1026,51,51.3
11:07:00,1457m,72%,72.85,2377Mi,61%,1014,50,50.7
11:08:00,1498m,74%,74.9,2368Mi,61%,1020,51,51
11:09:00,1486m,74%,74.3,2367Mi,61%,1032,51,51.6
11:10:00,1488m,74%,74.4,2372Mi,61%,1014,50,50.7
11:11:00,1495m,74%,74.75,2371Mi,61%,1038,51,51.9
11:12:00,1467m,73%,73.35,2372Mi,61%,1032,51,51.6
11:13:00,1523m,76%,76.15,2371Mi,61%,1032,51,51.6
11:14:00,1485m,74%,74.25,2384Mi,62%,1026,51,51.3
11:15:01,1457m,72%,72.85,2382Mi,61%,1020,51,51
11:16:00,1494m,74%,74.7,2375Mi,61%,1026,51,51.3
11:17:00,1480m,74%,74,2369Mi,61%,1020,51,51
11:18:00,1513m,75%,75.65,2379Mi,61%,996,49,49.8
11:19:00,1472m,73%,73.6,2370Mi,61%,1002,50,50.1
11:20:00,1477m,73%,73.85,2370Mi,61%,1002,50,50.1
11:21:00,1475m,73%,73.75,2369Mi,61%,984,49,49.2
11:22:00,1452m,72%,72.6,2359Mi,61%,978,48,48.9
11:23:00,1480m,74%,74,2359Mi,61%,980,49,49
11:24:01,1460m,73%,73,2348Mi,61%,980,49,49
11:25:00,1462m,73%,73.1,2347Mi,61%,980,49,49
11:26:00,1447m,72%,72.35,2342Mi,60%,982,49,49.1
11:27:00,1482m,74%,74.1,2334Mi,60%,996,49,49.8
11:28:00,1460m,73%,73,2346Mi,61%,992,49,49.6
11:29:00,1479m,73%,73.95,2323Mi,60%,992,49,49.6
11:30:00,1434m,71%,71.7,2320Mi,60%,998,49,49.9
11:31:00,1438m,71%,71.9,2336Mi,60%,996,49,49.8
11:32:00,1449m,72%,72.45,2330Mi,60%,1004,50,50.2
11:33:00,1434m,71%,71.7,2333Mi,60%,1030,51,51.5
11:34:00,1466m,73%,73.3,2336Mi,60%,1054,52,52.7
11:35:01,802m,40%,40.1,2343Mi,60%,1070,53,53.5
11:36:00,1106m,55%,55.3,2365Mi,61%,1102,55,55.1
11:37:00,1001m,50%,50.05,2380Mi,61%,1134,56,56.7
11:38:00,820m,41%,41,2393Mi,62%,1166,58,58.3
11:39:00,1171m,58%,58.55,2406Mi,62%,1174,58,58.7
11:40:01,1076m,53%,53.8,2410Mi,62%,1174,58,58.7
11:41:00,1455m,72%,72.75,2409Mi,62%,1158,57,57.9
11:42:00,1502m,75%,75.1,2405Mi,62%,1150,57,57.5
11:43:00,1486m,74%,74.3,2402Mi,62%,1158,57,57.9
11:44:00,1475m,73%,73.75,2404Mi,62%,1142,57,57.1
11:45:00,1473m,73%,73.65,2405Mi,62%,1150,57,57.5
11:46:00,1469m,73%,73.45,2396Mi,62%,1150,57,57.5
11:47:00,1476m,73%,73.8,2405Mi,62%,1166,58,58.3
11:48:01,1477m,73%,73.85,2397Mi,62%,1158,57,57.9
11:49:00,1475m,73%,73.75,2398Mi,62%,1150,57,57.5
11:50:00,1453m,72%,72.65,2396Mi,62%,1158,57,57.9
11:51:00,1495m,74%,74.75,2388Mi,62%,1166,58,58.3
11:52:01,1460m,73%,73,2402Mi,62%,1166,58,58.3
11:53:00,1491m,74%,74.55,2390Mi,62%,1150,57,57.5
11:54:00,1461m,73%,73.05,2388Mi,62%,1142,57,57.1
11:55:00,1493m,74%,74.65,2394Mi,62%,1166,58,58.3
11:56:00,1469m,73%,73.45,2402Mi,62%,1166,58,58.3
11:57:00,1359m,67%,67.95,2396Mi,62%,1166,58,58.3
11:58:00,1450m,72%,72.5,2404Mi,62%,1174,58,58.7
11:59:00,1471m,73%,73.55,2392Mi,62%,1174,58,58.7
12:00:00,1472m,73%,73.6,2401Mi,62%,1166,58,58.3
12:01:00,1492m,74%,74.6,2389Mi,62%,1158,57,57.9
12:02:00,1452m,72%,72.6,2397Mi,62%,1150,57,57.5
12:03:00,1472m,73%,73.6,2387Mi,62%,1150,57,57.5
12:04:00,1477m,73%,73.85,2392Mi,62%,1150,57,57.5
12:05:01,1466m,73%,73.3,2408Mi,62%,1150,57,57.5
12:06:00,1462m,73%,73.1,2404Mi,62%,1142,57,57.1
12:07:00,1474m,73%,73.7,2407Mi,62%,1134,56,56.7
12:08:00,1476m,73%,73.8,2402Mi,62%,1126,56,56.3
12:09:00,1483m,74%,74.15,2398Mi,62%,1142,57,57.1
12:10:00,1466m,73%,73.3,2406Mi,62%,1142,57,57.1
12:11:00,1465m,73%,73.25,2405Mi,62%,1134,56,56.7
12:12:00,1483m,74%,74.15,2392Mi,62%,1150,57,57.5
12:13:00,1474m,73%,73.7,2413Mi,62%,1142,57,57.1
12:14:01,1378m,68%,68.9,2408Mi,62%,1134,56,56.7
12:15:00,1492m,74%,74.6,2404Mi,62%,1134,56,56.7
12:16:00,1502m,75%,75.1,2399Mi,62%,1134,56,56.7
12:17:00,1481m,74%,74.05,2397Mi,62%,1142,57,57.1
12:18:00,1455m,72%,72.75,2412Mi,62%,1150,57,57.5
12:19:00,1511m,75%,75.55,2408Mi,62%,1158,57,57.9
12:20:00,1471m,73%,73.55,2411Mi,62%,1166,58,58.3
12:21:01,1488m,74%,74.4,2418Mi,62%,1174,58,58.7
12:22:00,1481m,74%,74.05,2405Mi,62%,1174,58,58.7
12:23:00,1472m,73%,73.6,2413Mi,62%,1166,58,58.3
12:24:00,1509m,75%,75.45,2405Mi,62%,1166,58,58.3
12:25:00,1469m,73%,73.45,2412Mi,62%,1174,58,58.7
12:26:00,1476m,73%,73.8,2410Mi,62%,1174,58,58.7
12:27:00,1485m,74%,74.25,2410Mi,62%,1174,58,58.7
12:28:00,1500m,75%,75,2411Mi,62%,1150,57,57.5
12:29:00,1484m,74%,74.2,2404Mi,62%,1198,59,59.9
12:30:00,1475m,73%,73.75,2399Mi,62%,1182,59,59.1
12:31:00,1430m,71%,71.5,2403Mi,62%,1158,57,57.9
12:32:00,1453m,72%,72.65,2393Mi,62%,1158,57,57.9
12:33:00,1479m,73%,73.95,2390Mi,62%,1166,58,58.3
12:34:01,1473m,73%,73.65,2401Mi,62%,1158,57,57.9
12:35:00,1489m,74%,74.45,2392Mi,62%,1126,56,56.3
12:36:00,1437m,71%,71.85,2386Mi,62%,1094,54,54.7
12:37:00,1478m,73%,73.9,2377Mi,61%,1078,53,53.9
12:38:00,1466m,73%,73.3,2350Mi,61%,1038,51,51.9
12:39:00,1478m,73%,73.9,2345Mi,61%,1014,50,50.7
12:40:00,1432m,71%,71.6,2320Mi,60%,1014,50,50.7
12:41:00,1459m,72%,72.95,2337Mi,60%,1022,51,51.1
12:42:00,1468m,73%,73.4,2338Mi,60%,1030,51,51.5
12:43:00,1435m,71%,71.75,2331Mi,60%,1054,52,52.7
12:44:00,1204m,60%,60.2,2350Mi,61%,1046,52,52.3
12:45:00,1422m,71%,71.1,2340Mi,60%,1038,51,51.9
12:46:00,1431m,71%,71.55,2334Mi,60%,1038,51,51.9
12:47:00,1469m,73%,73.45,2332Mi,60%,1094,54,54.7
12:48:00,1379m,68%,68.95,2353Mi,61%,1070,53,53.5
12:49:00,1240m,62%,62,2355Mi,61%,1078,53,53.9
12:50:00,1467m,73%,73.35,2360Mi,61%,1070,53,53.5
12:51:00,1433m,71%,71.65,2354Mi,61%,1062,53,53.1
12:52:00,1423m,71%,71.15,2348Mi,61%,1054,52,52.7
12:53:00,1456m,72%,72.8,2347Mi,61%,1054,52,52.7
12:54:00,1453m,72%,72.65,2351Mi,61%,1046,52,52.3
12:55:00,1464m,73%,73.2,2346Mi,61%,1030,51,51.5
12:56:00,1442m,72%,72.1,2338Mi,60%,1054,52,52.7
12:57:00,1180m,59%,59,2345Mi,61%,1054,52,52.7
12:58:01,1410m,70%,70.5,2352Mi,61%,1046,52,52.3
12:59:00,1435m,71%,71.75,2347Mi,61%,998,49,49.9
13:00:00,1450m,72%,72.5,2333Mi,60%,1022,51,51.1
13:01:00,1441m,72%,72.05,2340Mi,60%,1014,50,50.7
13:02:00,1344m,67%,67.2,2325Mi,60%,1014,50,50.7
13:03:00,1432m,71%,71.6,2339Mi,60%,1038,51,51.9
13:04:00,1474m,73%,73.7,2349Mi,61%,1030,51,51.5
13:05:00,1428m,71%,71.4,2345Mi,61%,1030,51,51.5
13:06:00,1438m,71%,71.9,2346Mi,61%,1030,51,51.5
13:07:00,1457m,72%,72.85,2344Mi,61%,1030,51,51.5
13:08:00,1431m,71%,71.55,2338Mi,60%,1022,51,51.1
13:09:00,1451m,72%,72.55,2332Mi,60%,1078,53,53.9
13:10:00,1286m,64%,64.3,2365Mi,61%,1054,52,52.7
13:11:00,1427m,71%,71.35,2352Mi,61%,1070,53,53.5
13:12:00,1451m,72%,72.55,2356Mi,61%,1062,53,53.1
13:13:00,1446m,72%,72.3,2351Mi,61%,1070,53,53.5
13:14:00,1434m,71%,71.7,2355Mi,61%,1086,54,54.3
13:15:00,1455m,72%,72.75,2375Mi,61%,1062,53,53.1
13:16:00,1461m,73%,73.05,2360Mi,61%,1078,53,53.9
13:17:00,1442m,72%,72.1,2366Mi,61%,1078,53,53.9
13:18:00,1428m,71%,71.4,2356Mi,61%,1070,53,53.5
13:19:00,1471m,73%,73.55,2366Mi,61%,1062,53,53.1
13:20:00,1453m,72%,72.65,2368Mi,61%,1054,52,52.7
13:21:00,1427m,71%,71.35,2364Mi,61%,1014,50,50.7
13:22:01,1449m,72%,72.45,2347Mi,61%,1054,52,52.7
13:23:00,1432m,71%,71.6,2350Mi,61%,1028,51,51.4
13:24:00,1341m,67%,67.05,2355Mi,61%,1038,51,51.9
13:25:00,1454m,72%,72.7,2361Mi,61%,1012,50,50.6
13:26:00,1395m,69%,69.75,2352Mi,61%,982,49,49.1
13:27:00,1462m,73%,73.1,2330Mi,60%,978,48,48.9
13:28:00,1361m,68%,68.05,2347Mi,61%,968,48,48.4
13:29:00,1428m,71%,71.4,2334Mi,60%,962,48,48.1
13:30:00,1430m,71%,71.5,2333Mi,60%,950,47,47.5
13:31:00,1433m,71%,71.65,2337Mi,60%,932,46,46.6
13:32:01,1426m,71%,71.3,2319Mi,60%,924,46,46.2
13:33:00,1437m,71%,71.85,2327Mi,60%,886,44,44.3
13:34:00,1406m,70%,70.3,2300Mi,59%,870,43,43.5
13:35:00,1439m,71%,71.95,2298Mi,59%,852,42,42.6
13:36:00,1430m,71%,71.5,2293Mi,59%,888,44,44.4
13:37:00,1398m,69%,69.9,2314Mi,60%,870,43,43.5
13:38:00,1401m,70%,70.05,2293Mi,59%,882,44,44.1
13:39:00,1450m,72%,72.5,2316Mi,60%,882,44,44.1
13:40:00,1404m,70%,70.2,2306Mi,60%,882,44,44.1
13:41:00,1443m,72%,72.15,2314Mi,60%,906,45,45.3
13:42:00,1425m,71%,71.25,2328Mi,60%,900,45,45
13:43:00,1251m,62%,62.55,2316Mi,60%,894,44,44.7
13:44:00,1399m,69%,69.95,2321Mi,60%,870,43,43.5
13:45:00,1466m,73%,73.3,2310Mi,60%,894,44,44.7
13:46:01,1421m,71%,71.05,2322Mi,60%,894,44,44.7
13:47:00,1413m,70%,70.65,2320Mi,60%,888,44,44.4
13:48:00,1402m,70%,70.1,2318Mi,60%,882,44,44.1
13:49:00,1429m,71%,71.45,2304Mi,59%,888,44,44.4
13:50:00,1417m,70%,70.85,2319Mi,60%,888,44,44.4
13:51:00,1449m,72%,72.45,2308Mi,60%,912,45,45.6
13:52:01,1419m,70%,70.95,2327Mi,60%,894,44,44.7
13:53:00,1449m,72%,72.45,2313Mi,60%,882,44,44.1
13:54:00,1432m,71%,71.6,2297Mi,59%,882,44,44.1
13:55:00,1468m,73%,73.4,2304Mi,59%,924,46,46.2
13:56:01,1401m,70%,70.05,2320Mi,60%,912,45,45.6
13:57:00,1419m,70%,70.95,2311Mi,60%,912,45,45.6
13:58:00,1434m,71%,71.7,2325Mi,60%,912,45,45.6
13:59:00,1421m,71%,71.05,2323Mi,60%,894,44,44.7
14:00:00,1449m,72%,72.45,2315Mi,60%,912,45,45.6
14:01:00,1421m,71%,71.05,2310Mi,60%,924,46,46.2
14:02:00,1398m,69%,69.9,2326Mi,60%,912,45,45.6
14:03:00,1421m,71%,71.05,2327Mi,60%,888,44,44.4
14:04:00,1470m,73%,73.5,2310Mi,60%,900,45,45
14:05:00,1430m,71%,71.5,2319Mi,60%,900,45,45
14:06:00,1433m,71%,71.65,2319Mi,60%,900,45,45
14:07:00,1435m,71%,71.75,2320Mi,60%,900,45,45
14:08:00,1452m,72%,72.6,2316Mi,60%,900,45,45
14:09:00,1416m,70%,70.8,2316Mi,60%,900,45,45
14:10:00,1453m,72%,72.65,2316Mi,60%,906,45,45.3
14:11:00,1440m,72%,72,2317Mi,60%,900,45,45
14:12:00,1430m,71%,71.5,2313Mi,60%,900,45,45
14:13:00,1419m,70%,70.95,2310Mi,60%,888,44,44.4
14:14:01,1435m,71%,71.75,2313Mi,60%,882,44,44.1
14:15:00,1411m,70%,70.55,2311Mi,60%,882,44,44.1
14:16:00,1446m,72%,72.3,2300Mi,59%,888,44,44.4