04 17:13:00,307m,15%,15.35,2068Mi,53%,750,37,37.5
04 17:14:00,220m,11%,11,2068Mi,53%,750,37,37.5
04 17:15:00,220m,11%,11,2068Mi,53%,750,37,37.5
04 17:16:00,226m,11%,11.3,2069Mi,53%,778,38,38.9
04 17:17:00,287m,14%,14.35,2077Mi,54%,820,41,41
04 17:18:00,332m,16%,16.6,2088Mi,54%,862,43,43.1
04 17:19:00,328m,16%,16.4,2098Mi,54%,904,45,45.2
04 17:20:00,287m,14%,14.35,2109Mi,54%,960,48,48
04 17:21:00,310m,15%,15.5,2123Mi,55%,1002,50,50.1
04 17:22:01,300m,15%,15,2134Mi,55%,1030,51,51.5
04 17:23:00,307m,15%,15.35,2147Mi,55%,1044,52,52.2
04 17:24:00,405m,20%,20.25,2150Mi,55%,1072,53,53.6
04 17:25:00,343m,17%,17.15,2156Mi,56%,1114,55,55.7
04 17:26:00,339m,16%,16.95,2168Mi,56%,1170,58,58.5
04 17:27:00,358m,17%,17.9,2181Mi,56%,1226,61,61.3
04 17:28:00,359m,17%,17.95,2195Mi,57%,1282,64,64.1
04 17:29:00,383m,19%,19.15,2209Mi,57%,1310,65,65.5
04 17:30:00,419m,20%,20.95,2219Mi,57%,1296,64,64.8
04 17:31:00,512m,25%,25.6,2218Mi,57%,1310,65,65.5
04 17:32:01,555m,27%,27.75,2225Mi,57%,1310,65,65.5
04 17:33:00,538m,26%,26.9,2233Mi,58%,1296,64,64.8
04 17:34:01,636m,31%,31.8,2231Mi,58%,1296,64,64.8
04 17:35:00,585m,29%,29.25,2232Mi,58%,1310,65,65.5
04 17:36:01,588m,29%,29.4,2234Mi,58%,1338,66,66.9
04 17:37:00,435m,21%,21.75,2241Mi,58%,1352,67,67.6
04 17:38:00,509m,25%,25.45,2251Mi,58%,1366,68,68.3
04 17:39:00,567m,28%,28.35,2265Mi,58%,1352,67,67.6
04 17:40:01,869m,43%,43.45,2248Mi,58%,1338,66,66.9
04 17:41:00,767m,38%,38.35,2253Mi,58%,1324,66,66.2
04 17:42:00,760m,38%,38,2245Mi,58%,1338,66,66.9
04 17:43:00,686m,34%,34.3,2249Mi,58%,1338,66,66.9
04 17:44:00,667m,33%,33.35,2249Mi,58%,1338,66,66.9
04 17:45:00,672m,33%,33.6,2252Mi,58%,1324,66,66.2
04 17:46:00,675m,33%,33.75,2250Mi,58%,1324,66,66.2
04 17:47:01,725m,36%,36.25,2251Mi,58%,1338,66,66.9
04 17:48:00,732m,36%,36.6,2255Mi,58%,1310,65,65.5
04 17:49:00,842m,42%,42.1,2249Mi,58%,1310,65,65.5
04 17:50:00,882m,44%,44.1,2250Mi,58%,1310,65,65.5
04 17:51:00,613m,30%,30.65,2249Mi,58%,1310,65,65.5
04 17:52:00,770m,38%,38.5,2264Mi,58%,1310,65,65.5
04 17:53:00,789m,39%,39.45,2258Mi,58%,1296,64,64.8
04 17:54:00,805m,40%,40.25,2252Mi,58%,1296,64,64.8
04 17:55:00,837m,41%,41.85,2258Mi,58%,1268,63,63.4
04 17:56:00,980m,49%,49,2246Mi,58%,1268,63,63.4
04 17:57:00,891m,44%,44.55,2245Mi,58%,1268,63,63.4
04 17:58:00,856m,42%,42.8,2247Mi,58%,1296,64,64.8
04 17:59:00,744m,37%,37.2,2255Mi,58%,1282,64,64.1
04 18:00:00,863m,43%,43.15,2254Mi,58%,1282,64,64.1
04 18:01:01,1086m,54%,54.3,2251Mi,58%,1282,64,64.1
04 18:02:00,934m,46%,46.7,2251Mi,58%,1282,64,64.1
04 18:03:00,868m,43%,43.4,2248Mi,58%,1268,63,63.4
04 18:04:00,878m,43%,43.9,2268Mi,59%,1296,64,64.8
04 18:05:00,1005m,50%,50.25,2256Mi,58%,1296,64,64.8
04 18:06:00,944m,47%,47.2,2257Mi,58%,1310,65,65.5
04 18:07:00,975m,48%,48.75,2264Mi,58%,1310,65,65.5
04 18:08:00,777m,38%,38.85,2276Mi,59%,1310,65,65.5
04 18:09:00,988m,49%,49.4,2264Mi,58%,1310,65,65.5
04 18:10:00,696m,34%,34.8,2270Mi,59%,1310,65,65.5
04 18:11:00,937m,46%,46.85,2280Mi,59%,1310,65,65.5
04 18:12:00,1315m,65%,65.75,2288Mi,59%,1324,66,66.2
04 18:13:00,925m,46%,46.25,2254Mi,58%,1310,65,65.5
04 18:14:00,1221m,61%,61.05,2266Mi,58%,1296,64,64.8
04 18:15:00,1138m,56%,56.9,2248Mi,58%,1324,66,66.2
04 18:16:00,335m,16%,16.75,2253Mi,58%,1296,64,64.8
04 18:17:00,1241m,62%,62.05,2263Mi,58%,1282,64,64.1
04 18:18:00,1270m,63%,63.5,2245Mi,58%,1310,65,65.5
04 18:19:00,1181m,59%,59.05,2252Mi,58%,1268,63,63.4
04 18:20:00,1283m,64%,64.15,2245Mi,58%,1268,63,63.4
04 18:21:00,1001m,50%,50.05,2254Mi,58%,1282,64,64.1
04 18:22:00,874m,43%,43.7,2260Mi,58%,1310,65,65.5
04 18:23:00,768m,38%,38.4,2256Mi,58%,1212,60,60.6
04 18:24:00,1383m,69%,69.15,2250Mi,58%,1170,58,58.5
04 18:25:00,1450m,72%,72.5,2223Mi,57%,1128,56,56.4
04 18:26:00,1426m,71%,71.3,2211Mi,57%,1072,53,53.6
04 18:27:00,1432m,71%,71.6,2215Mi,57%,1086,54,54.3
04 18:28:00,1101m,55%,55.05,2205Mi,57%,1044,52,52.2
04 18:29:00,1260m,63%,63,2207Mi,57%,1016,50,50.8
04 18:30:00,1278m,63%,63.9,2189Mi,56%,1030,51,51.5
04 18:31:00,727m,36%,36.35,2196Mi,57%,1016,50,50.8
04 18:32:00,1092m,54%,54.6,2199Mi,57%,1016,50,50.8
04 18:33:00,1203m,60%,60.15,2196Mi,57%,988,49,49.4
04 18:34:00,1150m,57%,57.5,2197Mi,57%,974,48,48.7
04 18:35:00,980m,49%,49,2179Mi,56%,974,48,48.7
04 18:36:00,1053m,52%,52.65,2194Mi,57%,946,47,47.3
04 18:37:00,1306m,65%,65.3,2177Mi,56%,932,46,46.6
04 18:38:00,1044m,52%,52.2,2187Mi,56%,946,47,47.3
04 18:39:00,880m,44%,44,2176Mi,56%,946,47,47.3
04 18:40:00,1268m,63%,63.4,2189Mi,56%,960,48,48
04 18:41:00,972m,48%,48.6,2177Mi,56%,960,48,48
04 18:42:00,780m,39%,39,2193Mi,57%,974,48,48.7
04 18:43:00,1085m,54%,54.25,2184Mi,56%,1016,50,50.8
04 18:44:00,1005m,50%,50.25,2190Mi,57%,1016,50,50.8
04 18:45:00,778m,38%,38.9,2206Mi,57%,1030,51,51.5
04 18:46:00,980m,49%,49,2197Mi,57%,1016,50,50.8
04 18:47:00,1085m,54%,54.25,2201Mi,57%,1030,51,51.5
04 18:48:00,1269m,63%,63.45,2199Mi,57%,1044,52,52.2
04 18:49:00,989m,49%,49.45,2199Mi,57%,1030,51,51.5
04 18:50:00,1030m,51%,51.5,2210Mi,57%,988,49,49.4
04 18:51:00,1349m,67%,67.45,2186Mi,56%,1002,50,50.1
04 18:52:00,1236m,61%,61.8,2196Mi,57%,1030,51,51.5
04 18:53:00,1146m,57%,57.3,2204Mi,57%,1002,50,50.1
04 18:54:00,819m,40%,40.95,2196Mi,57%,974,48,48.7
04 18:55:00,1327m,66%,66.35,2193Mi,57%,988,49,49.4
04 18:56:00,912m,45%,45.6,2195Mi,57%,1002,50,50.1
04 18:57:00,716m,35%,35.8,2198Mi,57%,1002,50,50.1
04 18:58:00,1029m,51%,51.45,2200Mi,57%,1002,50,50.1
04 18:59:00,1257m,62%,62.85,2209Mi,57%,974,48,48.7
04 19:00:00,1171m,58%,58.55,2199Mi,57%,1002,50,50.1
04 19:01:00,786m,39%,39.3,2199Mi,57%,988,49,49.4
04 19:02:00,827m,41%,41.35,2212Mi,57%,988,49,49.4
04 19:03:01,1285m,64%,64.25,2208Mi,57%,974,48,48.7
04 19:04:00,1222m,61%,61.1,2197Mi,57%,1016,50,50.8
04 19:05:00,1095m,54%,54.75,2203Mi,57%,988,49,49.4
04 19:06:00,1091m,54%,54.55,2200Mi,57%,988,49,49.4
04 19:07:00,1099m,54%,54.95,2213Mi,57%,988,49,49.4
04 19:08:00,1094m,54%,54.7,2214Mi,57%,974,48,48.7
04 19:09:00,1078m,53%,53.9,2203Mi,57%,988,49,49.4
04 19:10:00,852m,42%,42.6,2203Mi,57%,974,48,48.7
04 19:11:00,1145m,57%,57.25,2210Mi,57%,974,48,48.7
04 19:12:00,1248m,62%,62.4,2200Mi,57%,974,48,48.7
04 19:13:00,903m,45%,45.15,2201Mi,57%,960,48,48
04 19:14:00,1144m,57%,57.2,2198Mi,57%,988,49,49.4
04 19:15:00,1132m,56%,56.6,2205Mi,57%,1030,51,51.5
04 19:16:00,1099m,54%,54.95,2208Mi,57%,1038,51,51.9
04 19:17:00,1209m,60%,60.45,2210Mi,57%,1032,51,51.6
04 19:18:00,996m,49%,49.8,2207Mi,57%,1008,50,50.4
04 19:19:00,968m,48%,48.4,2210Mi,57%,1048,52,52.4
04 19:20:00,719m,35%,35.95,2220Mi,57%,1064,53,53.2
04 19:21:00,1129m,56%,56.45,2214Mi,57%,1054,52,52.7
04 19:22:00,1254m,62%,62.7,2204Mi,57%,1034,51,51.7
04 19:23:00,1140m,56%,57,2215Mi,57%,1038,51,51.9
04 19:24:00,973m,48%,48.65,2211Mi,57%,1038,51,51.9
04 19:25:01,1094m,54%,54.7,2214Mi,57%,1092,54,54.6
04 19:26:00,868m,43%,43.4,2217Mi,57%,1074,53,53.7
04 19:27:00,1382m,69%,69.1,2210Mi,57%,1110,55,55.5
04 19:28:01,1227m,61%,61.35,2223Mi,57%,1110,55,55.5
04 19:29:00,1315m,65%,65.75,2212Mi,57%,1092,54,54.6
04 19:30:00,668m,33%,33.4,2218Mi,57%,1074,53,53.7
04 19:31:00,1157m,57%,57.85,2216Mi,57%,1074,53,53.7
04 19:32:00,1221m,61%,61.05,2208Mi,57%,1038,51,51.9
04 19:33:00,1117m,55%,55.85,2203Mi,57%,1092,54,54.6
04 19:34:00,1101m,55%,55.05,2209Mi,57%,1074,53,53.7
04 19:35:00,1105m,55%,55.25,2213Mi,57%,1020,51,51
04 19:36:00,1284m,64%,64.2,2211Mi,57%,1056,52,52.8
04 19:37:00,973m,48%,48.65,2195Mi,57%,1056,52,52.8
04 19:38:00,825m,41%,41.25,2206Mi,57%,1020,51,51
04 19:39:00,1229m,61%,61.45,2194Mi,57%,1038,51,51.9
04 19:40:00,948m,47%,47.4,2199Mi,57%,1056,52,52.8
04 19:41:00,1425m,71%,71.25,2192Mi,57%,1074,53,53.7
04 19:42:00,863m,43%,43.15,2199Mi,57%,1038,51,51.9
04 19:43:00,1172m,58%,58.6,2209Mi,57%,1056,52,52.8
04 19:44:00,1117m,55%,55.85,2207Mi,57%,1020,51,51
04 19:45:00,1082m,54%,54.1,2195Mi,57%,1074,53,53.7
04 19:46:00,811m,40%,40.55,2201Mi,57%,1038,51,51.9
04 19:47:01,1157m,57%,57.85,2194Mi,57%,1056,52,52.8
04 19:48:00,1152m,57%,57.6,2207Mi,57%,1020,51,51
04 19:49:00,1326m,66%,66.3,2207Mi,57%,1038,51,51.9
04 19:50:00,1164m,58%,58.2,2202Mi,57%,1002,50,50.1
04 19:51:00,1208m,60%,60.4,2193Mi,57%,1074,53,53.7
04 19:52:00,811m,40%,40.55,2201Mi,57%,1056,52,52.8
04 19:53:00,880m,44%,44,2211Mi,57%,1092,54,54.6
04 19:54:00,1138m,56%,56.9,2217Mi,57%,1074,53,53.7
04 19:55:00,1331m,66%,66.55,2211Mi,57%,1056,52,52.8
04 19:56:00,1104m,55%,55.2,2213Mi,57%,1056,52,52.8
04 19:57:00,1331m,66%,66.55,2202Mi,57%,1092,54,54.6
04 19:58:00,1082m,54%,54.1,2203Mi,57%,1074,53,53.7
04 19:59:00,1238m,61%,61.9,2214Mi,57%,1092,54,54.6
04 20:00:00,1391m,69%,69.55,2210Mi,57%,1038,51,51.9
04 20:01:00,1145m,57%,57.25,2205Mi,57%,1074,53,53.7
04 20:02:00,1393m,69%,69.65,2199Mi,57%,1038,51,51.9
04 20:03:00,1352m,67%,67.6,2196Mi,57%,1038,51,51.9
04 20:04:00,914m,45%,45.7,2211Mi,57%,1092,54,54.6
04 20:05:00,995m,49%,49.75,2204Mi,57%,1038,51,51.9
04 20:06:00,1344m,67%,67.2,2196Mi,57%,1092,54,54.6
04 20:07:00,780m,39%,39,2220Mi,57%,1092,54,54.6
04 20:08:00,1320m,66%,66,2206Mi,57%,1092,54,54.6
04 20:09:00,861m,43%,43.05,2221Mi,57%,1164,58,58.2
04 20:10:01,1108m,55%,55.4,2219Mi,57%,1128,56,56.4
04 20:11:00,1366m,68%,68.3,2217Mi,57%,1128,56,56.4
04 20:12:00,1307m,65%,65.35,2221Mi,57%,1092,54,54.6
04 20:13:00,1220m,61%,61,2212Mi,57%,1056,52,52.8
04 20:14:00,1397m,69%,69.85,2209Mi,57%,1110,55,55.5
04 20:15:00,1181m,59%,59.05,2224Mi,57%,1074,53,53.7
04 20:16:00,1396m,69%,69.8,2220Mi,57%,1056,52,52.8
04 20:17:00,1161m,58%,58.05,2216Mi,57%,1103,55,55.15
04 20:18:00,1140m,56%,57,2228Mi,57%,1101,55,55.05
04 20:19:00,1153m,57%,57.65,2219Mi,57%,1104,55,55.2
04 20:20:00,1214m,60%,60.7,2233Mi,58%,1107,55,55.35
04 20:21:00,1294m,64%,64.7,2241Mi,58%,1061,53,53.05
04 20:22:00,1421m,71%,71.05,2226Mi,57%,1108,55,55.4
04 20:23:00,1220m,61%,61,2249Mi,58%,1062,53,53.1
04 20:24:00,1421m,71%,71.05,2229Mi,58%,1140,56,57
04 20:25:01,607m,30%,30.35,2246Mi,58%,1127,56,56.35
04 20:26:00,1329m,66%,66.45,2270Mi,59%,1153,57,57.65
04 20:27:00,1316m,65%,65.8,2269Mi,59%,1127,56,56.35
04 20:28:00,1405m,70%,70.25,2260Mi,58%,1101,55,55.05
04 20:29:00,1454m,72%,72.7,2257Mi,58%,1140,56,57
04 20:30:00,1347m,67%,67.35,2269Mi,59%,1101,55,55.05
04 20:31:00,1294m,64%,64.7,2260Mi,58%,1153,57,57.65
04 20:32:00,1028m,51%,51.4,2275Mi,59%,1101,55,55.05
04 20:33:00,1421m,71%,71.05,2252Mi,58%,1140,56,57
04 20:34:00,1282m,64%,64.1,2272Mi,59%,1114,55,55.7
04 20:35:00,1400m,70%,70,2265Mi,58%,1153,57,57.65
04 20:36:00,1255m,62%,62.75,2263Mi,58%,1153,57,57.65
04 20:37:00,1362m,68%,68.1,2267Mi,59%,1101,55,55.05
04 20:38:00,1384m,69%,69.2,2260Mi,58%,1114,55,55.7
04 20:39:00,1442m,72%,72.1,2265Mi,58%,1114,55,55.7
04 20:40:00,916m,45%,45.8,2250Mi,58%,1166,58,58.3
04 20:41:00,1279m,63%,63.95,2265Mi,58%,1127,56,56.35
04 20:42:01,1381m,69%,69.05,2271Mi,59%,1140,56,57
04 20:43:00,1296m,64%,64.8,2260Mi,58%,1075,53,53.75
04 20:44:00,1410m,70%,70.5,2245Mi,58%,1114,55,55.7
04 20:45:00,1263m,63%,63.15,2264Mi,58%,1127,56,56.35
04 20:46:00,1298m,64%,64.9,2260Mi,58%,1062,53,53.1
04 20:47:00,1391m,69%,69.55,2255Mi,58%,1062,53,53.1
04 20:48:00,1448m,72%,72.4,2247Mi,58%,1114,55,55.7
04 20:49:00,1239m,61%,61.95,2263Mi,58%,1127,56,56.35
04 20:50:00,1294m,64%,64.7,2259Mi,58%,1088,54,54.4
04 20:51:00,1415m,70%,70.75,2246Mi,58%,1114,55,55.7
04 20:52:00,1247m,62%,62.35,2253Mi,58%,1101,55,55.05
04 20:53:00,1392m,69%,69.6,2261Mi,58%,1140,56,57
04 20:54:00,1421m,71%,71.05,2260Mi,58%,1127,56,56.35
04 20:55:00,1210m,60%,60.5,2257Mi,58%,1075,53,53.75
04 20:56:00,1012m,50%,50.6,2265Mi,58%,1049,52,52.45
04 20:57:00,1463m,73%,73.15,2250Mi,58%,1101,55,55.05
04 20:58:00,1323m,66%,66.15,2262Mi,58%,1127,56,56.35
04 20:59:00,1369m,68%,68.45,2250Mi,58%,1101,55,55.05
04 21:00:00,1344m,67%,67.2,2247Mi,58%,1127,56,56.35
04 21:01:00,1301m,65%,65.05,2250Mi,58%,1088,54,54.4
04 21:02:00,1373m,68%,68.65,2247Mi,58%,1114,55,55.7
04 21:03:00,1336m,66%,66.8,2247Mi,58%,1114,55,55.7
04 21:04:00,1140m,56%,57,2246Mi,58%,1088,54,54.4
04 21:05:00,1085m,54%,54.25,2244Mi,58%,1088,54,54.4
04 21:06:00,1376m,68%,68.8,2255Mi,58%,1114,55,55.7
04 21:07:00,1333m,66%,66.65,2247Mi,58%,1127,56,56.35
04 21:08:00,1311m,65%,65.55,2258Mi,58%,1088,54,54.4
04 21:09:00,1413m,70%,70.65,2250Mi,58%,1153,57,57.65
04 21:10:00,1443m,72%,72.15,2252Mi,58%,1114,55,55.7
04 21:11:00,1289m,64%,64.45,2252Mi,58%,1166,58,58.3
04 21:12:00,1458m,72%,72.9,2275Mi,59%,1140,56,57
04 21:13:01,1390m,69%,69.5,2267Mi,59%,1114,55,55.7
04 21:14:00,1250m,62%,62.5,2260Mi,58%,1088,54,54.4
04 21:15:00,1212m,60%,60.6,2258Mi,58%,1127,56,56.35
04 21:16:00,1099m,54%,54.95,2268Mi,59%,1118,55,55.9
04 21:17:00,1424m,71%,71.2,2249Mi,58%,1096,54,54.8
04 21:18:00,1024m,51%,51.2,2258Mi,58%,1095,54,54.75
04 21:19:00,1347m,67%,67.35,2240Mi,58%,1060,53,53
04 21:20:00,1347m,67%,67.35,2235Mi,58%,1059,52,52.95
04 21:21:00,1349m,67%,67.45,2227Mi,57%,1007,50,50.35
04 21:22:00,1344m,67%,67.2,2230Mi,58%,1049,52,52.45
04 21:23:01,1020m,51%,51,2236Mi,58%,1048,52,52.4
04 21:24:00,1189m,59%,59.45,2226Mi,57%,1052,52,52.6
04 21:25:00,1177m,58%,58.85,2234Mi,58%,1056,52,52.8
04 21:26:00,1369m,68%,68.45,2222Mi,57%,1039,51,51.95
04 21:27:00,1326m,66%,66.3,2230Mi,58%,1090,54,54.5
04 21:28:00,1231m,61%,61.55,2228Mi,57%,1056,52,52.8
04 21:29:00,1424m,71%,71.2,2232Mi,58%,1124,56,56.2
04 21:30:01,1043m,52%,52.15,2232Mi,58%,1073,53,53.65
04 21:31:01,1380m,69%,69,2226Mi,57%,1039,51,51.95
04 21:32:00,1285m,64%,64.25,2216Mi,57%,1039,51,51.95
04 21:33:00,1152m,57%,57.6,2215Mi,57%,1039,51,51.95
04 21:34:01,1034m,51%,51.7,2230Mi,58%,1073,53,53.65
04 21:35:00,1128m,56%,56.4,2237Mi,58%,1022,51,51.1
04 21:36:00,1420m,71%,71,2217Mi,57%,1056,52,52.8
04 21:37:01,1004m,50%,50.2,2230Mi,58%,1005,50,50.25
04 21:38:00,1403m,70%,70.15,2217Mi,57%,1039,51,51.95
04 21:39:00,1065m,53%,53.25,2231Mi,58%,1039,51,51.95
04 21:40:00,1414m,70%,70.7,2231Mi,58%,1039,51,51.95
04 21:41:00,1248m,62%,62.4,2216Mi,57%,1022,51,51.1
04 21:42:00,1250m,62%,62.5,2213Mi,57%,1005,50,50.25
04 21:43:00,1235m,61%,61.75,2220Mi,57%,1022,51,51.1
04 21:44:00,1017m,50%,50.85,2231Mi,58%,1005,50,50.25
04 21:45:00,1394m,69%,69.7,2232Mi,58%,1022,51,51.1
04 21:46:00,1074m,53%,53.7,2231Mi,58%,1005,50,50.25
04 21:47:00,1393m,69%,69.65,2226Mi,57%,1039,51,51.95
04 21:48:00,1157m,57%,57.85,2238Mi,58%,1056,52,52.8
04 21:49:00,1212m,60%,60.6,2242Mi,58%,1090,54,54.5
04 21:50:00,1139m,56%,56.95,2249Mi,58%,1107,55,55.35
04 21:51:00,1419m,70%,70.95,2235Mi,58%,1090,54,54.5
04 21:52:00,1262m,63%,63.1,2245Mi,58%,1073,53,53.65
04 21:53:00,1036m,51%,51.8,2246Mi,58%,1107,55,55.35
04 21:54:00,1309m,65%,65.45,2239Mi,58%,1073,53,53.65
04 21:55:00,1155m,57%,57.75,2241Mi,58%,1039,51,51.95
04 21:56:00,1419m,70%,70.95,2230Mi,58%,1022,51,51.1
04 21:57:00,1033m,51%,51.65,2230Mi,58%,1005,50,50.25
04 21:58:00,1248m,62%,62.4,2230Mi,58%,988,49,49.4
04 21:59:00,1074m,53%,53.7,2213Mi,57%,1005,50,50.25
04 22:00:00,1305m,65%,65.25,2221Mi,57%,1022,51,51.1
04 22:01:00,1073m,53%,53.65,2235Mi,58%,971,48,48.55
04 22:02:00,929m,46%,46.45,2214Mi,57%,1022,51,51.1
04 22:03:00,1058m,52%,52.9,2225Mi,57%,1005,50,50.25
04 22:04:00,995m,49%,49.75,2234Mi,58%,1056,52,52.8
04 22:05:00,1413m,70%,70.65,2224Mi,57%,1039,51,51.95
04 22:06:00,1162m,58%,58.1,2239Mi,58%,1022,51,51.1
04 22:07:01,1184m,59%,59.2,2221Mi,57%,1005,50,50.25
04 22:08:00,1033m,51%,51.65,2218Mi,57%,1022,51,51.1
04 22:09:00,1087m,54%,54.35,2223Mi,57%,1022,51,51.1
04 22:10:01,1381m,69%,69.05,2237Mi,58%,1022,51,51.1
04 22:11:00,1052m,52%,52.6,2237Mi,58%,1073,53,53.65
04 22:12:00,1377m,68%,68.85,2231Mi,58%,1005,50,50.25
04 22:13:00,1144m,57%,57.2,2232Mi,58%,1039,51,51.95
04 22:14:00,1171m,58%,58.55,2225Mi,57%,1022,51,51.1
04 22:15:00,1185m,59%,59.25,2224Mi,57%,1005,50,50.25
04 22:16:00,1331m,66%,66.55,2220Mi,57%,988,49,49.4
04 22:17:00,890m,44%,44.5,2232Mi,58%,967,48,48.35
04 22:18:00,1031m,51%,51.55,2219Mi,57%,980,49,49
04 22:19:01,1265m,63%,63.25,2216Mi,57%,910,45,45.5
04 22:20:00,1165m,58%,58.25,2219Mi,57%,985,49,49.25
04 22:21:00,1220m,61%,61,2220Mi,57%,951,47,47.55
04 22:22:00,1366m,68%,68.3,2215Mi,57%,1009,50,50.45
04 22:23:00,1286m,64%,64.3,2242Mi,58%,1020,51,51
04 22:24:00,1192m,59%,59.6,2230Mi,58%,1080,54,54
04 22:25:01,1174m,58%,58.7,2259Mi,58%,1095,54,54.75
04 22:26:00,1020m,51%,51,2265Mi,58%,1155,57,57.75
04 22:27:00,817m,40%,40.85,2259Mi,58%,1185,59,59.25
04 22:28:00,1168m,58%,58.4,2267Mi,59%,1215,60,60.75
04 22:29:00,1286m,64%,64.3,2276Mi,59%,1185,59,59.25
04 22:30:00,846m,42%,42.3,2277Mi,59%,1245,62,62.25
04 22:31:00,1284m,64%,64.2,2286Mi,59%,1200,60,60
04 22:32:00,1402m,70%,70.1,2272Mi,59%,1260,63,63
04 22:33:00,1415m,70%,70.75,2285Mi,59%,1200,60,60
04 22:34:00,1402m,70%,70.1,2285Mi,59%,1230,61,61.5
04 22:35:00,1445m,72%,72.25,2273Mi,59%,1215,60,60.75
04 22:36:00,1245m,62%,62.25,2270Mi,59%,1185,59,59.25
04 22:37:00,1429m,71%,71.45,2265Mi,58%,1215,60,60.75
04 22:38:00,1426m,71%,71.3,2281Mi,59%,1245,62,62.25
04 22:39:00,1439m,71%,71.95,2285Mi,59%,1230,61,61.5
04 22:40:00,1414m,70%,70.7,2282Mi,59%,1215,60,60.75
04 22:41:00,1391m,69%,69.55,2281Mi,59%,1215,60,60.75
04 22:42:01,1294m,64%,64.7,2258Mi,58%,1245,62,62.25
04 22:43:00,1304m,65%,65.2,2263Mi,58%,1200,60,60
04 22:44:00,1410m,70%,70.5,2254Mi,58%,1245,62,62.25
04 22:45:00,1197m,59%,59.85,2268Mi,59%,1215,60,60.75
04 22:46:00,1412m,70%,70.6,2266Mi,58%,1230,61,61.5
04 22:47:00,1445m,72%,72.25,2255Mi,58%,1245,62,62.25
04 22:48:00,1280m,64%,64,2270Mi,59%,1230,61,61.5
04 22:49:00,1448m,72%,72.4,2261Mi,58%,1215,60,60.75
04 22:50:00,1452m,72%,72.6,2259Mi,58%,1230,61,61.5
04 22:51:00,1430m,71%,71.5,2274Mi,59%,1245,62,62.25
04 22:52:00,1312m,65%,65.6,2277Mi,59%,1290,64,64.5
04 22:53:00,1438m,71%,71.9,2270Mi,59%,1230,61,61.5
04 22:54:00,1337m,66%,66.85,2262Mi,58%,1260,63,63
04 22:55:00,1270m,63%,63.5,2278Mi,59%,1200,60,60
04 22:56:00,1409m,70%,70.45,2259Mi,58%,1260,63,63
04 22:57:00,1399m,69%,69.95,2272Mi,59%,1215,60,60.75
04 22:58:00,1419m,70%,70.95,2272Mi,59%,1275,63,63.75
04 22:59:00,1339m,66%,66.95,2270Mi,59%,1215,60,60.75
04 23:00:00,1419m,70%,70.95,2273Mi,59%,1215,60,60.75
04 23:01:00,1425m,71%,71.25,2260Mi,58%,1200,60,60
04 23:02:00,1437m,71%,71.85,2271Mi,59%,1185,59,59.25
04 23:03:00,1458m,72%,72.9,2267Mi,59%,1215,60,60.75
04 23:04:00,1167m,58%,58.35,2272Mi,59%,1260,63,63
04 23:05:00,1313m,65%,65.65,2288Mi,59%,1245,62,62.25
04 23:06:01,1422m,71%,71.1,2276Mi,59%,1275,63,63.75
04 23:07:00,1056m,52%,52.8,2273Mi,59%,1215,60,60.75
04 23:08:00,1408m,70%,70.4,2275Mi,59%,1215,60,60.75
04 23:09:01,1381m,69%,69.05,2275Mi,59%,1185,59,59.25
04 23:10:00,1420m,71%,71,2258Mi,58%,1275,63,63.75
04 23:11:00,1220m,61%,61,2272Mi,59%,1215,60,60.75
04 23:12:00,1389m,69%,69.45,2268Mi,59%,1230,61,61.5
04 23:13:00,1446m,72%,72.3,2278Mi,59%,1185,59,59.25
04 23:14:01,1468m,73%,73.4,2251Mi,58%,1215,60,60.75
04 23:15:00,1414m,70%,70.7,2281Mi,59%,1200,60,60
04 23:16:00,1357m,67%,67.85,2274Mi,59%,1184,59,59.2
04 23:17:01,1400m,70%,70,2275Mi,59%,1198,59,59.9
04 23:18:00,1415m,70%,70.75,2280Mi,59%,1195,59,59.75
04 23:19:00,1036m,51%,51.8,2275Mi,59%,1209,60,60.45
04 23:20:00,1396m,69%,69.8,2285Mi,59%,1177,58,58.85
04 23:21:00,1438m,71%,71.9,2265Mi,58%,1159,57,57.95
04 23:22:00,1439m,71%,71.95,2268Mi,59%,1214,60,60.7
04 23:23:00,1348m,67%,67.4,2290Mi,59%,1154,57,57.7
04 23:24:01,1403m,70%,70.15,2262Mi,58%,1166,58,58.3
04 23:25:00,1438m,71%,71.9,2277Mi,59%,1075,53,53.75
04 23:26:00,1422m,71%,71.1,2256Mi,58%,1103,55,55.15
04 23:27:00,1440m,72%,72,2265Mi,58%,1044,52,52.2
04 23:28:00,1418m,70%,70.9,2252Mi,58%,1058,52,52.9
04 23:29:00,1434m,71%,71.7,2250Mi,58%,1086,54,54.3
04 23:30:00,1417m,70%,70.85,2262Mi,58%,1072,53,53.6
04 23:31:00,1409m,70%,70.45,2246Mi,58%,1030,51,51.5
04 23:32:00,1439m,71%,71.95,2233Mi,58%,1100,55,55
04 23:33:00,1179m,58%,58.95,2265Mi,58%,1058,52,52.9
04 23:34:00,1416m,70%,70.8,2237Mi,58%,1044,52,52.2
04 23:35:00,1425m,71%,71.25,2243Mi,58%,1030,51,51.5
04 23:36:00,1400m,70%,70,2251Mi,58%,1058,52,52.9
04 23:37:00,1438m,71%,71.9,2257Mi,58%,1044,52,52.2
04 23:38:00,1394m,69%,69.7,2249Mi,58%,1044,52,52.2
04 23:39:00,1422m,71%,71.1,2252Mi,58%,1044,52,52.2
04 23:40:00,1426m,71%,71.3,2248Mi,58%,1044,52,52.2
04 23:41:00,1416m,70%,70.8,2255Mi,58%,1016,50,50.8
04 23:42:00,1437m,71%,71.85,2247Mi,58%,1086,54,54.3
04 23:43:00,1442m,72%,72.1,2259Mi,58%,1086,54,54.3
04 23:44:00,1421m,71%,71.05,2260Mi,58%,1086,54,54.3
04 23:45:00,1433m,71%,71.65,2251Mi,58%,1086,54,54.3
04 23:46:00,1428m,71%,71.4,2260Mi,58%,1100,55,55
04 23:47:00,1445m,72%,72.25,2265Mi,58%,1086,54,54.3
04 23:48:00,1412m,70%,70.6,2260Mi,58%,1086,54,54.3
04 23:49:00,1440m,72%,72,2260Mi,58%,1072,53,53.6
04 23:50:00,1402m,70%,70.1,2254Mi,58%,1072,53,53.6
04 23:51:01,1467m,73%,73.35,2254Mi,58%,988,49,49.4
04 23:52:00,1507m,75%,75.35,2250Mi,58%,1044,52,52.2
04 23:53:00,1555m,77%,77.75,2246Mi,58%,1016,50,50.8
04 23:54:00,1461m,73%,73.05,2233Mi,58%,1002,50,50.1
04 23:55:00,1488m,74%,74.4,2236Mi,58%,1002,50,50.1
04 23:56:00,1507m,75%,75.35,2245Mi,58%,1002,50,50.1
04 23:57:00,1452m,72%,72.6,2232Mi,58%,1002,50,50.1
04 23:58:00,1479m,73%,73.95,2231Mi,58%,1030,51,51.5
04 23:59:00,1460m,73%,73,2244Mi,58%,1030,51,51.5
05 00:00:01,1452m,72%,72.6,2232Mi,58%,1075,53,53.75
05 00:01:00,1474m,73%,73.7,2244Mi,58%,1843,92,92.15
05 00:02:00,1919m,95%,95.95,2405Mi,62%,1857,92,92.85
05 00:03:00,1727m,86%,86.35,2409Mi,62%,1871,93,93.55
05 00:04:00,1620m,81%,81,2405Mi,62%,1899,94,94.95
05 00:05:00,1720m,86%,86,2404Mi,62%,1899,94,94.95
05 00:06:00,1649m,82%,82.45,2417Mi,62%,1885,94,94.25
05 00:07:00,1569m,78%,78.45,2417Mi,62%,1843,92,92.15
05 00:08:00,1540m,77%,77,2416Mi,62%,1827,91,91.35
05 00:09:00,1639m,81%,81.95,2402Mi,62%,1826,91,91.3
05 00:10:00,1807m,90%,90.35,2411Mi,62%,1835,91,91.75
05 00:11:01,1700m,85%,85,2419Mi,62%,1823,91,91.15
05 00:12:01,1643m,82%,82.15,2409Mi,62%,1840,92,92
05 00:13:00,1693m,84%,84.65,2431Mi,63%,1841,92,92.05
05 00:14:00,1592m,79%,79.6,2426Mi,63%,1841,92,92.05
05 00:15:00,1643m,82%,82.15,2445Mi,63%,1827,91,91.35
05 00:16:00,1627m,81%,81.35,2442Mi,63%,1836,91,91.8
05 00:17:00,1579m,78%,78.95,2442Mi,63%,1846,92,92.3
05 00:18:00,1693m,84%,84.65,2457Mi,63%,1831,91,91.55
05 00:19:00,1611m,80%,80.55,2452Mi,63%,1827,91,91.35
05 00:20:00,1696m,84%,84.8,2451Mi,63%,1856,92,92.8
05 00:21:00,1632m,81%,81.6,2446Mi,63%,1831,91,91.55
05 00:22:00,1603m,80%,80.15,2443Mi,63%,1825,91,91.25
05 00:23:00,1672m,83%,83.6,2448Mi,63%,1830,91,91.5
05 00:24:00,1650m,82%,82.5,2449Mi,63%,1820,91,91
05 00:25:00,1637m,81%,81.85,2449Mi,63%,1822,91,91.1
05 00:26:00,1694m,84%,84.7,2433Mi,63%,1833,91,91.65
05 00:27:00,1634m,81%,81.7,2441Mi,63%,1830,91,91.5
05 00:28:00,1622m,81%,81.1,2452Mi,63%,1821,91,91.05
05 00:29:00,1624m,81%,81.2,2429Mi,63%,1842,92,92.1
05 00:30:00,1644m,82%,82.2,2446Mi,63%,1833,91,91.65
05 00:31:00,1623m,81%,81.15,2446Mi,63%,1821,91,91.05
05 00:32:01,1606m,80%,80.3,2448Mi,63%,1821,91,91.05
05 00:33:00,1625m,81%,81.25,2439Mi,63%,1830,91,91.5
05 00:34:00,1678m,83%,83.9,2442Mi,63%,1829,91,91.45
05 00:35:00,1634m,81%,81.7,2456Mi,63%,1823,91,91.15
05 00:36:00,1672m,83%,83.6,2448Mi,63%,1831,91,91.55
05 00:37:00,1679m,83%,83.95,2460Mi,64%,1822,91,91.1
05 00:38:00,1604m,80%,80.2,2459Mi,63%,1832,91,91.6
05 00:39:00,1616m,80%,80.8,2470Mi,64%,1826,91,91.3
05 00:40:00,1641m,82%,82.05,2458Mi,63%,1830,91,91.5
05 00:41:00,1642m,82%,82.1,2455Mi,63%,1831,91,91.55
05 00:42:00,1681m,84%,84.05,2446Mi,63%,1821,91,91.05
05 00:43:00,1630m,81%,81.5,2480Mi,64%,1827,91,91.35
05 00:44:00,1656m,82%,82.8,2448Mi,63%,1829,91,91.45
05 00:45:00,1551m,77%,77.55,2455Mi,63%,1820,91,91
05 00:46:00,1514m,75%,75.7,2471Mi,64%,1827,91,91.35
05 00:47:00,1636m,81%,81.8,2425Mi,63%,1834,91,91.7
05 00:48:00,1478m,73%,73.9,2423Mi,63%,1828,91,91.4
05 00:49:00,1379m,68%,68.95,2438Mi,63%,1822,91,91.1
05 00:50:00,1582m,79%,79.1,2440Mi,63%,1813,90,90.65
05 00:51:00,1092m,54%,54.6,2424Mi,63%,1823,91,91.15
05 00:52:01,1346m,67%,67.3,2425Mi,63%,1834,91,91.7
05 00:53:00,966m,48%,48.3,2447Mi,63%,1820,91,91
05 00:54:00,960m,48%,48,2429Mi,63%,1755,87,87.75
05 00:55:00,744m,37%,37.2,2416Mi,62%,1688,84,84.4
05 00:56:01,617m,30%,30.85,2399Mi,62%,1625,81,81.25
05 00:57:00,586m,29%,29.3,2387Mi,62%,1561,78,78.05
05 00:58:00,587m,29%,29.35,2374Mi,61%,1438,71,71.9
05 00:59:00,594m,29%,29.7,2333Mi,60%,1384,69,69.2
05 01:00:00,581m,29%,29.05,2316Mi,60%,1311,65,65.55
05 01:01:00,569m,28%,28.45,2298Mi,59%,1205,60,60.25
05 01:02:00,548m,27%,27.4,2275Mi,59%,1127,56,56.35
05 01:03:00,497m,24%,24.85,2255Mi,58%,1110,55,55.5
05 01:04:00,442m,22%,22.1,2251Mi,58%,1053,52,52.65
05 01:05:00,463m,23%,23.15,2235Mi,58%,1039,51,51.95
05 01:06:00,437m,21%,21.85,2231Mi,58%,1056,52,52.8
05 01:07:00,464m,23%,23.2,2231Mi,58%,1056,52,52.8
05 01:08:00,413m,20%,20.65,2231Mi,58%,1056,52,52.8
05 01:09:00,430m,21%,21.5,2231Mi,58%,1056,52,52.8
05 01:10:01,426m,21%,21.3,2227Mi,57%,1039,51,51.95
05 01:11:00,415m,20%,20.75,2227Mi,57%,1039,51,51.95
05 01:12:00,425m,21%,21.25,2225Mi,57%,1039,51,51.95
05 01:13:00,422m,21%,21.1,2226Mi,57%,1056,52,52.8
05 01:14:00,421m,21%,21.05,2228Mi,57%,1056,52,52.8
05 01:15:00,417m,20%,20.85,2228Mi,57%,1056,52,52.8
05 01:16:00,408m,20%,20.4,2227Mi,57%,1063,53,53.15
05 01:17:00,391m,19%,19.55,2225Mi,57%,1036,51,51.8
05 01:18:00,364m,18%,18.2,2226Mi,57%,1050,52,52.5
05 01:19:01,402m,20%,20.1,2227Mi,57%,1040,52,52
05 01:20:00,377m,18%,18.85,2223Mi,57%,1054,52,52.7
05 01:21:00,384m,19%,19.2,2218Mi,57%,1044,52,52.2
05 01:22:00,407m,20%,20.35,2214Mi,57%,1058,52,52.9
05 01:23:00,386m,19%,19.3,2218Mi,57%,1024,51,51.2
05 01:24:00,363m,18%,18.15,2206Mi,57%,990,49,49.5
05 01:25:00,410m,20%,20.5,2200Mi,57%,990,49,49.5
05 01:26:00,341m,17%,17.05,2199Mi,57%,990,49,49.5
05 01:27:00,372m,18%,18.6,2200Mi,57%,990,49,49.5
05 01:28:00,336m,16%,16.8,2199Mi,57%,990,49,49.5
05 01:29:00,360m,18%,18,2200Mi,57%,990,49,49.5
05 01:30:01,361m,18%,18.05,2199Mi,57%,990,49,49.5
05 01:31:00,359m,17%,17.95,2200Mi,57%,990,49,49.5
05 01:32:00,333m,16%,16.65,2200Mi,57%,990,49,49.5
05 01:33:00,360m,18%,18,2201Mi,57%,990,49,49.5
05 01:34:00,317m,15%,15.85,2200Mi,57%,990,49,49.5
05 01:35:00,373m,18%,18.65,2201Mi,57%,990,49,49.5
05 01:36:00,323m,16%,16.15,2200Mi,57%,990,49,49.5
05 01:37:00,343m,17%,17.15,2201Mi,57%,990,49,49.5
05 01:38:00,306m,15%,15.3,2201Mi,57%,990,49,49.5
05 01:39:00,346m,17%,17.3,2201Mi,57%,990,49,49.5
05 01:40:00,321m,16%,16.05,2201Mi,57%,990,49,49.5
05 01:41:01,341m,17%,17.05,2202Mi,57%,990,49,49.5
05 01:42:00,311m,15%,15.55,2199Mi,57%,990,49,49.5
05 01:43:00,334m,16%,16.7,2202Mi,57%,990,49,49.5
05 01:44:00,309m,15%,15.45,2199Mi,57%,990,49,49.5
05 01:45:00,361m,18%,18.05,2202Mi,57%,990,49,49.5
05 01:46:00,305m,15%,15.25,2201Mi,57%,990,49,49.5
05 01:47:00,360m,18%,18,2202Mi,57%,990,49,49.5
05 01:48:00,300m,15%,15,2202Mi,57%,990,49,49.5
05 01:49:00,333m,16%,16.65,2202Mi,57%,990,49,49.5
05 01:50:00,317m,15%,15.85,2202Mi,57%,990,49,49.5
05 01:51:00,323m,16%,16.15,2202Mi,57%,990,49,49.5
05 01:52:00,305m,15%,15.25,2196Mi,57%,990,49,49.5
05 01:53:00,325m,16%,16.25,2196Mi,57%,990,49,49.5
05 01:54:00,297m,14%,14.85,2196Mi,57%,990,49,49.5
05 01:55:00,354m,17%,17.7,2196Mi,57%,990,49,49.5
05 01:56:00,294m,14%,14.7,2196Mi,57%,990,49,49.5
05 01:57:00,332m,16%,16.6,2204Mi,57%,990,49,49.5
05 01:58:00,295m,14%,14.75,2203Mi,57%,990,49,49.5
05 01:59:00,325m,16%,16.25,2204Mi,57%,990,49,49.5
05 02:00:00,309m,15%,15.45,2204Mi,57%,990,49,49.5
05 02:01:00,333m,16%,16.65,2204Mi,57%,990,49,49.5
05 02:02:00,287m,14%,14.35,2204Mi,57%,990,49,49.5
05 02:03:00,320m,16%,16,2204Mi,57%,990,49,49.5
05 02:04:00,284m,14%,14.2,2205Mi,57%,990,49,49.5
05 02:05:00,334m,16%,16.7,2205Mi,57%,990,49,49.5
05 02:06:00,286m,14%,14.3,2204Mi,57%,990,49,49.5
05 02:07:00,317m,15%,15.85,2205Mi,57%,990,49,49.5
05 02:08:00,297m,14%,14.85,2202Mi,57%,990,49,49.5
05 02:09:01,309m,15%,15.45,2204Mi,57%,990,49,49.5
05 02:10:00,305m,15%,15.25,2204Mi,57%,990,49,49.5
05 02:11:01,329m,16%,16.45,2205Mi,57%,990,49,49.5
05 02:12:00,286m,14%,14.3,2205Mi,57%,990,49,49.5
05 02:13:00,310m,15%,15.5,2205Mi,57%,990,49,49.5
05 02:14:00,286m,14%,14.3,2205Mi,57%,990,49,49.5
05 02:15:01,333m,16%,16.65,2205Mi,57%,990,49,49.5
05 02:16:00,302m,15%,15.1,2205Mi,57%,986,49,49.3
05 02:17:00,314m,15%,15.7,2206Mi,57%,982,49,49.1
05 02:18:01,302m,15%,15.1,2206Mi,57%,954,47,47.7
05 02:19:00,292m,14%,14.6,2203Mi,57%,970,48,48.5
05 02:20:00,323m,16%,16.15,2206Mi,57%,942,47,47.1
05 02:21:00,294m,14%,14.7,2204Mi,57%,918,45,45.9
05 02:22:00,289m,14%,14.45,2201Mi,57%,870,43,43.5
05 02:23:00,317m,15%,15.85,2195Mi,57%,870,43,43.5
05 02:24:01,288m,14%,14.4,2193Mi,57%,870,43,43.5
05 02:25:00,295m,14%,14.75,2193Mi,57%,870,43,43.5
05 02:26:00,320m,16%,16,2195Mi,57%,870,43,43.5
05 02:27:00,284m,14%,14.2,2194Mi,57%,870,43,43.5
05 02:28:00,300m,15%,15,2194Mi,57%,870,43,43.5
05 02:29:00,296m,14%,14.8,2195Mi,57%,870,43,43.5
05 02:30:00,305m,15%,15.25,2194Mi,57%,870,43,43.5
05 02:31:00,289m,14%,14.45,2195Mi,57%,870,43,43.5
05 02:32:00,305m,15%,15.25,2195Mi,57%,870,43,43.5
05 02:33:00,279m,13%,13.95,2195Mi,57%,870,43,43.5
05 02:34:00,299m,14%,14.95,2196Mi,57%,870,43,43.5
05 02:35:00,302m,15%,15.1,2195Mi,57%,870,43,43.5
05 02:36:00,283m,14%,14.15,2194Mi,57%,870,43,43.5
05 02:37:00,278m,13%,13.9,2194Mi,57%,870,43,43.5
05 02:38:00,312m,15%,15.6,2199Mi,57%,870,43,43.5
05 02:39:01,287m,14%,14.35,2196Mi,57%,870,43,43.5
05 02:40:00,282m,14%,14.1,2195Mi,57%,870,43,43.5
05 02:41:00,314m,15%,15.7,2199Mi,57%,870,43,43.5
05 02:42:00,295m,14%,14.75,2196Mi,57%,870,43,43.5
05 02:43:00,274m,13%,13.7,2195Mi,57%,870,43,43.5
05 02:44:00,295m,14%,14.75,2199Mi,57%,870,43,43.5
05 02:45:00,303m,15%,15.15,2196Mi,57%,870,43,43.5
05 02:46:00,279m,13%,13.95,2195Mi,57%,870,43,43.5
05 02:47:01,305m,15%,15.25,2197Mi,57%,870,43,43.5
05 02:48:00,276m,13%,13.8,2196Mi,57%,870,43,43.5
05 02:49:00,280m,14%,14,2196Mi,57%,870,43,43.5
05 02:50:00,326m,16%,16.3,2197Mi,57%,870,43,43.5
05 02:51:00,284m,14%,14.2,2196Mi,57%,870,43,43.5
05 02:52:01,282m,14%,14.1,2196Mi,57%,870,43,43.5
05 02:53:00,307m,15%,15.35,2198Mi,57%,870,43,43.5
05 02:54:00,275m,13%,13.75,2196Mi,57%,870,43,43.5
05 02:55:00,290m,14%,14.5,2196Mi,57%,870,43,43.5
05 02:56:00,316m,15%,15.8,2198Mi,57%,870,43,43.5
05 02:57:00,276m,13%,13.8,2196Mi,57%,870,43,43.5
05 02:58:00,298m,14%,14.9,2199Mi,57%,870,43,43.5
05 02:59:00,288m,14%,14.4,2197Mi,57%,870,43,43.5
05 03:00:00,296m,14%,14.8,2197Mi,57%,870,43,43.5
05 03:01:00,304m,15%,15.2,2199Mi,57%,870,43,43.5
05 03:02:00,285m,14%,14.25,2197Mi,57%,870,43,43.5
05 03:03:00,282m,14%,14.1,2197Mi,57%,870,43,43.5
05 03:04:00,271m,13%,13.55,2197Mi,57%,870,43,43.5
05 03:05:00,312m,15%,15.6,2201Mi,57%,870,43,43.5
05 03:06:00,295m,14%,14.75,2198Mi,57%,870,43,43.5
05 03:07:00,282m,14%,14.1,2198Mi,57%,870,43,43.5
05 03:08:00,306m,15%,15.3,2201Mi,57%,870,43,43.5
05 03:09:01,288m,14%,14.4,2198Mi,57%,870,43,43.5
05 03:10:00,280m,14%,14,2197Mi,57%,870,43,43.5
05 03:11:00,316m,15%,15.8,2201Mi,57%,870,43,43.5
05 03:12:00,281m,14%,14.05,2198Mi,57%,870,43,43.5
05 03:13:00,275m,13%,13.75,2198Mi,57%,870,43,43.5
05 03:14:00,299m,14%,14.95,2200Mi,57%,870,43,43.5
05 03:15:00,294m,14%,14.7,2198Mi,57%,870,43,43.5
05 03:16:00,297m,14%,14.85,2198Mi,57%,865,43,43.25
05 03:17:01,303m,15%,15.15,2192Mi,57%,845,42,42.25
05 03:18:00,255m,12%,12.75,2187Mi,56%,840,42,42
05 03:19:00,275m,13%,13.75,2188Mi,56%,800,40,40
05 03:20:00,265m,13%,13.25,2182Mi,56%,795,39,39.75
05 03:21:00,287m,14%,14.35,2181Mi,56%,795,39,39.75
05 03:22:00,240m,12%,12,2181Mi,56%,795,39,39.75
05 03:23:00,263m,13%,13.15,2181Mi,56%,795,39,39.75
05 03:24:00,241m,12%,12.05,2186Mi,56%,795,39,39.75
05 03:25:01,276m,13%,13.8,2181Mi,56%,810,40,40.5
05 03:26:00,266m,13%,13.3,2184Mi,56%,795,39,39.75
05 03:27:00,247m,12%,12.35,2180Mi,56%,810,40,40.5
05 03:28:00,260m,13%,13,2183Mi,56%,795,39,39.75
05 03:29:00,252m,12%,12.6,2180Mi,56%,810,40,40.5
05 03:30:00,277m,13%,13.85,2181Mi,56%,795,39,39.75
05 03:31:00,248m,12%,12.4,2180Mi,56%,795,39,39.75
05 03:32:00,269m,13%,13.45,2180Mi,56%,795,39,39.75
05 03:33:00,237m,11%,11.85,2180Mi,56%,795,39,39.75
05 03:34:00,265m,13%,13.25,2180Mi,56%,810,40,40.5
05 03:35:00,241m,12%,12.05,2181Mi,56%,795,39,39.75
05 03:36:00,287m,14%,14.35,2181Mi,56%,810,40,40.5
05 03:37:00,269m,13%,13.45,2184Mi,56%,795,39,39.75
05 03:38:00,242m,12%,12.1,2180Mi,56%,810,40,40.5
05 03:39:00,253m,12%,12.65,2184Mi,56%,795,39,39.75
05 03:40:00,252m,12%,12.6,2180Mi,56%,795,39,39.75
05 03:41:00,286m,14%,14.3,2181Mi,56%,795,39,39.75
05 03:42:00,237m,11%,11.85,2180Mi,56%,795,39,39.75
05 03:43:00,268m,13%,13.4,2180Mi,56%,795,39,39.75
05 03:44:00,235m,11%,11.75,2181Mi,56%,795,39,39.75
05 03:45:00,264m,13%,13.2,2180Mi,56%,810,40,40.5
05 03:46:00,277m,13%,13.85,2184Mi,56%,795,39,39.75
05 03:47:00,243m,12%,12.15,2180Mi,56%,810,40,40.5
05 03:48:00,256m,12%,12.8,2184Mi,56%,795,39,39.75
05 03:49:00,240m,12%,12,2180Mi,56%,810,40,40.5
05 03:50:00,262m,13%,13.1,2184Mi,56%,795,39,39.75
05 03:51:00,255m,12%,12.75,2181Mi,56%,795,39,39.75
05 03:52:00,262m,13%,13.1,2181Mi,56%,795,39,39.75
05 03:53:00,233m,11%,11.65,2181Mi,56%,795,39,39.75
05 03:54:00,261m,13%,13.05,2181Mi,56%,810,40,40.5
05 03:55:00,258m,12%,12.9,2184Mi,56%,795,39,39.75
05 03:56:00,250m,12%,12.5,2181Mi,56%,810,40,40.5
05 03:57:00,259m,12%,12.95,2185Mi,56%,795,39,39.75
05 03:58:00,238m,11%,11.9,2181Mi,56%,810,40,40.5
05 03:59:00,257m,12%,12.85,2184Mi,56%,795,39,39.75
05 04:00:01,249m,12%,12.45,2181Mi,56%,795,39,39.75
05 04:01:00,276m,13%,13.8,2182Mi,56%,795,39,39.75
05 04:02:00,235m,11%,11.75,2181Mi,56%,795,39,39.75
05 04:03:00,260m,13%,13,2181Mi,56%,795,39,39.75
05 04:04:00,225m,11%,11.25,2182Mi,56%,795,39,39.75
05 04:05:00,269m,13%,13.45,2181Mi,56%,810,40,40.5
05 04:06:00,274m,13%,13.7,2185Mi,56%,795,39,39.75
05 04:07:00,237m,11%,11.85,2182Mi,56%,810,40,40.5
05 04:08:00,261m,13%,13.05,2185Mi,56%,795,39,39.75
05 04:09:00,242m,12%,12.1,2181Mi,56%,810,40,40.5
05 04:10:00,257m,12%,12.85,2185Mi,56%,795,39,39.75
05 04:11:00,264m,13%,13.2,2181Mi,56%,795,39,39.75
05 04:12:00,255m,12%,12.75,2181Mi,56%,795,39,39.75
05 04:13:00,233m,11%,11.65,2182Mi,56%,795,39,39.75
05 04:14:00,259m,12%,12.95,2181Mi,56%,810,40,40.5
05 04:15:00,257m,12%,12.85,2186Mi,56%,795,39,39.75
05 04:16:00,254m,12%,12.7,2181Mi,56%,805,40,40.25
05 04:17:00,259m,12%,12.95,2186Mi,56%,800,40,40
05 04:18:00,261m,13%,13.05,2185Mi,56%,810,40,40.5
05 04:19:00,252m,12%,12.6,2189Mi,56%,805,40,40.25
05 04:20:00,265m,13%,13.25,2189Mi,56%,800,40,40
05 04:21:00,286m,14%,14.3,2189Mi,56%,810,40,40.5
05 04:22:00,258m,12%,12.9,2192Mi,57%,820,41,41
05 04:23:00,260m,13%,13,2195Mi,57%,830,41,41.5
05 04:24:00,262m,13%,13.1,2198Mi,57%,840,42,42
05 04:25:00,289m,14%,14.45,2201Mi,57%,840,42,42
05 04:26:00,319m,15%,15.95,2201Mi,57%,840,42,42
05 04:27:00,273m,13%,13.65,2202Mi,57%,840,42,42
05 04:28:00,275m,13%,13.75,2202Mi,57%,840,42,42
05 04:29:00,293m,14%,14.65,2202Mi,57%,840,42,42
05 04:30:00,280m,14%,14,2202Mi,57%,840,42,42
05 04:31:00,307m,15%,15.35,2202Mi,57%,840,42,42
05 04:32:00,279m,13%,13.95,2202Mi,57%,840,42,42
05 04:33:00,277m,13%,13.85,2202Mi,57%,840,42,42
05 04:34:00,269m,13%,13.45,2203Mi,57%,830,41,41.5
05 04:35:00,277m,13%,13.85,2203Mi,57%,830,41,41.5
05 04:36:00,308m,15%,15.4,2201Mi,57%,830,41,41.5
05 04:37:00,276m,13%,13.8,2201Mi,57%,840,42,42
05 04:38:00,277m,13%,13.85,2200Mi,57%,840,42,42
05 04:39:00,279m,13%,13.95,2216Mi,57%,840,42,42
05 04:40:00,298m,14%,14.9,2204Mi,57%,840,42,42
05 04:41:00,308m,15%,15.4,2203Mi,57%,840,42,42
05 04:42:00,276m,13%,13.8,2204Mi,57%,840,42,42
05 04:43:00,281m,14%,14.05,2204Mi,57%,840,42,42
05 04:44:00,272m,13%,13.6,2204Mi,57%,840,42,42
05 04:45:00,287m,14%,14.35,2204Mi,57%,840,42,42
05 04:46:01,312m,15%,15.6,2203Mi,57%,840,42,42
05 04:47:00,280m,14%,14,2204Mi,57%,840,42,42
05 04:48:00,281m,14%,14.05,2203Mi,57%,840,42,42
05 04:49:00,273m,13%,13.65,2204Mi,57%,840,42,42
05 04:50:00,278m,13%,13.9,2204Mi,57%,840,42,42
05 04:51:01,307m,15%,15.35,2204Mi,57%,840,42,42
05 04:52:00,277m,13%,13.85,2204Mi,57%,840,42,42
05 04:53:00,277m,13%,13.85,2203Mi,57%,840,42,42
05 04:54:00,271m,13%,13.55,2204Mi,57%,840,42,42
05 04:55:00,275m,13%,13.75,2204Mi,57%,840,42,42
05 04:56:00,305m,15%,15.25,2204Mi,57%,840,42,42
05 04:57:00,285m,14%,14.25,2204Mi,57%,840,42,42
05 04:58:01,274m,13%,13.7,2205Mi,57%,840,42,42
05 04:59:00,276m,13%,13.8,2204Mi,57%,840,42,42
05 05:00:00,273m,13%,13.65,2204Mi,57%,840,42,42
05 05:01:00,318m,15%,15.9,2205Mi,57%,840,42,42
05 05:02:01,282m,14%,14.1,2205Mi,57%,830,41,41.5
05 05:03:00,277m,13%,13.85,2204Mi,57%,830,41,41.5
05 05:04:00,279m,13%,13.95,2205Mi,57%,830,41,41.5
05 05:05:00,281m,14%,14.05,2203Mi,57%,830,41,41.5
05 05:06:00,303m,15%,15.15,2202Mi,57%,840,42,42
05 05:07:00,292m,14%,14.6,2201Mi,57%,840,42,42
05 05:08:00,306m,15%,15.3,2204Mi,57%,840,42,42
05 05:09:00,283m,14%,14.15,2206Mi,57%,840,42,42
05 05:10:00,279m,13%,13.95,2205Mi,57%,840,42,42
05 05:11:00,311m,15%,15.55,2204Mi,57%,840,42,42
05 05:12:00,302m,15%,15.1,2205Mi,57%,840,42,42
05 05:13:00,274m,13%,13.7,2205Mi,57%,840,42,42
05 05:14:00,289m,14%,14.45,2205Mi,57%,840,42,42
05 05:15:00,279m,13%,13.95,2205Mi,57%,840,42,42
05 05:16:01,308m,15%,15.4,2205Mi,57%,842,42,42.1
05 05:17:00,290m,14%,14.5,2205Mi,57%,856,42,42.8
05 05:18:00,298m,14%,14.9,2208Mi,57%,870,43,43.5
05 05:19:00,315m,15%,15.75,2211Mi,57%,872,43,43.6
05 05:20:00,288m,14%,14.4,2211Mi,57%,886,44,44.3
05 05:21:00,334m,16%,16.7,2214Mi,57%,900,45,45
05 05:22:00,332m,16%,16.6,2218Mi,57%,914,45,45.7
05 05:23:00,307m,15%,15.35,2220Mi,57%,916,45,45.8
05 05:24:00,297m,14%,14.85,2222Mi,57%,930,46,46.5
05 05:25:01,321m,16%,16.05,2226Mi,57%,942,47,47.1
05 05:26:00,341m,17%,17.05,2229Mi,58%,942,47,47.1
05 05:27:00,342m,17%,17.1,2230Mi,58%,942,47,47.1
05 05:28:00,291m,14%,14.55,2230Mi,58%,942,47,47.1
05 05:29:00,351m,17%,17.55,2230Mi,58%,942,47,47.1
05 05:30:00,323m,16%,16.15,2230Mi,58%,942,47,47.1
05 05:31:00,355m,17%,17.75,2230Mi,58%,942,47,47.1
05 05:32:00,339m,16%,16.95,2232Mi,58%,942,47,47.1
05 05:33:00,321m,16%,16.05,2230Mi,58%,942,47,47.1
05 05:34:00,329m,16%,16.45,2230Mi,58%,942,47,47.1
05 05:35:00,326m,16%,16.3,2230Mi,58%,942,47,47.1
05 05:36:01,360m,18%,18,2239Mi,58%,942,47,47.1
05 05:37:00,319m,15%,15.95,2238Mi,58%,942,47,47.1
05 05:38:00,336m,16%,16.8,2238Mi,58%,942,47,47.1
05 05:39:00,322m,16%,16.1,2238Mi,58%,942,47,47.1
05 05:40:00,331m,16%,16.55,2239Mi,58%,942,47,47.1
05 05:41:00,338m,16%,16.9,2246Mi,58%,942,47,47.1
05 05:42:00,348m,17%,17.4,2239Mi,58%,942,47,47.1
05 05:43:00,332m,16%,16.6,2239Mi,58%,942,47,47.1
05 05:44:00,335m,16%,16.75,2239Mi,58%,954,47,47.7
05 05:45:00,298m,14%,14.9,2238Mi,58%,942,47,47.1
05 05:46:00,361m,18%,18.05,2238Mi,58%,942,47,47.1
05 05:47:00,353m,17%,17.65,2238Mi,58%,942,47,47.1
05 05:48:00,333m,16%,16.65,2239Mi,58%,942,47,47.1
05 05:49:00,303m,15%,15.15,2238Mi,58%,942,47,47.1
05 05:50:00,328m,16%,16.4,2239Mi,58%,942,47,47.1
05 05:51:00,353m,17%,17.65,2239Mi,58%,942,47,47.1
05 05:52:00,359m,17%,17.95,2239Mi,58%,942,47,47.1
05 05:53:00,332m,16%,16.6,2240Mi,58%,942,47,47.1
05 05:54:00,299m,14%,14.95,2239Mi,58%,942,47,47.1
05 05:55:00,334m,16%,16.7,2239Mi,58%,942,47,47.1
05 05:56:01,356m,17%,17.8,2239Mi,58%,942,47,47.1
05 05:57:00,359m,17%,17.95,2240Mi,58%,942,47,47.1
05 05:58:01,305m,15%,15.25,2239Mi,58%,942,47,47.1
05 05:59:00,336m,16%,16.8,2239Mi,58%,942,47,47.1
05 06:00:00,332m,16%,16.6,2239Mi,58%,942,47,47.1
05 06:01:00,349m,17%,17.45,2239Mi,58%,942,47,47.1
05 06:02:00,355m,17%,17.75,2238Mi,58%,942,47,47.1
05 06:03:00,313m,15%,15.65,2238Mi,58%,942,47,47.1
05 06:04:01,327m,16%,16.35,2239Mi,58%,942,47,47.1
05 06:05:00,334m,16%,16.7,2238Mi,58%,942,47,47.1
05 06:06:00,312m,15%,15.6,2238Mi,58%,942,47,47.1
05 06:07:00,376m,18%,18.8,2239Mi,58%,942,47,47.1
05 06:08:00,329m,16%,16.45,2239Mi,58%,942,47,47.1
05 06:09:00,331m,16%,16.55,2240Mi,58%,942,47,47.1
05 06:10:00,322m,16%,16.1,2241Mi,58%,942,47,47.1
05 06:11:01,324m,16%,16.2,2240Mi,58%,942,47,47.1
05 06:12:00,366m,18%,18.3,2240Mi,58%,942,47,47.1
05 06:13:00,331m,16%,16.55,2240Mi,58%,942,47,47.1
05 06:14:00,329m,16%,16.45,2241Mi,58%,942,47,47.1
05 06:15:01,299m,14%,14.95,2240Mi,58%,942,47,47.1
05 06:16:00,344m,17%,17.2,2240Mi,58%,949,47,47.45
05 06:17:00,364m,18%,18.2,2240Mi,58%,963,48,48.15
05 06:18:00,331m,16%,16.55,2239Mi,58%,970,48,48.5
05 06:19:00,314m,15%,15.7,2240Mi,58%,984,49,49.2
05 06:20:00,333m,16%,16.65,2240Mi,58%,979,48,48.95
05 06:21:00,328m,16%,16.4,2237Mi,58%,993,49,49.65
05 06:22:00,368m,18%,18.4,2237Mi,58%,1007,50,50.35
05 06:23:00,343m,17%,17.15,2237Mi,58%,1014,50,50.7
05 06:24:00,333m,16%,16.65,2237Mi,58%,1028,51,51.4
05 06:25:00,323m,16%,16.15,2242Mi,58%,1016,50,50.8
05 06:26:00,349m,17%,17.45,2234Mi,58%,997,49,49.85
05 06:27:00,333m,16%,16.65,2232Mi,58%,1016,50,50.8
05 06:28:00,325m,16%,16.25,2234Mi,58%,997,49,49.85
05 06:29:00,304m,15%,15.2,2231Mi,58%,997,49,49.85
05 06:30:00,322m,16%,16.1,2235Mi,58%,1016,50,50.8
05 06:31:00,326m,16%,16.3,2233Mi,58%,997,49,49.85
05 06:32:00,346m,17%,17.3,2231Mi,58%,1016,50,50.8
05 06:33:00,334m,16%,16.7,2234Mi,58%,1016,50,50.8
05 06:34:00,297m,14%,14.85,2230Mi,58%,997,49,49.85
05 06:35:00,332m,16%,16.6,2232Mi,58%,1016,50,50.8
05 06:36:00,331m,16%,16.55,2233Mi,58%,997,49,49.85
05 06:37:00,329m,16%,16.45,2230Mi,58%,997,49,49.85
05 06:38:00,325m,16%,16.25,2233Mi,58%,1016,50,50.8
05 06:39:00,327m,16%,16.35,2233Mi,58%,997,49,49.85
05 06:40:01,295m,14%,14.75,2231Mi,58%,1016,50,50.8
05 06:41:00,333m,16%,16.65,2233Mi,58%,997,49,49.85
05 06:42:00,351m,17%,17.55,2240Mi,58%,997,49,49.85
05 06:43:00,332m,16%,16.6,2223Mi,57%,1016,50,50.8
05 06:44:00,322m,16%,16.1,2226Mi,57%,997,49,49.85
05 06:45:00,304m,15%,15.2,2222Mi,57%,1016,50,50.8
05 06:46:00,335m,16%,16.75,2224Mi,57%,1016,50,50.8
05 06:47:00,358m,17%,17.9,2227Mi,57%,997,49,49.85
05 06:48:00,295m,14%,14.75,2224Mi,57%,1016,50,50.8
05 06:49:00,326m,16%,16.3,2228Mi,57%,997,49,49.85
05 06:50:00,305m,15%,15.25,2223Mi,57%,997,49,49.85
05 06:51:00,324m,16%,16.2,2227Mi,57%,1016,50,50.8
05 06:52:00,359m,17%,17.95,2228Mi,57%,997,49,49.85
05 06:53:00,309m,15%,15.45,2224Mi,57%,1016,50,50.8
05 06:54:00,329m,16%,16.45,2227Mi,57%,1016,50,50.8
05 06:55:00,303m,15%,15.15,2230Mi,58%,997,49,49.85
05 06:56:00,325m,16%,16.25,2225Mi,57%,1016,50,50.8
05 06:57:00,363m,18%,18.15,2226Mi,57%,997,49,49.85
05 06:58:00,301m,15%,15.05,2223Mi,57%,997,49,49.85
05 06:59:00,327m,16%,16.35,2225Mi,57%,1016,50,50.8
05 07:00:00,312m,15%,15.6,2226Mi,57%,997,49,49.85
05 07:01:01,303m,15%,15.15,2223Mi,57%,1016,50,50.8
05 07:02:00,368m,18%,18.4,2227Mi,57%,1016,50,50.8
05 07:03:00,324m,16%,16.2,2226Mi,57%,997,49,49.85
05 07:04:00,309m,15%,15.45,2224Mi,57%,1016,50,50.8
05 07:05:00,323m,16%,16.15,2226Mi,57%,978,48,48.9
05 07:06:00,295m,14%,14.75,2220Mi,57%,959,47,47.95
05 07:07:01,361m,18%,18.05,2219Mi,57%,959,47,47.95
05 07:08:00,307m,15%,15.35,2216Mi,57%,940,47,47
05 07:09:00,314m,15%,15.7,2214Mi,57%,940,47,47
05 07:10:00,308m,15%,15.4,2214Mi,57%,921,46,46.05
05 07:11:01,335m,16%,16.75,2210Mi,57%,902,45,45.1
05 07:12:00,377m,18%,18.85,2208Mi,57%,921,46,46.05
05 07:13:00,337m,16%,16.85,2211Mi,57%,921,46,46.05
05 07:14:00,305m,15%,15.25,2210Mi,57%,959,47,47.95
05 07:15:00,324m,16%,16.2,2217Mi,57%,959,47,47.95
05 07:16:00,349m,17%,17.45,2214Mi,57%,964,48,48.2
05 07:17:00,362m,18%,18.1,2217Mi,57%,1012,50,50.6
05 07:18:00,313m,15%,15.65,2223Mi,57%,998,49,49.9
05 07:19:00,346m,17%,17.3,2221Mi,57%,1027,51,51.35
05 07:20:01,337m,16%,16.85,2234Mi,58%,1032,51,51.6
05 07:21:00,337m,16%,16.85,2224Mi,57%,994,49,49.7
05 07:22:00,400m,20%,20,2217Mi,57%,980,49,49
05 07:23:00,347m,17%,17.35,2217Mi,57%,1009,50,50.45
05 07:24:00,429m,21%,21.45,2218Mi,57%,1038,51,51.9
05 07:25:00,356m,17%,17.8,2220Mi,57%,1086,54,54.3
05 07:26:00,360m,18%,18,2227Mi,57%,1134,56,56.7
05 07:27:00,361m,18%,18.05,2233Mi,58%,1182,59,59.1
05 07:28:00,374m,18%,18.7,2240Mi,58%,1206,60,60.3
05 07:29:00,351m,17%,17.55,2243Mi,58%,1254,62,62.7
05 07:30:00,340m,17%,17,2251Mi,58%,1302,65,65.1
05 07:31:00,376m,18%,18.8,2257Mi,58%,1302,65,65.1
05 07:32:00,514m,25%,25.7,2257Mi,58%,1326,66,66.3
05 07:33:00,416m,20%,20.8,2261Mi,58%,1326,66,66.3
05 07:34:00,462m,23%,23.1,2261Mi,58%,1326,66,66.3
05 07:35:00,385m,19%,19.25,2264Mi,58%,1350,67,67.5
05 07:36:00,398m,19%,19.9,2268Mi,59%,1374,68,68.7
05 07:37:00,482m,24%,24.1,2268Mi,59%,1398,69,69.9
05 07:38:00,428m,21%,21.4,2271Mi,59%,1374,68,68.7
05 07:39:00,441m,22%,22.05,2268Mi,59%,1350,67,67.5
05 07:40:00,467m,23%,23.35,2266Mi,58%,1326,66,66.3
05 07:41:00,463m,23%,23.15,2262Mi,58%,1326,66,66.3
05 07:42:00,531m,26%,26.55,2262Mi,58%,1302,65,65.1
05 07:43:00,507m,25%,25.35,2259Mi,58%,1278,63,63.9
05 07:44:01,396m,19%,19.8,2255Mi,58%,1278,63,63.9
05 07:45:00,490m,24%,24.5,2256Mi,58%,1278,63,63.9
05 07:46:01,504m,25%,25.2,2256Mi,58%,1278,63,63.9
05 07:47:00,548m,27%,27.4,2255Mi,58%,1254,62,62.7
05 07:48:00,523m,26%,26.15,2253Mi,58%,1254,62,62.7
05 07:49:00,408m,20%,20.4,2252Mi,58%,1230,61,61.5
05 07:50:00,490m,24%,24.5,2250Mi,58%,1230,61,61.5
05 07:51:01,506m,25%,25.3,2249Mi,58%,1206,60,60.3
05 07:52:00,560m,28%,28,2248Mi,58%,1182,59,59.1
05 07:53:00,538m,26%,26.9,2243Mi,58%,1206,60,60.3
05 07:54:00,443m,22%,22.15,2249Mi,58%,1254,62,62.7
05 07:55:00,332m,16%,16.6,2255Mi,58%,1254,62,62.7
05 07:56:00,554m,27%,27.7,2255Mi,58%,1254,62,62.7
05 07:57:00,598m,29%,29.9,2253Mi,58%,1302,65,65.1
05 07:58:00,362m,18%,18.1,2259Mi,58%,1326,66,66.3
05 07:59:01,518m,25%,25.9,2262Mi,58%,1326,66,66.3
05 08:00:00,536m,26%,26.8,2263Mi,58%,1326,66,66.3
05 08:01:00,533m,26%,26.65,2263Mi,58%,1326,66,66.3
05 08:02:00,450m,22%,22.5,2262Mi,58%,1302,65,65.1
05 08:03:00,576m,28%,28.8,2260Mi,58%,1350,67,67.5
05 08:04:00,350m,17%,17.5,2266Mi,58%,1350,67,67.5
05 08:05:00,571m,28%,28.55,2267Mi,58%,1326,66,66.3
05 08:06:00,557m,27%,27.85,2262Mi,58%,1374,68,68.7
05 08:07:00,373m,18%,18.65,2269Mi,59%,1374,68,68.7
05 08:08:01,640m,32%,32,2277Mi,59%,1374,68,68.7
05 08:09:00,561m,28%,28.05,2277Mi,59%,1374,68,68.7
05 08:10:01,567m,28%,28.35,2277Mi,59%,1374,68,68.7
05 08:11:00,568m,28%,28.4,2277Mi,59%,1374,68,68.7
05 08:12:00,627m,31%,31.35,2277Mi,59%,1374,68,68.7
05 08:13:00,632m,31%,31.6,2279Mi,59%,1374,68,68.7
05 08:14:00,569m,28%,28.45,2280Mi,59%,1350,67,67.5
05 08:15:00,596m,29%,29.8,2273Mi,59%,1326,66,66.3
05 08:16:00,572m,28%,28.6,2271Mi,59%,1380,69,69
05 08:17:00,544m,27%,27.2,2280Mi,59%,1428,71,71.4
05 08:18:00,590m,29%,29.5,2288Mi,59%,1470,73,73.5
05 08:19:00,678m,33%,33.9,2299Mi,59%,1512,75,75.6
05 08:20:00,734m,36%,36.7,2308Mi,60%,1560,78,78
05 08:21:00,581m,29%,29.05,2318Mi,60%,1602,80,80.1
05 08:22:01,785m,39%,39.25,2329Mi,60%,1626,81,81.3
05 08:23:00,836m,41%,41.8,2336Mi,60%,1650,82,82.5
05 08:24:00,751m,37%,37.55,2342Mi,60%,1674,83,83.7
05 08:25:00,782m,39%,39.1,2351Mi,61%,1680,84,84
05 08:26:00,770m,38%,38.5,2355Mi,61%,1668,83,83.4
05 08:27:00,1050m,52%,52.5,2371Mi,61%,1602,80,80.1
05 08:28:00,1454m,72%,72.7,2343Mi,60%,1536,76,76.8
05 08:29:00,1155m,57%,57.75,2354Mi,61%,1518,75,75.9
05 08:30:00,1258m,62%,62.9,2334Mi,60%,1452,72,72.6
05 08:31:00,1417m,70%,70.85,2337Mi,60%,1452,72,72.6
05 08:32:00,1201m,60%,60.05,2340Mi,60%,1470,73,73.5
05 08:33:00,1405m,70%,70.25,2342Mi,60%,1434,71,71.7
05 08:34:00,1354m,67%,67.7,2322Mi,60%,1470,73,73.5
05 08:35:00,1071m,53%,53.55,2339Mi,60%,1488,74,74.4
05 08:36:00,1142m,57%,57.1,2330Mi,60%,1470,73,73.5
05 08:37:00,1151m,57%,57.55,2328Mi,60%,1542,77,77.1
05 08:38:00,1134m,56%,56.7,2354Mi,61%,1506,75,75.3
05 08:39:00,1293m,64%,64.65,2339Mi,60%,1506,75,75.3
05 08:40:00,1300m,65%,65,2346Mi,61%,1506,75,75.3
05 08:41:00,1330m,66%,66.5,2345Mi,61%,1488,74,74.4
05 08:42:00,1283m,64%,64.15,2349Mi,61%,1470,73,73.5
05 08:43:00,1260m,63%,63,2344Mi,60%,1488,74,74.4
05 08:44:00,1080m,54%,54,2331Mi,60%,1488,74,74.4
05 08:45:00,1411m,70%,70.55,2339Mi,60%,1488,74,74.4
05 08:46:00,1517m,75%,75.85,2338Mi,60%,1524,76,76.2
05 08:47:00,1564m,78%,78.2,2346Mi,61%,1488,74,74.4
05 08:48:00,1577m,78%,78.85,2342Mi,60%,1488,74,74.4
05 08:49:00,1351m,67%,67.55,2339Mi,60%,1506,75,75.3
05 08:50:00,1491m,74%,74.55,2325Mi,60%,1470,73,73.5
05 08:51:00,1369m,68%,68.45,2321Mi,60%,1452,72,72.6
05 08:52:00,1216m,60%,60.8,2318Mi,60%,1398,69,69.9
05 08:53:00,1273m,63%,63.65,2319Mi,60%,1434,71,71.7
05 08:54:00,992m,49%,49.6,2327Mi,60%,1434,71,71.7
05 08:55:00,1273m,63%,63.65,2313Mi,60%,1416,70,70.8
05 08:56:01,1481m,74%,74.05,2328Mi,60%,1416,70,70.8
05 08:57:00,1240m,62%,62,2325Mi,60%,1434,71,71.7
05 08:58:00,1295m,64%,64.75,2317Mi,60%,1434,71,71.7
05 08:59:00,1297m,64%,64.85,2317Mi,60%,1488,74,74.4
05 09:00:00,1490m,74%,74.5,2324Mi,60%,1506,75,75.3
05 09:01:00,1262m,63%,63.1,2324Mi,60%,1506,75,75.3
05 09:02:00,1124m,56%,56.2,2331Mi,60%,1506,75,75.3
05 09:03:00,1236m,61%,61.8,2333Mi,60%,1470,73,73.5
05 09:04:01,1440m,72%,72,2335Mi,60%,1470,73,73.5
05 09:05:00,1508m,75%,75.4,2332Mi,60%,1470,73,73.5
05 09:06:00,1567m,78%,78.35,2333Mi,60%,1488,74,74.4
05 09:07:00,1562m,78%,78.1,2341Mi,60%,1452,72,72.6
05 09:08:00,1527m,76%,76.35,2323Mi,60%,1506,75,75.3
05 09:09:00,1266m,63%,63.3,2329Mi,60%,1470,73,73.5
05 09:10:00,1336m,66%,66.8,2320Mi,60%,1524,76,76.2
05 09:11:00,1196m,59%,59.8,2328Mi,60%,1488,74,74.4
05 09:12:00,1416m,70%,70.8,2342Mi,60%,1524,76,76.2
05 09:13:01,900m,45%,45,2334Mi,60%,1524,76,76.2
05 09:14:00,1339m,66%,66.95,2350Mi,61%,1542,77,77.1
05 09:15:00,1315m,65%,65.75,2346Mi,61%,1542,77,77.1
05 09:16:00,1535m,76%,76.75,2358Mi,61%,1524,76,76.2
05 09:17:00,1571m,78%,78.55,2356Mi,61%,1554,77,77.7
05 09:18:00,1580m,79%,79,2369Mi,61%,1548,77,77.4
05 09:19:00,1593m,79%,79.65,2348Mi,61%,1544,77,77.2
05 09:20:00,1557m,77%,77.85,2357Mi,61%,1592,79,79.6
05 09:21:00,1580m,79%,79,2369Mi,61%,1639,81,81.95
05 09:22:00,1621m,81%,81.05,2371Mi,61%,1599,79,79.95
05 09:23:00,1587m,79%,79.35,2359Mi,61%,1629,81,81.45
05 09:24:00,1627m,81%,81.35,2373Mi,61%,1660,83,83
05 09:25:00,1615m,80%,80.75,2373Mi,61%,1690,84,84.5
05 09:26:00,1580m,79%,79,2373Mi,61%,1669,83,83.45
05 09:27:00,1519m,75%,75.95,2372Mi,61%,1821,91,91.05
05 09:28:01,1438m,71%,71.9,2388Mi,62%,1906,95,95.3
05 09:29:00,910m,45%,45.5,2403Mi,62%,1974,98,98.7
05 09:30:00,694m,34%,34.7,2410Mi,62%,1957,97,97.85
05 09:31:00,1073m,53%,53.65,2400Mi,62%,1957,97,97.85
05 09:32:00,1651m,82%,82.55,2409Mi,62%,1957,97,97.85
05 09:33:00,1671m,83%,83.55,2397Mi,62%,1940,97,97
05 09:34:00,1491m,74%,74.55,2404Mi,62%,1974,98,98.7
05 09:35:00,1609m,80%,80.45,2407Mi,62%,1974,98,98.7
05 09:36:00,1706m,85%,85.3,2411Mi,62%,1974,98,98.7
05 09:37:00,1708m,85%,85.4,2429Mi,63%,1974,98,98.7
05 09:38:00,1625m,81%,81.25,2423Mi,63%,1974,98,98.7
05 09:39:00,1677m,83%,83.85,2414Mi,62%,1974,98,98.7
05 09:40:00,1505m,75%,75.25,2418Mi,62%,1974,98,98.7
05 09:41:00,1532m,76%,76.6,2433Mi,63%,1991,99,99.55
05 09:42:00,1513m,75%,75.65,2424Mi,63%,1974,98,98.7
05 09:43:00,1416m,70%,70.8,2440Mi,63%,1991,99,99.55
05 09:44:00,1247m,62%,62.35,2439Mi,63%,1957,97,97.85
05 09:45:00,1025m,51%,51.25,2453Mi,63%,1991,99,99.55
05 09:46:00,1619m,80%,80.95,2419Mi,62%,1991,99,99.55
05 09:47:00,1356m,67%,67.8,2422Mi,63%,1957,97,97.85
05 09:48:00,1161m,58%,58.05,2423Mi,63%,1957,97,97.85
05 09:49:00,1837m,91%,91.85,2433Mi,63%,1957,97,97.85
05 09:50:00,1850m,92%,92.5,2439Mi,63%,1957,97,97.85
05 09:51:00,1877m,93%,93.85,2436Mi,63%,1991,99,99.55
05 09:52:00,1881m,94%,94.05,2431Mi,63%,1889,94,94.45
05 09:53:00,1787m,89%,89.35,2426Mi,63%,1957,97,97.85
05 09:54:00,1932m,96%,96.6,2435Mi,63%,1940,97,97
05 09:55:00,1920m,96%,96,2437Mi,63%,1872,93,93.6
05 09:56:00,1923m,96%,96.15,2420Mi,62%,1957,97,97.85
05 09:57:00,1855m,92%,92.75,2438Mi,63%,1991,99,99.55
05 09:58:00,1736m,86%,86.8,2440Mi,63%,1974,98,98.7
05 09:59:00,1344m,67%,67.2,2432Mi,63%,1974,98,98.7
05 10:00:01,1858m,92%,92.9,2430Mi,63%,1974,98,98.7
05 10:01:00,1837m,91%,91.85,2451Mi,63%,1974,98,98.7
05 10:02:00,1729m,86%,86.45,2436Mi,63%,1940,97,97
05 10:03:00,1411m,70%,70.55,2446Mi,63%,1991,99,99.55
05 10:04:00,1860m,93%,93,2448Mi,63%,1974,98,98.7
05 10:05:00,1922m,96%,96.1,2465Mi,64%,1991,99,99.55
05 10:06:00,1701m,85%,85.05,2445Mi,63%,1957,97,97.85
05 10:07:01,1477m,73%,73.85,2454Mi,63%,1940,97,97
05 10:08:00,1960m,98%,98,2489Mi,64%,1957,97,97.85
05 10:09:00,1969m,98%,98.45,2552Mi,66%,1940,97,97
05 10:10:00,1960m,98%,98,2633Mi,68%,1923,96,96.15
05 10:11:00,1994m,99%,99.7,2710Mi,70%,1957,97,97.85
05 10:12:00,1964m,98%,98.2,3001Mi,78%,1957,97,97.85
05 10:13:00,1948m,97%,97.4,3077Mi,80%,1906,95,95.3
05 10:14:00,1978m,98%,98.9,3094Mi,80%,1872,93,93.6
05 10:15:00,1947m,97%,97.35,3082Mi,80%,1906,95,95.3
05 10:16:00,1995m,99%,99.75,3045Mi,79%,1974,98,98.7
05 10:17:00,1972m,98%,98.6,3024Mi,78%,1940,97,97
05 10:18:00,1947m,97%,97.35,2921Mi,76%,1972,98,98.6
05 10:19:00,1976m,98%,98.8,3033Mi,78%,1938,96,96.9
05 10:20:00,1937m,96%,96.85,3083Mi,80%,1903,95,95.15
05 10:21:00,1972m,98%,98.6,3044Mi,79%,1831,91,91.55
05 10:22:00,1967m,98%,98.35,3087Mi,80%,1795,89,89.75
05 10:24:00,1656m,82%,82.8,3154Mi,82%,1703,85,85.15
05 10:25:00,1791m,89%,89.55,2483Mi,64%,1955,97,97.75
05 10:26:00,1680m,84%,84,2413Mi,62%,1969,98,98.45
05 10:27:00,1234m,61%,61.7,2392Mi,62%,1948,97,97.4
05 10:28:00,1544m,77%,77.2,2380Mi,61%,1976,98,98.8
05 10:29:00,1211m,60%,60.55,2387Mi,62%,1919,95,95.95
05 10:30:00,1508m,75%,75.4,2396Mi,62%,1979,98,98.95
05 10:31:00,1658m,82%,82.9,2415Mi,62%,1891,94,94.55
05 10:32:00,1190m,59%,59.5,2395Mi,62%,1998,99,99.9
05 10:33:00,1599m,79%,79.95,2413Mi,62%,1998,99,99.9
05 10:34:00,422m,21%,21.1,2406Mi,62%,1998,99,99.9
05 10:35:00,407m,20%,20.35,2409Mi,62%,1998,99,99.9
05 10:36:00,1018m,50%,50.9,2415Mi,62%,1998,99,99.9
05 10:37:00,796m,39%,39.8,2412Mi,62%,1982,99,99.1
05 10:38:00,1027m,51%,51.35,2423Mi,63%,1998,99,99.9
05 10:39:00,1196m,59%,59.8,2417Mi,62%,1998,99,99.9
05 10:40:00,422m,21%,21.1,2407Mi,62%,1982,99,99.1
05 10:41:00,528m,26%,26.4,2408Mi,62%,1918,95,95.9
05 10:42:00,1472m,73%,73.6,2415Mi,62%,1998,99,99.9
05 10:43:00,1591m,79%,79.55,2419Mi,62%,1998,99,99.9
05 10:44:00,607m,30%,30.35,2404Mi,62%,1998,99,99.9
05 10:45:00,1445m,72%,72.25,2404Mi,62%,1966,98,98.3
05 10:46:00,1107m,55%,55.35,2401Mi,62%,1982,99,99.1
05 10:47:00,1229m,61%,61.45,2436Mi,63%,1998,99,99.9
05 10:48:00,1047m,52%,52.35,2419Mi,62%,1950,97,97.5
05 10:49:00,1179m,58%,58.95,2429Mi,63%,1998,99,99.9
05 10:50:00,1696m,84%,84.8,2442Mi,63%,1998,99,99.9
05 10:51:00,561m,28%,28.05,2423Mi,63%,1998,99,99.9
05 10:52:00,492m,24%,24.6,2423Mi,63%,1998,99,99.9
05 10:53:00,761m,38%,38.05,2423Mi,63%,1998,99,99.9
05 10:54:00,588m,29%,29.4,2428Mi,63%,1998,99,99.9
05 10:55:00,1013m,50%,50.65,2425Mi,63%,1998,99,99.9
05 10:56:00,831m,41%,41.55,2425Mi,63%,1998,99,99.9
05 10:57:00,467m,23%,23.35,2426Mi,63%,1982,99,99.1
05 10:58:00,1117m,55%,55.85,2445Mi,63%,1966,98,98.3
05 10:59:00,1586m,79%,79.3,2435Mi,63%,1998,99,99.9
05 11:00:00,1679m,83%,83.95,2434Mi,63%,1998,99,99.9
05 11:01:00,710m,35%,35.5,2431Mi,63%,1982,99,99.1
05 11:02:00,1368m,68%,68.4,2450Mi,63%,1998,99,99.9
05 11:03:00,1139m,56%,56.95,2443Mi,63%,1982,99,99.1
05 11:04:00,1039m,51%,51.95,2477Mi,64%,1998,99,99.9
05 11:05:00,933m,46%,46.65,2449Mi,63%,1998,99,99.9
05 11:06:00,1137m,56%,56.85,2454Mi,63%,1998,99,99.9
05 11:07:00,716m,35%,35.8,2452Mi,63%,1998,99,99.9
05 11:08:00,400m,20%,20,2455Mi,63%,1998,99,99.9
05 11:09:00,489m,24%,24.45,2448Mi,63%,1998,99,99.9
05 11:10:00,595m,29%,29.75,2450Mi,63%,1998,99,99.9
05 11:11:00,580m,28%,29,2452Mi,63%,1982,99,99.1
05 11:12:00,682m,34%,34.1,2470Mi,64%,1998,99,99.9
05 11:13:00,597m,29%,29.85,2459Mi,63%,1998,99,99.9
05 11:14:00,631m,31%,31.55,2459Mi,63%,1998,99,99.9
05 11:15:00,1096m,54%,54.8,2462Mi,64%,1966,98,98.3
05 11:16:00,1181m,59%,59.05,2462Mi,64%,1998,99,99.9
05 11:17:00,967m,48%,48.35,2460Mi,64%,,100,
05 11:18:00,1137m,56%,56.85,2471Mi,64%,,100,
05 11:19:00,704m,35%,35.2,2468Mi,64%,1988,99,99.4
05 11:20:00,1105m,55%,55.25,2468Mi,64%,1993,99,99.65
05 11:21:00,945m,47%,47.25,2469Mi,64%,1977,98,98.85
05 11:22:00,770m,38%,38.5,2483Mi,64%,1994,99,99.7
05 11:23:00,1135m,56%,56.75,2475Mi,64%,1994,99,99.7
05 11:24:01,399m,19%,19.95,2475Mi,64%,1994,99,99.7
05 11:25:00,403m,20%,20.15,2478Mi,64%,1994,99,99.7
05 11:26:00,642m,32%,32.1,2480Mi,64%,1995,99,99.75
05 11:27:01,522m,26%,26.1,2481Mi,64%,1998,99,99.9
05 11:28:00,879m,43%,43.95,2480Mi,64%,,100,
05 11:29:00,956m,47%,47.8,2479Mi,64%,,100,
05 11:30:00,378m,18%,18.9,2478Mi,64%,1987,99,99.35
05 11:31:00,1101m,55%,55.05,2478Mi,64%,1990,99,99.5
05 11:32:00,1445m,72%,72.25,2485Mi,64%,1984,99,99.2
05 11:33:00,1337m,66%,66.85,2520Mi,65%,1953,97,97.65
05 11:34:00,1006m,50%,50.3,2497Mi,64%,1974,98,98.7
05 11:35:00,894m,44%,44.7,2508Mi,65%,1993,99,99.65
05 11:36:00,895m,44%,44.75,2502Mi,65%,1993,99,99.65
05 11:37:00,715m,35%,35.75,2513Mi,65%,1995,99,99.75
05 11:38:00,870m,43%,43.5,2502Mi,65%,1986,99,99.3
05 11:39:00,1116m,55%,55.8,2491Mi,64%,1989,99,99.45
05 11:40:00,1228m,61%,61.4,2498Mi,65%,1989,99,99.45
05 11:41:00,406m,20%,20.3,2499Mi,65%,1971,98,98.55
05 11:42:00,790m,39%,39.5,2511Mi,65%,1990,99,99.5
05 11:43:01,1208m,60%,60.4,2506Mi,65%,1957,97,97.85
05 11:44:00,1137m,56%,56.85,2525Mi,65%,1974,98,98.7
05 11:45:00,933m,46%,46.65,2523Mi,65%,1991,99,99.55
05 11:46:00,805m,40%,40.25,2507Mi,65%,1994,99,99.7
05 11:47:00,853m,42%,42.65,2522Mi,65%,1979,98,98.95
05 11:48:00,540m,27%,27,2526Mi,65%,1982,99,99.1
05 11:49:00,936m,46%,46.8,2510Mi,65%,1936,96,96.8
05 11:50:00,1530m,76%,76.5,2520Mi,65%,1987,99,99.35
05 11:51:00,1181m,59%,59.05,2514Mi,65%,1988,99,99.4
05 11:52:00,473m,23%,23.65,2516Mi,65%,1955,97,97.75
05 11:53:00,852m,42%,42.6,2512Mi,65%,1990,99,99.5
05 11:54:00,1564m,78%,78.2,2510Mi,65%,1939,96,96.95
05 11:55:00,1222m,61%,61.1,2521Mi,65%,1990,99,99.5
05 11:56:00,1457m,72%,72.85,2516Mi,65%,1990,99,99.5
05 11:57:00,1214m,60%,60.7,2520Mi,65%,1956,97,97.8
05 11:58:01,970m,48%,48.5,2525Mi,65%,1974,98,98.7
05 11:59:00,793m,39%,39.65,2535Mi,65%,1991,99,99.55
05 12:00:00,1330m,66%,66.5,2526Mi,65%,1957,97,97.85
05 12:01:00,1281m,64%,64.05,2523Mi,65%,1991,99,99.55
05 12:02:00,1641m,82%,82.05,2528Mi,65%,1991,99,99.55
05 12:03:00,617m,30%,30.85,2526Mi,65%,1991,99,99.55
05 12:04:00,798m,39%,39.9,2531Mi,65%,1974,98,98.7
05 12:05:00,1558m,77%,77.9,2548Mi,66%,1974,98,98.7
05 12:06:00,1197m,59%,59.85,2543Mi,66%,1974,98,98.7
05 12:07:00,1354m,67%,67.7,2547Mi,66%,1991,99,99.55
05 12:08:00,1395m,69%,69.75,2542Mi,66%,1974,98,98.7
05 12:09:00,1092m,54%,54.6,2551Mi,66%,1991,99,99.55
05 12:10:00,1035m,51%,51.75,2546Mi,66%,1991,99,99.55
05 12:11:00,1281m,64%,64.05,2559Mi,66%,1923,96,96.15
05 12:12:00,1357m,67%,67.85,2564Mi,66%,1872,93,93.6
05 12:13:00,1615m,80%,80.75,2556Mi,66%,1991,99,99.55
05 12:14:00,1484m,74%,74.2,2561Mi,66%,1923,96,96.15
05 12:15:00,898m,44%,44.9,2562Mi,66%,1821,91,91.05
05 12:16:00,1614m,80%,80.7,2561Mi,66%,1957,97,97.85
05 12:17:00,1636m,81%,81.8,2592Mi,67%,1906,95,95.3
05 12:18:00,1577m,78%,78.85,2575Mi,67%,1890,94,94.5
05 12:19:00,1602m,80%,80.1,2572Mi,66%,1928,96,96.4
05 12:20:00,1536m,76%,76.8,2582Mi,67%,1879,93,93.95
05 12:21:00,1562m,78%,78.1,2559Mi,66%,1814,90,90.7
05 12:22:00,1547m,77%,77.35,2559Mi,66%,1766,88,88.3
05 12:23:00,1530m,76%,76.5,2548Mi,66%,1685,84,84.25
05 12:24:00,1562m,78%,78.1,2522Mi,65%,1621,81,81.05
05 12:25:00,1543m,77%,77.15,2516Mi,65%,1711,85,85.55
05 12:26:00,1540m,77%,77,2526Mi,65%,1646,82,82.3
05 12:27:00,1526m,76%,76.3,2504Mi,65%,1617,80,80.85
05 12:28:00,1537m,76%,76.85,2499Mi,65%,1519,75,75.95
05 12:29:00,1532m,76%,76.6,2478Mi,64%,1452,72,72.6
05 12:30:00,1502m,75%,75.1,2455Mi,63%,1542,77,77.1
05 12:31:00,1494m,74%,74.7,2478Mi,64%,1614,80,80.7
05 12:32:01,1495m,74%,74.75,2492Mi,64%,1686,84,84.3
05 12:33:00,1516m,75%,75.8,2502Mi,65%,1758,87,87.9
05 12:34:00,1514m,75%,75.7,2505Mi,65%,1740,87,87
05 12:35:00,1512m,75%,75.6,2515Mi,65%,1758,87,87.9
05 12:36:00,1530m,76%,76.5,2519Mi,65%,1776,88,88.8
05 12:37:00,1556m,77%,77.8,2511Mi,65%,1794,89,89.7
05 12:38:00,1536m,76%,76.8,2516Mi,65%,1812,90,90.6
05 12:39:00,1542m,77%,77.1,2514Mi,65%,1794,89,89.7
05 12:40:00,1537m,76%,76.85,2516Mi,65%,1794,89,89.7
05 12:41:00,1517m,75%,75.85,2523Mi,65%,1758,87,87.9
05 12:42:00,1511m,75%,75.55,2507Mi,65%,1758,87,87.9
05 12:43:00,1517m,75%,75.85,2524Mi,65%,1704,85,85.2
05 12:44:00,1542m,77%,77.1,2515Mi,65%,1704,85,85.2
05 12:45:00,1489m,74%,74.45,2509Mi,65%,1686,84,84.3
05 12:46:00,1493m,74%,74.65,2512Mi,65%,1686,84,84.3
05 12:47:00,1552m,77%,77.6,2512Mi,65%,1704,85,85.2
05 12:48:00,1516m,75%,75.8,2513Mi,65%,1722,86,86.1
05 12:49:00,1519m,75%,75.95,2516Mi,65%,1722,86,86.1
05 12:50:00,1520m,76%,76,2522Mi,65%,1758,87,87.9
05 12:51:00,1542m,77%,77.1,2522Mi,65%,1740,87,87
05 12:52:00,1507m,75%,75.35,2523Mi,65%,1740,87,87
05 12:53:00,1507m,75%,75.35,2519Mi,65%,1740,87,87
05 12:54:00,1510m,75%,75.5,2517Mi,65%,1722,86,86.1
05 12:55:00,1542m,77%,77.1,2525Mi,65%,1704,85,85.2
05 12:56:00,1495m,74%,74.75,2522Mi,65%,1704,85,85.2
05 12:57:00,1505m,75%,75.25,2516Mi,65%,1722,86,86.1
05 12:58:00,1493m,74%,74.65,2518Mi,65%,1722,86,86.1
05 12:59:00,1543m,77%,77.15,2525Mi,65%,1776,88,88.8
05 13:00:00,1495m,74%,74.75,2523Mi,65%,1758,87,87.9
05 13:01:00,1514m,75%,75.7,2529Mi,65%,1776,88,88.8
05 13:02:00,1509m,75%,75.45,2532Mi,65%,1758,87,87.9
05 13:03:00,1497m,74%,74.85,2532Mi,65%,1758,87,87.9
05 13:04:00,1534m,76%,76.7,2535Mi,65%,1740,87,87
05 13:05:01,1506m,75%,75.3,2536Mi,65%,1740,87,87
05 13:06:01,1519m,75%,75.95,2538Mi,66%,1722,86,86.1
05 13:07:00,1485m,74%,74.25,2527Mi,65%,1722,86,86.1
05 13:08:00,1500m,75%,75,2537Mi,66%,1722,86,86.1
05 13:09:00,1530m,76%,76.5,2537Mi,66%,1740,87,87
05 13:10:00,1492m,74%,74.6,2528Mi,65%,1722,86,86.1
05 13:11:01,1509m,75%,75.45,2544Mi,66%,1740,87,87
05 13:12:00,1475m,73%,73.75,2536Mi,65%,1740,87,87
05 13:13:00,1496m,74%,74.8,2536Mi,65%,1740,87,87
05 13:14:00,1514m,75%,75.7,2528Mi,65%,1722,86,86.1
05 13:15:00,1504m,75%,75.2,2535Mi,65%,1740,87,87
05 13:16:00,1531m,76%,76.55,2526Mi,65%,1704,85,85.2
05 13:17:00,1486m,74%,74.3,2533Mi,65%,1740,87,87
05 13:18:00,1488m,74%,74.4,2526Mi,65%,1770,88,88.5
05 13:19:00,1527m,76%,76.35,2475Mi,64%,1799,89,89.95
05 13:20:00,1544m,77%,77.2,2469Mi,64%,1847,92,92.35
05 13:21:00,1531m,76%,76.55,2477Mi,64%,1878,93,93.9
05 13:22:00,1512m,75%,75.6,2477Mi,64%,1909,95,95.45
05 13:23:00,1514m,75%,75.7,2484Mi,64%,1957,97,97.85
05 13:24:00,1561m,78%,78.05,2475Mi,64%,1969,98,98.45
05 13:25:00,1362m,68%,68.1,2495Mi,64%,1982,99,99.1
05 13:26:00,1522m,76%,76.1,2506Mi,65%,1997,99,99.85
05 13:27:00,1267m,63%,63.35,2492Mi,64%,1873,93,93.65
05 13:28:00,1366m,68%,68.3,2490Mi,64%,1853,92,92.65
05 13:29:00,1603m,80%,80.15,2504Mi,65%,1851,92,92.55
05 13:30:00,1597m,79%,79.85,2480Mi,64%,1813,90,90.65
05 13:31:00,1606m,80%,80.3,2483Mi,64%,1775,88,88.75
05 13:32:00,1569m,78%,78.45,2473Mi,64%,1755,87,87.75
05 13:33:00,1594m,79%,79.7,2472Mi,64%,1685,84,84.25
05 13:34:00,1539m,76%,76.95,2476Mi,64%,1736,86,86.8
05 13:35:00,1559m,77%,77.95,2486Mi,64%,1736,86,86.8
05 13:36:00,1528m,76%,76.4,2482Mi,64%,1838,91,91.9
05 13:37:00,1547m,77%,77.35,2505Mi,65%,1838,91,91.9
05 13:38:00,1541m,77%,77.05,2494Mi,64%,1753,87,87.65
05 13:39:00,1578m,78%,78.9,2495Mi,64%,1702,85,85.1
05 13:40:00,1552m,77%,77.6,2490Mi,64%,1702,85,85.1
05 13:41:01,1560m,78%,78,2478Mi,64%,1685,84,84.25
05 13:42:01,1560m,78%,78,2486Mi,64%,1685,84,84.25
05 13:43:00,1528m,76%,76.4,2490Mi,64%,1685,84,84.25
05 13:44:00,1532m,76%,76.6,2492Mi,64%,1685,84,84.25
05 13:45:00,1584m,79%,79.2,2487Mi,64%,1685,84,84.25
05 13:46:00,1542m,77%,77.1,2501Mi,65%,1702,85,85.1
05 13:47:00,1531m,76%,76.55,2500Mi,65%,1702,85,85.1
05 13:48:00,1576m,78%,78.8,2515Mi,65%,1702,85,85.1
05 13:49:00,1527m,76%,76.35,2493Mi,64%,1719,85,85.95
05 13:50:00,1553m,77%,77.65,2514Mi,65%,1736,86,86.8
05 13:51:00,1552m,77%,77.6,2516Mi,65%,1651,82,82.55
05 13:52:00,1505m,75%,75.25,2497Mi,64%,1668,83,83.4
05 13:53:00,1565m,78%,78.25,2508Mi,65%,1668,83,83.4
05 13:54:01,1546m,77%,77.3,2507Mi,65%,1685,84,84.25
05 13:55:00,1553m,77%,77.65,2494Mi,64%,1702,85,85.1
05 13:56:00,1556m,77%,77.8,2511Mi,65%,1719,85,85.95
05 13:57:00,1548m,77%,77.4,2503Mi,65%,1702,85,85.1
05 13:58:00,1514m,75%,75.7,2515Mi,65%,1668,83,83.4
05 13:59:00,1525m,76%,76.25,2500Mi,65%,1685,84,84.25
05 14:00:00,1455m,72%,72.75,2496Mi,64%,1702,85,85.1
05 14:01:00,1544m,77%,77.2,2503Mi,65%,1753,87,87.65
05 14:02:00,1527m,76%,76.35,2514Mi,65%,1719,85,85.95
05 14:03:00,1544m,77%,77.2,2511Mi,65%,1685,84,84.25
05 14:04:00,1547m,77%,77.35,2507Mi,65%,1651,82,82.55
05 14:05:00,1549m,77%,77.45,2498Mi,65%,1668,83,83.4
05 14:06:00,1554m,77%,77.7,2486Mi,64%,1651,82,82.55
05 14:07:00,1532m,76%,76.6,2486Mi,64%,1668,83,83.4
05 14:08:00,1460m,73%,73,2489Mi,64%,1685,84,84.25
05 14:09:00,1545m,77%,77.25,2506Mi,65%,1736,86,86.8
05 14:10:00,1553m,77%,77.65,2514Mi,65%,1702,85,85.1
05 14:11:00,1533m,76%,76.65,2507Mi,65%,1702,85,85.1
05 14:12:00,1544m,77%,77.2,2509Mi,65%,1736,86,86.8
05 14:13:00,1556m,77%,77.8,2521Mi,65%,1753,87,87.65
05 14:14:00,1555m,77%,77.75,2524Mi,65%,1719,85,85.95
05 14:15:00,1550m,77%,77.5,2519Mi,65%,1702,85,85.1
05 14:16:00,1531m,76%,76.55,2510Mi,65%,1685,84,84.25
05 14:17:00,1556m,77%,77.8,2507Mi,65%,1668,83,83.4
05 14:18:00,1552m,77%,77.6,2511Mi,65%,1651,82,82.55
05 14:19:00,1553m,77%,77.65,2496Mi,64%,1592,79,79.6
05 14:20:00,1514m,75%,75.7,2496Mi,64%,1587,79,79.35
05 14:21:01,1482m,74%,74.1,2491Mi,64%,1508,75,75.4
05 14:22:00,1514m,75%,75.7,2479Mi,64%,1506,75,75.3
05 14:23:00,1505m,75%,75.25,2476Mi,64%,1518,75,75.9
05 14:24:00,1503m,75%,75.15,2477Mi,64%,1530,76,76.5
05 14:25:00,1470m,73%,73.5,2463Mi,64%,1488,74,74.4
05 14:26:00,1475m,73%,73.75,2468Mi,64%,1486,74,74.3
05 14:27:00,1522m,76%,76.1,2463Mi,64%,1424,71,71.2
05 14:28:00,1492m,74%,74.6,2448Mi,63%,1490,74,74.5
05 14:29:00,1476m,73%,73.8,2469Mi,64%,1550,77,77.5
05 14:30:00,1465m,73%,73.25,2476Mi,64%,1650,82,82.5
05 14:31:00,1484m,74%,74.2,2494Mi,64%,1690,84,84.5
05 14:32:00,1429m,71%,71.45,2494Mi,64%,1730,86,86.5
05 14:33:01,1468m,73%,73.4,2507Mi,65%,1790,89,89.5
05 14:34:00,1472m,73%,73.6,2507Mi,65%,1870,93,93.5
05 14:35:00,1488m,74%,74.4,2516Mi,65%,1890,94,94.5
05 14:36:00,1494m,74%,74.7,2518Mi,65%,1890,94,94.5
05 14:37:00,1497m,74%,74.85,2526Mi,65%,1930,96,96.5
05 14:38:00,1537m,76%,76.85,2530Mi,65%,1910,95,95.5
05 14:39:00,1486m,74%,74.3,2528Mi,65%,1930,96,96.5
05 14:40:00,1503m,75%,75.15,2531Mi,65%,1910,95,95.5
05 14:41:00,1514m,75%,75.7,2528Mi,65%,1890,94,94.5
05 14:42:00,1480m,74%,74,2528Mi,65%,1870,93,93.5
05 14:43:00,1514m,75%,75.7,2509Mi,65%,1910,95,95.5
05 14:44:00,1496m,74%,74.8,2528Mi,65%,1870,93,93.5
05 14:45:00,1523m,76%,76.15,2522Mi,65%,1870,93,93.5
05 14:46:00,1499m,74%,74.95,2524Mi,65%,1870,93,93.5
05 14:47:00,1497m,74%,74.85,2520Mi,65%,1910,95,95.5
05 14:48:00,1516m,75%,75.8,2528Mi,65%,1950,97,97.5
05 14:49:00,1494m,74%,74.7,2535Mi,65%,1910,95,95.5
05 14:50:00,1492m,74%,74.6,2529Mi,65%,1890,94,94.5
05 14:51:00,1508m,75%,75.4,2527Mi,65%,1930,96,96.5
05 14:52:01,1517m,75%,75.85,2527Mi,65%,1870,93,93.5
05 14:53:00,1478m,73%,73.9,2507Mi,65%,1830,91,91.5
05 14:54:00,1473m,73%,73.65,2513Mi,65%,1850,92,92.5
05 14:55:00,1521m,76%,76.05,2518Mi,65%,1850,92,92.5
05 14:56:00,1513m,75%,75.65,2520Mi,65%,1890,94,94.5
05 14:57:00,1507m,75%,75.35,2507Mi,65%,1890,94,94.5
05 14:58:00,1503m,75%,75.15,2526Mi,65%,1870,93,93.5
05 14:59:00,1488m,74%,74.4,2522Mi,65%,1870,93,93.5
05 15:00:00,1512m,75%,75.6,2522Mi,65%,1890,94,94.5
05 15:01:00,1518m,75%,75.9,2525Mi,65%,1910,95,95.5
05 15:02:00,1498m,74%,74.9,2519Mi,65%,1890,94,94.5
05 15:03:00,1482m,74%,74.1,2518Mi,65%,1870,93,93.5
05 15:04:00,1498m,74%,74.9,2504Mi,65%,1850,92,92.5
05 15:05:00,1492m,74%,74.6,2509Mi,65%,1870,93,93.5
05 15:06:00,1522m,76%,76.1,2500Mi,65%,1910,95,95.5
05 15:07:00,1486m,74%,74.3,2524Mi,65%,1910,95,95.5
05 15:08:00,1525m,76%,76.25,2521Mi,65%,1890,94,94.5
05 15:09:00,1500m,75%,75,2505Mi,65%,1930,96,96.5
05 15:10:00,1506m,75%,75.3,2529Mi,65%,1910,95,95.5
05 15:11:00,1512m,75%,75.6,2522Mi,65%,1910,95,95.5
05 15:12:00,1499m,74%,74.95,2526Mi,65%,1930,96,96.5
05 15:13:00,1518m,75%,75.9,2530Mi,65%,1950,97,97.5
05 15:14:00,1511m,75%,75.55,2513Mi,65%,1950,97,97.5
05 15:15:00,1524m,76%,76.2,2523Mi,65%,1930,96,96.5
05 15:16:00,1507m,75%,75.35,2525Mi,65%,1950,97,97.5
05 15:17:00,1568m,78%,78.4,2533Mi,65%,1910,95,95.5
05 15:18:00,1522m,76%,76.1,2518Mi,65%,1890,94,94.5
05 15:19:00,1536m,76%,76.8,2528Mi,65%,1934,96,96.7
05 15:20:00,1496m,74%,74.8,2522Mi,65%,1937,96,96.85
05 15:21:01,1484m,74%,74.2,2513Mi,65%,1941,97,97.05
05 15:22:00,1500m,75%,75,2526Mi,65%,1966,98,98.3
05 15:23:00,1544m,77%,77.2,2533Mi,65%,1929,96,96.45
05 15:24:00,1494m,74%,74.7,2530Mi,65%,1993,99,99.65
05 15:25:00,1168m,58%,58.4,2541Mi,66%,1997,99,99.85
05 15:26:00,1189m,59%,59.45,2528Mi,65%,1980,99,99
05 15:27:00,1026m,51%,51.3,2543Mi,66%,1943,97,97.15
05 15:28:00,1485m,74%,74.25,2526Mi,65%,1947,97,97.35
05 15:29:00,1431m,71%,71.55,2516Mi,65%,1951,97,97.55
05 15:30:00,1521m,76%,76.05,2522Mi,65%,1955,97,97.75
05 15:31:00,1515m,75%,75.75,2533Mi,65%,1874,93,93.7
05 15:32:00,1509m,75%,75.45,2514Mi,65%,1836,91,91.8
05 15:33:00,1567m,78%,78.35,2518Mi,65%,1734,86,86.7
05 15:34:00,1504m,75%,75.2,2506Mi,65%,1632,81,81.6
05 15:35:01,1512m,75%,75.6,2488Mi,64%,1632,81,81.6
05 15:36:01,1502m,75%,75.1,2483Mi,64%,1653,82,82.65
05 15:37:00,1511m,75%,75.55,2483Mi,64%,1632,81,81.6
05 15:38:00,1499m,74%,74.95,2481Mi,64%,1653,82,82.65
05 15:39:00,1514m,75%,75.7,2485Mi,64%,1716,85,85.8
05 15:40:00,1495m,74%,74.75,2502Mi,65%,1737,86,86.85
05 15:41:00,1509m,75%,75.45,2505Mi,65%,1758,87,87.9
05 15:42:00,1511m,75%,75.55,2491Mi,64%,1779,88,88.95
05 15:43:00,1520m,76%,76,2510Mi,65%,1758,87,87.9
05 15:44:00,1478m,73%,73.9,2496Mi,64%,1758,87,87.9
05 15:45:00,1536m,76%,76.8,2504Mi,65%,1800,90,90
05 15:46:00,1496m,74%,74.8,2506Mi,65%,1800,90,90
05 15:47:01,1491m,74%,74.55,2498Mi,65%,1821,91,91.05
05 15:48:01,1530m,76%,76.5,2515Mi,65%,1821,91,91.05
05 15:49:01,1498m,74%,74.9,2512Mi,65%,1842,92,92.1
05 15:50:00,1508m,75%,75.4,2520Mi,65%,1800,90,90
05 15:51:00,1512m,75%,75.6,2512Mi,65%,1779,88,88.95
05 15:52:00,1495m,74%,74.75,2510Mi,65%,1758,87,87.9
05 15:53:00,1516m,75%,75.8,2504Mi,65%,1716,85,85.8
05 15:54:00,1520m,76%,76,2493Mi,64%,1737,86,86.85
05 15:55:00,1511m,75%,75.55,2513Mi,65%,1758,87,87.9
05 15:56:00,1530m,76%,76.5,2507Mi,65%,1800,90,90
05 15:57:00,1513m,75%,75.65,2504Mi,65%,1821,91,91.05
05 15:58:00,1512m,75%,75.6,2515Mi,65%,1821,91,91.05
05 15:59:00,1517m,75%,75.85,2512Mi,65%,1821,91,91.05
05 16:00:00,1524m,76%,76.2,2505Mi,65%,1821,91,91.05
05 16:01:00,1512m,75%,75.6,2501Mi,65%,1821,91,91.05
05 16:02:00,1501m,75%,75.05,2508Mi,65%,1863,93,93.15
05 16:03:00,1529m,76%,76.45,2520Mi,65%,1863,93,93.15
05 16:04:00,1507m,75%,75.35,2519Mi,65%,1884,94,94.2
05 16:05:00,1547m,77%,77.35,2525Mi,65%,1926,96,96.3
05 16:06:00,1521m,76%,76.05,2526Mi,65%,1926,96,96.3
05 16:07:00,1527m,76%,76.35,2531Mi,65%,1926,96,96.3
05 16:08:00,1515m,75%,75.75,2532Mi,65%,1926,96,96.3
05 16:09:00,1549m,77%,77.45,2526Mi,65%,1947,97,97.35
05 16:10:00,1528m,76%,76.4,2523Mi,65%,1947,97,97.35
05 16:11:00,1524m,76%,76.2,2522Mi,65%,1926,96,96.3
05 16:12:00,1530m,76%,76.5,2524Mi,65%,1926,96,96.3
05 16:13:00,1504m,75%,75.2,2520Mi,65%,1905,95,95.25
05 16:14:00,1509m,75%,75.45,2533Mi,65%,1884,94,94.2
05 16:15:00,1566m,78%,78.3,2526Mi,65%,1863,93,93.15
05 16:16:00,1509m,75%,75.45,2514Mi,65%,1884,94,94.2
05 16:17:00,1520m,76%,76,2512Mi,65%,1884,94,94.2
05 16:18:00,1521m,76%,76.05,2522Mi,65%,1842,92,92.1
05 16:19:00,1509m,75%,75.45,2518Mi,65%,1827,91,91.35
05 16:20:00,1520m,76%,76,2519Mi,65%,1802,90,90.1
05 16:21:00,1529m,76%,76.45,2516Mi,65%,1777,88,88.85
05 16:22:00,1541m,77%,77.05,2523Mi,65%,1773,88,88.65
05 16:23:00,1522m,76%,76.1,2519Mi,65%,1721,86,86.05
05 16:24:00,1490m,74%,74.5,2512Mi,65%,1669,83,83.45
05 16:25:00,1490m,74%,74.5,2509Mi,65%,1649,82,82.45
05 16:26:00,1528m,76%,76.4,2501Mi,65%,1624,81,81.2
05 16:27:00,1515m,75%,75.75,2518Mi,65%,1577,78,78.85
05 16:28:00,1528m,76%,76.4,2510Mi,65%,1493,74,74.65
05 16:29:00,1523m,76%,76.15,2486Mi,64%,1356,67,67.8
05 16:30:00,1514m,75%,75.7,2478Mi,64%,1277,63,63.85
05 16:31:00,1501m,75%,75.05,2448Mi,63%,1262,63,63.1
05 16:32:00,1485m,74%,74.25,2448Mi,63%,1310,65,65.5
05 16:33:00,1507m,75%,75.35,2462Mi,64%,1310,65,65.5
05 16:34:00,1471m,73%,73.55,2453Mi,63%,1294,64,64.7
05 16:35:00,1456m,72%,72.8,2465Mi,64%,1278,63,63.9
05 16:36:00,1476m,73%,73.8,2451Mi,63%,1278,63,63.9
05 16:37:00,1498m,74%,74.9,2448Mi,63%,1310,65,65.5
05 16:38:00,1485m,74%,74.25,2460Mi,64%,1326,66,66.3
05 16:39:00,1493m,74%,74.65,2457Mi,63%,1326,66,66.3
05 16:40:00,1480m,74%,74,2471Mi,64%,1310,65,65.5
05 16:41:00,1483m,74%,74.15,2465Mi,64%,1310,65,65.5
05 16:42:00,1465m,73%,73.25,2463Mi,64%,1310,65,65.5
05 16:43:00,1477m,73%,73.85,2468Mi,64%,1326,66,66.3
05 16:44:00,1470m,73%,73.5,2461Mi,64%,1326,66,66.3
05 16:45:00,1540m,77%,77,2462Mi,64%,1310,65,65.5
05 16:46:00,1459m,72%,72.95,2468Mi,64%,1294,64,64.7
05 16:47:00,1503m,75%,75.15,2451Mi,63%,1310,65,65.5
05 16:48:00,1488m,74%,74.4,2458Mi,63%,1294,64,64.7
05 16:49:00,1472m,73%,73.6,2469Mi,64%,1310,65,65.5
05 16:50:00,1493m,74%,74.65,2462Mi,64%,1310,65,65.5
05 16:51:00,1477m,73%,73.85,2462Mi,64%,1278,63,63.9
05 16:52:00,1466m,73%,73.3,2454Mi,63%,1262,63,63.1
05 16:53:00,1484m,74%,74.2,2454Mi,63%,1262,63,63.1
05 16:54:00,1461m,73%,73.05,2440Mi,63%,1262,63,63.1
05 16:55:00,1464m,73%,73.2,2452Mi,63%,1246,62,62.3
05 16:56:00,1481m,74%,74.05,2447Mi,63%,1262,63,63.1
05 16:57:00,1484m,74%,74.2,2451Mi,63%,1262,63,63.1
05 16:58:01,1483m,74%,74.15,2440Mi,63%,1246,62,62.3
05 16:59:00,1462m,73%,73.1,2432Mi,63%,1294,64,64.7
05 17:00:00,1468m,73%,73.4,2442Mi,63%,1310,65,65.5
05 17:01:00,1506m,75%,75.3,2459Mi,64%,1326,66,66.3
05 17:02:00,1470m,73%,73.5,2448Mi,63%,1326,66,66.3
05 17:03:01,1453m,72%,72.65,2447Mi,63%,1326,66,66.3
05 17:04:00,1492m,74%,74.6,2455Mi,63%,1310,65,65.5
05 17:05:00,1466m,73%,73.3,2460Mi,64%,1326,66,66.3
05 17:06:00,1510m,75%,75.5,2464Mi,64%,1326,66,66.3
05 17:07:00,1474m,73%,73.7,2461Mi,64%,1294,64,64.7
05 17:08:00,1463m,73%,73.15,2456Mi,63%,1294,64,64.7
05 17:09:00,1480m,74%,74,2442Mi,63%,1294,64,64.7
05 17:10:00,1505m,75%,75.25,2454Mi,63%,1294,64,64.7
05 17:11:00,1471m,73%,73.55,2447Mi,63%,1294,64,64.7
05 17:12:00,1461m,73%,73.05,2455Mi,63%,1294,64,64.7
05 17:13:00,1464m,73%,73.2,2456Mi,63%,1278,63,63.9
05 17:14:00,1466m,73%,73.3,2453Mi,63%,1262,63,63.1
05 17:15:00,1483m,74%,74.15,2455Mi,63%,1262,63,63.1
05 17:16:00,1484m,74%,74.2,2437Mi,63%,1246,62,62.3
05 17:17:00,1465m,73%,73.25,2445Mi,63%,1230,61,61.5
05 17:18:00,1470m,73%,73.5,2456Mi,63%,1246,62,62.3
05 17:19:00,1489m,74%,74.45,2449Mi,63%,1182,59,59.1
05 17:20:00,1435m,71%,71.75,2442Mi,63%,1118,55,55.9
05 17:21:00,1445m,72%,72.25,2426Mi,63%,1054,52,52.7
05 17:22:00,1423m,71%,71.15,2415Mi,62%,1006,50,50.3
05 17:23:00,1407m,70%,70.35,2399Mi,62%,958,47,47.9
05 17:24:00,1409m,70%,70.45,2386Mi,62%,894,44,44.7
05 17:25:01,1402m,70%,70.1,2360Mi,61%,830,41,41.5
05 17:26:01,1410m,70%,70.5,2353Mi,61%,766,38,38.3
05 17:27:00,1405m,70%,70.25,2326Mi,60%,750,37,37.5
05 17:28:00,1374m,68%,68.7,2328Mi,60%,750,37,37.5
05 17:29:00,1398m,69%,69.9,2313Mi,60%,750,37,37.5
05 17:30:00,1393m,69%,69.65,2327Mi,60%,750,37,37.5
05 17:31:00,1376m,68%,68.8,2316Mi,60%,750,37,37.5
