Wed 15:51:00,208m,5%,5.2,2103Mi,54%,750,18,18.75
Wed 15:52:00,210m,5%,5.25,2103Mi,54%,750,18,18.75
Wed 15:53:01,213m,5%,5.325,2103Mi,54%,750,18,18.75
Wed 15:54:00,209m,5%,5.225,2103Mi,54%,750,18,18.75
Wed 15:55:00,212m,5%,5.3,2103Mi,54%,750,18,18.75
Wed 15:56:00,207m,5%,5.175,2103Mi,54%,750,18,18.75
Wed 15:57:00,211m,5%,5.275,2103Mi,54%,750,18,18.75
Wed 15:58:00,211m,5%,5.275,2103Mi,54%,750,18,18.75
Wed 15:59:00,212m,5%,5.3,2103Mi,54%,750,18,18.75
Wed 16:00:00,202m,5%,5.05,2103Mi,54%,750,18,18.75
Wed 16:01:00,209m,5%,5.225,2108Mi,54%,984,24,24.6
Wed 16:02:00,377m,9%,9.425,2123Mi,55%,1179,29,29.475
Wed 16:03:00,385m,9%,9.625,2154Mi,56%,1413,35,35.325
Wed 16:04:00,385m,9%,9.625,2154Mi,56%,1608,40,40.2
Wed 16:05:00,472m,11%,11.8,2174Mi,56%,1842,46,46.05
Wed 16:06:00,444m,11%,11.1,2194Mi,57%,2037,50,50.925
Wed 16:07:00,454m,11%,11.35,2213Mi,57%,2271,56,56.775
Wed 16:08:00,488m,12%,12.2,2233Mi,58%,2466,61,61.65
Wed 16:09:01,487m,12%,12.175,2249Mi,58%,2700,67,67.5
Wed 16:10:00,563m,14%,14.075,2270Mi,59%,2895,72,72.375
Wed 16:11:00,980m,24%,24.5,2285Mi,59%,3129,78,78.225
Wed 16:12:00,665m,16%,16.625,2304Mi,59%,3324,83,83.1
Wed 16:13:00,615m,15%,15.375,2323Mi,60%,3519,87,87.975
Wed 16:14:01,614m,15%,15.35,2341Mi,60%,3675,91,91.875
Wed 16:15:00,655m,16%,16.375,2355Mi,61%,3636,90,90.9
Wed 16:16:00,702m,17%,17.55,2353Mi,61%,3675,91,91.875
Wed 16:17:00,717m,17%,17.925,2357Mi,61%,3675,91,91.875
Wed 16:18:00,693m,17%,17.325,2355Mi,61%,3675,91,91.875
Wed 16:19:00,717m,17%,17.925,2357Mi,61%,3675,91,91.875
Wed 16:20:01,684m,17%,17.1,2354Mi,61%,3675,91,91.875
Wed 16:21:00,706m,17%,17.65,2357Mi,61%,3675,91,91.875
Wed 16:22:00,730m,18%,18.25,2357Mi,61%,3675,91,91.875
Wed 16:23:00,655m,16%,16.375,2355Mi,61%,3675,91,91.875
Wed 16:24:00,687m,17%,17.175,2357Mi,61%,3636,90,90.9
Wed 16:25:00,687m,17%,17.175,2349Mi,61%,3675,91,91.875
Wed 16:26:00,712m,17%,17.8,2353Mi,61%,3675,91,91.875
Wed 16:27:00,690m,17%,17.25,2349Mi,61%,3675,91,91.875
Wed 16:28:00,723m,18%,18.075,2353Mi,61%,3675,91,91.875
Wed 16:29:00,718m,17%,17.95,2352Mi,61%,3675,91,91.875
Wed 16:30:00,682m,17%,17.05,2352Mi,61%,3675,91,91.875
Wed 16:31:00,721m,18%,18.025,2353Mi,61%,3675,91,91.875
Wed 16:32:00,696m,17%,17.4,2352Mi,61%,3675,91,91.875
Wed 16:33:00,736m,18%,18.4,2355Mi,61%,3636,90,90.9
Wed 16:34:00,692m,17%,17.3,2353Mi,61%,3675,91,91.875
Wed 16:35:00,703m,17%,17.575,2357Mi,61%,3636,90,90.9
Wed 16:36:00,726m,18%,18.15,2356Mi,61%,3675,91,91.875
Wed 16:37:00,681m,17%,17.025,2355Mi,61%,3636,90,90.9
Wed 16:38:00,717m,17%,17.925,2358Mi,61%,3675,91,91.875
Wed 16:39:00,697m,17%,17.425,2363Mi,61%,3675,91,91.875
Wed 16:40:00,686m,17%,17.15,2358Mi,61%,3675,91,91.875
Wed 16:41:01,715m,17%,17.875,2358Mi,61%,3675,91,91.875
Wed 16:42:00,695m,17%,17.375,2359Mi,61%,3675,91,91.875
Wed 16:43:00,733m,18%,18.325,2358Mi,61%,3675,91,91.875
Wed 16:44:00,711m,17%,17.775,2357Mi,61%,3675,91,91.875
Wed 16:45:00,716m,17%,17.9,2361Mi,61%,3675,91,91.875
Wed 16:46:00,664m,16%,16.6,2360Mi,61%,3636,90,90.9
Wed 16:47:00,669m,16%,16.725,2360Mi,61%,3675,91,91.875
Wed 16:48:00,712m,17%,17.8,2368Mi,61%,3675,91,91.875
Wed 16:49:00,697m,17%,17.425,2368Mi,61%,3675,91,91.875
Wed 16:50:01,707m,17%,17.675,2367Mi,61%,3675,91,91.875
Wed 16:51:00,696m,17%,17.4,2366Mi,61%,3675,91,91.875
Wed 16:52:00,713m,17%,17.825,2370Mi,61%,3675,91,91.875
Wed 16:53:00,697m,17%,17.425,2374Mi,61%,3675,91,91.875
Wed 16:54:00,683m,17%,17.075,2371Mi,61%,3675,91,91.875
Wed 16:55:00,738m,18%,18.45,2370Mi,61%,3636,90,90.9
Wed 16:56:00,687m,17%,17.175,2369Mi,61%,3675,91,91.875
Wed 16:57:00,720m,18%,18,2372Mi,61%,3636,90,90.9
Wed 16:58:00,682m,17%,17.05,2369Mi,61%,3675,91,91.875
Wed 16:59:00,688m,17%,17.2,2373Mi,61%,3636,90,90.9
Wed 17:00:00,683m,17%,17.075,2372Mi,61%,3675,91,91.875
Wed 17:01:00,658m,16%,16.45,2373Mi,61%,3665,91,91.625
Wed 17:02:00,692m,17%,17.3,2374Mi,61%,3653,91,91.325
Wed 17:03:00,668m,16%,16.7,2372Mi,61%,3643,91,91.075
Wed 17:04:00,676m,16%,16.9,2376Mi,61%,3631,90,90.775
Wed 17:05:00,648m,16%,16.2,2373Mi,61%,3621,90,90.525
Wed 17:06:00,709m,17%,17.725,2375Mi,61%,3609,90,90.225
Wed 17:07:01,675m,16%,16.875,2374Mi,61%,3599,89,89.975
Wed 17:08:00,699m,17%,17.475,2376Mi,61%,3550,88,88.75
Wed 17:09:00,696m,17%,17.4,2376Mi,61%,3577,89,89.425
Wed 17:10:00,679m,16%,16.975,2366Mi,61%,3567,89,89.175
Wed 17:11:00,714m,17%,17.85,2370Mi,61%,3555,88,88.875
Wed 17:12:00,728m,18%,18.2,2366Mi,61%,3545,88,88.625
Wed 17:13:00,725m,18%,18.125,2370Mi,61%,3496,87,87.4
Wed 17:14:00,753m,18%,18.825,2361Mi,61%,3562,89,89.05
Wed 17:15:00,788m,19%,19.7,2375Mi,61%,3784,94,94.6
Wed 17:16:00,725m,18%,18.125,2338Mi,60%,3969,99,99.225
Wed 17:17:00,674m,16%,16.85,2357Mi,61%,3969,99,99.225
Wed 17:18:01,768m,19%,19.2,2291Mi,59%,3969,99,99.225
Wed 17:19:00,736m,18%,18.4,2280Mi,59%,3932,98,98.3
Wed 17:20:00,728m,18%,18.2,2286Mi,59%,3969,99,99.225
Wed 17:21:00,717m,17%,17.925,2288Mi,59%,3932,98,98.3
Wed 17:22:00,708m,17%,17.7,2288Mi,59%,3969,99,99.225
Wed 17:23:00,723m,18%,18.075,2292Mi,59%,3932,98,98.3
Wed 17:24:00,730m,18%,18.25,2294Mi,59%,3969,99,99.225
Wed 17:25:00,744m,18%,18.6,2299Mi,59%,3969,99,99.225
Wed 17:26:01,742m,18%,18.55,2299Mi,59%,3969,99,99.225
Wed 17:27:00,713m,17%,17.825,2301Mi,59%,3969,99,99.225
Wed 17:28:00,755m,18%,18.875,2302Mi,59%,3932,98,98.3
Wed 17:29:00,747m,18%,18.675,2301Mi,59%,3969,99,99.225
Wed 17:30:00,635m,15%,15.875,2303Mi,59%,3895,97,97.375
Wed 17:31:00,1427m,35%,35.675,2298Mi,59%,3895,97,97.375
Wed 17:32:00,852m,21%,21.3,2290Mi,59%,3895,97,97.375
Wed 17:33:00,824m,20%,20.6,2304Mi,59%,3969,99,99.225
Wed 17:34:00,717m,17%,17.925,2313Mi,60%,3858,96,96.45
Wed 17:35:00,904m,22%,22.6,2303Mi,59%,3895,97,97.375
Wed 17:36:00,909m,22%,22.725,2307Mi,60%,3858,96,96.45
Wed 17:37:00,852m,21%,21.3,2306Mi,60%,3895,97,97.375
Wed 17:38:00,865m,21%,21.625,2312Mi,60%,3895,97,97.375
Wed 17:39:00,832m,20%,20.8,2342Mi,60%,3895,97,97.375
Wed 17:40:00,830m,20%,20.75,2310Mi,60%,3969,99,99.225
Wed 17:41:00,798m,19%,19.95,2320Mi,60%,3858,96,96.45
Wed 17:42:00,860m,21%,21.5,2313Mi,60%,3895,97,97.375
Wed 17:43:00,801m,20%,20.025,2317Mi,60%,3858,96,96.45
Wed 17:44:00,815m,20%,20.375,2316Mi,60%,3969,99,99.225
Wed 17:45:00,732m,18%,18.3,2329Mi,60%,3969,99,99.225
Wed 17:46:00,848m,21%,21.2,2327Mi,60%,3969,99,99.225
Wed 17:47:00,666m,16%,16.65,2316Mi,60%,3895,97,97.375
Wed 17:48:00,989m,24%,24.725,2284Mi,59%,3932,98,98.3
Wed 17:49:00,813m,20%,20.325,2286Mi,59%,3932,98,98.3
Wed 17:50:00,836m,20%,20.9,2288Mi,59%,3969,99,99.225
Wed 17:51:00,792m,19%,19.8,2294Mi,59%,3858,96,96.45
Wed 17:52:00,843m,21%,21.075,2294Mi,59%,3821,95,95.525
Wed 17:53:00,815m,20%,20.375,2284Mi,59%,3858,96,96.45
Wed 17:54:00,786m,19%,19.65,2285Mi,59%,3821,95,95.525
Wed 17:55:00,795m,19%,19.875,2267Mi,59%,3858,96,96.45
Wed 17:56:01,802m,20%,20.05,2271Mi,59%,3858,96,96.45
Wed 17:57:00,738m,18%,18.45,2270Mi,59%,3858,96,96.45
Wed 17:58:00,817m,20%,20.425,2272Mi,59%,3895,97,97.375
Wed 17:59:00,763m,19%,19.075,2277Mi,59%,3932,98,98.3
Wed 18:00:00,805m,20%,20.125,2279Mi,59%,3969,99,99.225
Wed 18:01:00,754m,18%,18.85,2285Mi,59%,3987,99,99.675
Wed 18:02:00,800m,20%,20,2284Mi,59%,3953,98,98.825
Wed 18:03:00,770m,19%,19.25,2284Mi,59%,3934,98,98.35
Wed 18:04:00,826m,20%,20.65,2278Mi,59%,3955,98,98.875
Wed 18:05:00,872m,21%,21.8,2281Mi,59%,3896,97,97.4
Wed 18:06:00,796m,19%,19.9,2273Mi,59%,3914,97,97.85
Wed 18:07:00,771m,19%,19.275,2274Mi,59%,3963,99,99.075
Wed 18:08:00,762m,19%,19.05,2280Mi,59%,3978,99,99.45
Wed 18:09:00,897m,22%,22.425,2282Mi,59%,3956,98,98.9
Wed 18:10:00,779m,19%,19.475,2279Mi,59%,3971,99,99.275
Wed 18:11:00,763m,19%,19.075,2278Mi,59%,3949,98,98.725
Wed 18:12:00,745m,18%,18.625,2278Mi,59%,3841,96,96.025
Wed 18:13:00,785m,19%,19.625,2271Mi,59%,3779,94,94.475
Wed 18:14:00,741m,18%,18.525,2262Mi,58%,3671,91,91.775
Wed 18:15:00,764m,19%,19.1,2257Mi,58%,3486,87,87.15
Wed 18:16:00,864m,21%,21.6,2244Mi,58%,3261,81,81.525
Wed 18:17:00,787m,19%,19.675,2228Mi,57%,3070,76,76.75
Wed 18:18:00,787m,19%,19.675,2212Mi,57%,3110,77,77.75
Wed 18:19:00,669m,16%,16.725,2216Mi,57%,3150,78,78.75
Wed 18:20:00,691m,17%,17.275,2218Mi,57%,3110,77,77.75
Wed 18:21:00,637m,15%,15.925,2216Mi,57%,3150,78,78.75
Wed 18:22:00,672m,16%,16.8,2222Mi,57%,3150,78,78.75
Wed 18:23:00,658m,16%,16.45,2221Mi,57%,3110,77,77.75
Wed 18:24:00,643m,16%,16.075,2224Mi,57%,3150,78,78.75
Wed 18:25:00,709m,17%,17.725,2223Mi,57%,3150,78,78.75
Wed 18:26:00,651m,16%,16.275,2224Mi,57%,3150,78,78.75
Wed 18:27:00,689m,17%,17.225,2224Mi,57%,3150,78,78.75
Wed 18:28:00,640m,16%,16,2225Mi,57%,3150,78,78.75
Wed 18:29:00,684m,17%,17.1,2228Mi,58%,3150,78,78.75
Wed 18:30:00,643m,16%,16.075,2227Mi,57%,3150,78,78.75
Wed 18:31:00,673m,16%,16.825,2231Mi,58%,3150,78,78.75
Wed 18:32:00,676m,16%,16.9,2238Mi,58%,3150,78,78.75
Wed 18:33:01,655m,16%,16.375,2234Mi,58%,3150,78,78.75
Wed 18:34:00,698m,17%,17.45,2234Mi,58%,3110,77,77.75
Wed 18:35:00,646m,16%,16.15,2237Mi,58%,3150,78,78.75
Wed 18:36:00,675m,16%,16.875,2248Mi,58%,3150,78,78.75
Wed 18:37:00,633m,15%,15.825,2248Mi,58%,3150,78,78.75
Wed 18:38:00,669m,16%,16.725,2250Mi,58%,3150,78,78.75
Wed 18:39:00,636m,15%,15.9,2248Mi,58%,3150,78,78.75
Wed 18:40:00,679m,16%,16.975,2251Mi,58%,3150,78,78.75
Wed 18:41:00,641m,16%,16.025,2249Mi,58%,3150,78,78.75
Wed 18:42:00,660m,16%,16.5,2253Mi,58%,3150,78,78.75
Wed 18:43:00,667m,16%,16.675,2253Mi,58%,3150,78,78.75
Wed 18:44:00,645m,16%,16.125,2255Mi,58%,3150,78,78.75
Wed 18:45:00,674m,16%,16.85,2255Mi,58%,3150,78,78.75
Wed 18:46:00,644m,16%,16.1,2257Mi,58%,3150,78,78.75
Wed 18:47:00,685m,17%,17.125,2260Mi,58%,3150,78,78.75
Wed 18:48:00,626m,15%,15.65,2260Mi,58%,3150,78,78.75
Wed 18:49:00,687m,17%,17.175,2263Mi,58%,3150,78,78.75
Wed 18:50:00,636m,15%,15.9,2261Mi,58%,3150,78,78.75
Wed 18:51:00,671m,16%,16.775,2265Mi,58%,3150,78,78.75
Wed 18:52:00,650m,16%,16.25,2265Mi,58%,3150,78,78.75
Wed 18:53:00,656m,16%,16.4,2266Mi,58%,3150,78,78.75
Wed 18:54:00,670m,16%,16.75,2266Mi,58%,3150,78,78.75
Wed 18:55:00,643m,16%,16.075,2272Mi,59%,3150,78,78.75
Wed 18:56:00,687m,17%,17.175,2271Mi,59%,3110,77,77.75
Wed 18:57:00,641m,16%,16.025,2269Mi,59%,3150,78,78.75
Wed 18:58:00,678m,16%,16.95,2272Mi,59%,3150,78,78.75
Wed 18:59:00,657m,16%,16.425,2278Mi,59%,3150,78,78.75
Wed 19:00:00,663m,16%,16.575,2282Mi,59%,3150,78,78.75
Wed 19:01:00,656m,16%,16.4,2283Mi,59%,3074,76,76.85
Wed 19:02:00,568m,14%,14.2,2279Mi,59%,3038,75,75.95
Wed 19:03:00,610m,15%,15.25,2276Mi,59%,2962,74,74.05
Wed 19:04:00,562m,14%,14.05,2270Mi,59%,2885,72,72.125
Wed 19:05:00,571m,14%,14.275,2265Mi,58%,2809,70,70.225
Wed 19:06:00,560m,14%,14,2262Mi,58%,2773,69,69.325
Wed 19:07:00,591m,14%,14.775,2256Mi,58%,2737,68,68.425
Wed 19:08:01,546m,13%,13.65,2252Mi,58%,2620,65,65.5
Wed 19:09:00,579m,14%,14.475,2246Mi,58%,2544,63,63.6
Wed 19:10:00,562m,14%,14.05,2241Mi,58%,2508,62,62.7
Wed 19:11:00,530m,13%,13.25,2241Mi,58%,2472,61,61.8
Wed 19:12:00,534m,13%,13.35,2237Mi,58%,2595,64,64.875
Wed 19:13:01,466m,11%,11.65,2246Mi,58%,2759,68,68.975
Wed 19:14:00,488m,12%,12.2,2258Mi,58%,2923,73,73.075
Wed 19:15:00,505m,12%,12.625,2273Mi,59%,3087,77,77.175
Wed 19:16:00,493m,12%,12.325,2284Mi,59%,3128,78,78.2
Wed 19:17:00,532m,13%,13.3,2291Mi,59%,3128,78,78.2
Wed 19:18:00,556m,13%,13.9,2291Mi,59%,3128,78,78.2
Wed 19:19:00,561m,14%,14.025,2294Mi,59%,3169,79,79.225
Wed 19:20:00,556m,13%,13.9,2293Mi,59%,3128,78,78.2
Wed 19:21:00,576m,14%,14.4,2294Mi,59%,3169,79,79.225
Wed 19:22:00,572m,14%,14.3,2297Mi,59%,3169,79,79.225
Wed 19:23:00,575m,14%,14.375,2297Mi,59%,3169,79,79.225
Wed 19:24:00,568m,14%,14.2,2296Mi,59%,3128,78,78.2
Wed 19:25:00,549m,13%,13.725,2297Mi,59%,3128,78,78.2
Wed 19:26:00,572m,14%,14.3,2298Mi,59%,3169,79,79.225
Wed 19:27:00,564m,14%,14.1,2298Mi,59%,3169,79,79.225
Wed 19:28:00,571m,14%,14.275,2298Mi,59%,3128,78,78.2
Wed 19:29:00,557m,13%,13.925,2292Mi,59%,3169,79,79.225
Wed 19:30:00,574m,14%,14.35,2294Mi,59%,3128,78,78.2
Wed 19:31:00,575m,14%,14.375,2293Mi,59%,3169,79,79.225
Wed 19:32:00,558m,13%,13.95,2291Mi,59%,3128,78,78.2
Wed 19:33:01,563m,14%,14.075,2292Mi,59%,3128,78,78.2
Wed 19:34:00,574m,14%,14.35,2292Mi,59%,3169,79,79.225
Wed 19:35:00,567m,14%,14.175,2294Mi,59%,3169,79,79.225
Wed 19:36:00,556m,13%,13.9,2300Mi,59%,3128,78,78.2
Wed 19:37:00,550m,13%,13.75,2293Mi,59%,3128,78,78.2
Wed 19:38:00,568m,14%,14.2,2293Mi,59%,3169,79,79.225
Wed 19:39:00,570m,14%,14.25,2293Mi,59%,3169,79,79.225
Wed 19:40:00,542m,13%,13.55,2294Mi,59%,3128,78,78.2
Wed 19:41:00,572m,14%,14.3,2295Mi,59%,3169,79,79.225
Wed 19:42:00,553m,13%,13.825,2298Mi,59%,3169,79,79.225
Wed 19:43:00,572m,14%,14.3,2297Mi,59%,3169,79,79.225
Wed 19:44:00,550m,13%,13.75,2295Mi,59%,3128,78,78.2
Wed 19:45:00,565m,14%,14.125,2296Mi,59%,3128,78,78.2
Wed 19:46:00,567m,14%,14.175,2296Mi,59%,3169,79,79.225
Wed 19:47:00,565m,14%,14.125,2298Mi,59%,3169,79,79.225
Wed 19:48:00,575m,14%,14.375,2299Mi,59%,3128,78,78.2
Wed 19:49:00,549m,13%,13.725,2297Mi,59%,3128,78,78.2
Wed 19:50:00,560m,14%,14,2298Mi,59%,3128,78,78.2
Wed 19:51:00,571m,14%,14.275,2297Mi,59%,3169,79,79.225
Wed 19:52:00,535m,13%,13.375,2298Mi,59%,3128,78,78.2
Wed 19:53:00,579m,14%,14.475,2298Mi,59%,3128,78,78.2
Wed 19:54:00,553m,13%,13.825,2301Mi,59%,3128,78,78.2
Wed 19:55:00,556m,13%,13.9,2301Mi,59%,3169,79,79.225
Wed 19:56:00,543m,13%,13.575,2299Mi,59%,3128,78,78.2
Wed 19:57:00,1044m,26%,26.1,2299Mi,59%,,,
Wed 19:58:00,1176m,29%,29.4,2296Mi,59%,3087,77,77.175
Wed 19:59:00,1459m,36%,36.475,2301Mi,59%,3128,78,78.2
Wed 20:00:00,1204m,30%,30.1,2302Mi,59%,3087,77,77.175
Wed 20:01:00,1236m,30%,30.9,2303Mi,59%,3151,78,78.775
Wed 20:02:00,1278m,31%,31.95,2323Mi,60%,3215,80,80.375
Wed 20:03:00,1161m,29%,29.025,2324Mi,60%,3320,83,83
Wed 20:04:00,1262m,31%,31.55,2333Mi,60%,3384,84,84.6
Wed 20:05:00,1592m,39%,39.8,2341Mi,60%,3448,86,86.2
Wed 20:06:00,1350m,33%,33.75,2346Mi,61%,3512,87,87.8
Wed 20:07:00,1281m,32%,32.025,2352Mi,61%,3617,90,90.425
Wed 20:08:01,1382m,34%,34.55,2358Mi,61%,3681,92,92.025
Wed 20:09:01,1373m,34%,34.325,2367Mi,61%,3783,94,94.575
Wed 20:10:00,1476m,36%,36.9,2375Mi,61%,3657,91,91.425
Wed 20:11:01,1753m,43%,43.825,2371Mi,61%,3534,88,88.35
Wed 20:12:00,1461m,36%,36.525,2361Mi,61%,3370,84,84.25
Wed 20:13:00,1497m,37%,37.425,2351Mi,61%,3367,84,84.175
Wed 20:14:00,1485m,37%,37.125,2349Mi,61%,3124,78,78.1
Wed 20:15:00,1596m,39%,39.9,2331Mi,60%,2960,74,74
Wed 20:16:00,1357m,33%,33.925,2319Mi,60%,2878,71,71.95
Wed 20:17:00,1368m,34%,34.2,2311Mi,60%,2878,71,71.95
Wed 20:18:00,1304m,32%,32.6,2314Mi,60%,2878,71,71.95
Wed 20:19:00,1150m,28%,28.75,2314Mi,60%,2878,71,71.95
Wed 20:20:01,1284m,32%,32.1,2314Mi,60%,2878,71,71.95
Wed 20:21:00,1049m,26%,26.225,2304Mi,59%,2878,71,71.95
Wed 20:22:00,1345m,33%,33.625,2304Mi,59%,2878,71,71.95
Wed 20:23:00,1271m,31%,31.775,2304Mi,59%,2878,71,71.95
Wed 20:24:00,1125m,28%,28.125,2306Mi,60%,2878,71,71.95
Wed 20:25:00,994m,24%,24.85,2306Mi,60%,2878,71,71.95
Wed 20:26:00,1303m,32%,32.575,2305Mi,60%,2878,71,71.95
Wed 20:27:00,1302m,32%,32.55,2305Mi,59%,2878,71,71.95
Wed 20:28:01,1291m,32%,32.275,2305Mi,59%,2878,71,71.95
Wed 20:29:00,1264m,31%,31.6,2305Mi,59%,2878,71,71.95
Wed 20:30:00,1308m,32%,32.7,2307Mi,60%,2878,71,71.95
Wed 20:31:00,1301m,32%,32.525,2308Mi,60%,2878,71,71.95
Wed 20:32:00,1329m,33%,33.225,2314Mi,60%,2878,71,71.95
Wed 20:33:00,1302m,32%,32.55,2311Mi,60%,2878,71,71.95
Wed 20:34:00,1275m,31%,31.875,2309Mi,60%,2878,71,71.95
Wed 20:35:00,1272m,31%,31.8,2307Mi,60%,2878,71,71.95
Wed 20:36:00,1317m,32%,32.925,2306Mi,60%,2878,71,71.95
Wed 20:37:00,1321m,33%,33.025,2308Mi,60%,2878,71,71.95
Wed 20:38:00,1293m,32%,32.325,2311Mi,60%,2878,71,71.95
Wed 20:39:00,1312m,32%,32.8,2308Mi,60%,2878,71,71.95
Wed 20:40:00,1327m,33%,33.175,2309Mi,60%,2878,71,71.95
Wed 20:41:00,1290m,32%,32.25,2308Mi,60%,2878,71,71.95
Wed 20:42:00,1334m,33%,33.35,2316Mi,60%,2878,71,71.95
Wed 20:43:01,1338m,33%,33.45,2319Mi,60%,2878,71,71.95
Wed 20:44:00,1499m,37%,37.475,2320Mi,60%,2878,71,71.95
Wed 20:45:00,1461m,36%,36.525,2318Mi,60%,2878,71,71.95
Wed 20:46:00,1334m,33%,33.35,2319Mi,60%,2878,71,71.95
Wed 20:47:00,1263m,31%,31.575,2319Mi,60%,2878,71,71.95
Wed 20:48:00,1332m,33%,33.3,2321Mi,60%,2878,71,71.95
Wed 20:49:00,1358m,33%,33.95,2324Mi,60%,2878,71,71.95
Wed 20:50:00,1430m,35%,35.75,2321Mi,60%,2878,71,71.95
Wed 20:51:01,1282m,32%,32.05,2321Mi,60%,2878,71,71.95
Wed 20:52:00,1463m,36%,36.575,2320Mi,60%,2878,71,71.95
Wed 20:53:00,1324m,33%,33.1,2324Mi,60%,2878,71,71.95
Wed 20:54:00,1313m,32%,32.825,2326Mi,60%,2878,71,71.95
Wed 20:55:00,833m,20%,20.825,2324Mi,60%,2878,71,71.95
Wed 20:56:00,697m,17%,17.425,2323Mi,60%,2878,71,71.95
Wed 20:57:00,775m,19%,19.375,2324Mi,60%,2878,71,71.95
Wed 20:58:00,688m,17%,17.2,2325Mi,60%,2878,71,71.95
Wed 20:59:00,910m,22%,22.75,2326Mi,60%,2878,71,71.95
Wed 21:00:00,715m,17%,17.875,2325Mi,60%,2878,71,71.95
Wed 21:01:00,742m,18%,18.55,2320Mi,60%,2834,70,70.85
Wed 21:02:00,616m,15%,15.4,2316Mi,60%,2790,69,69.75
Wed 21:03:00,693m,17%,17.325,2310Mi,60%,2746,68,68.65
Wed 21:04:00,630m,15%,15.75,2301Mi,59%,2702,67,67.55
Wed 21:05:00,640m,16%,16,2296Mi,59%,2658,66,66.45
Wed 21:06:00,639m,15%,15.975,2289Mi,59%,2614,65,65.35
Wed 21:07:00,578m,14%,14.45,2282Mi,59%,2608,65,65.2
Wed 21:08:00,749m,18%,18.725,2282Mi,59%,2526,63,63.15
Wed 21:09:00,820m,20%,20.5,2269Mi,59%,2482,62,62.05
Wed 21:10:00,576m,14%,14.4,2262Mi,58%,2590,64,64.75
Wed 21:11:00,574m,14%,14.35,2271Mi,59%,2774,69,69.35
Wed 21:12:00,511m,12%,12.775,2281Mi,59%,2958,73,73.95
Wed 21:13:00,511m,12%,12.775,2294Mi,59%,3142,78,78.55
Wed 21:14:00,521m,13%,13.025,2307Mi,60%,3326,83,83.15
Wed 21:15:00,530m,13%,13.25,2320Mi,60%,3510,87,87.75
Wed 21:16:00,552m,13%,13.8,2334Mi,60%,3648,91,91.2
Wed 21:17:00,556m,13%,13.9,2345Mi,61%,3648,91,91.2
Wed 21:18:00,623m,15%,15.575,2346Mi,61%,3648,91,91.2
Wed 21:19:00,650m,16%,16.25,2346Mi,61%,3648,91,91.2
Wed 21:20:00,697m,17%,17.425,2347Mi,61%,3648,91,91.2
Wed 21:21:00,798m,19%,19.95,2350Mi,61%,3648,91,91.2
Wed 21:22:00,605m,15%,15.125,2350Mi,61%,3694,92,92.35
Wed 21:23:00,501m,12%,12.525,2341Mi,60%,3648,91,91.2
Wed 21:24:00,696m,17%,17.4,2349Mi,61%,3648,91,91.2
Wed 21:25:00,671m,16%,16.775,2349Mi,61%,3648,91,91.2
Wed 21:26:00,637m,15%,15.925,2354Mi,61%,3648,91,91.2
Wed 21:27:00,899m,22%,22.475,2349Mi,61%,3648,91,91.2
Wed 21:28:00,649m,16%,16.225,2352Mi,61%,3648,91,91.2
Wed 21:29:00,624m,15%,15.6,2351Mi,61%,3648,91,91.2
Wed 21:30:00,617m,15%,15.425,2357Mi,61%,3648,91,91.2
Wed 21:31:00,735m,18%,18.375,2351Mi,61%,3648,91,91.2
Wed 21:32:00,626m,15%,15.65,2356Mi,61%,3648,91,91.2
Wed 21:33:00,641m,16%,16.025,2351Mi,61%,3648,91,91.2
Wed 21:34:00,636m,15%,15.9,2359Mi,61%,3648,91,91.2
Wed 21:35:00,685m,17%,17.125,2359Mi,61%,3694,92,92.35
Wed 21:36:00,638m,15%,15.95,2361Mi,61%,3648,91,91.2
Wed 21:37:00,742m,18%,18.55,2362Mi,61%,3648,91,91.2
Wed 21:38:00,795m,19%,19.875,2363Mi,61%,3832,95,95.8
Wed 21:39:00,643m,16%,16.075,2372Mi,61%,3648,91,91.2
Wed 21:40:00,753m,18%,18.825,2360Mi,61%,3648,91,91.2
Wed 21:41:00,648m,16%,16.2,2361Mi,61%,3648,91,91.2
Wed 21:42:01,677m,16%,16.925,2360Mi,61%,3648,91,91.2
Wed 21:43:00,670m,16%,16.75,2361Mi,61%,3648,91,91.2
Wed 21:44:00,750m,18%,18.75,2361Mi,61%,3648,91,91.2
Wed 21:45:00,690m,17%,17.25,2362Mi,61%,3648,91,91.2
Wed 21:46:00,656m,16%,16.4,2364Mi,61%,3648,91,91.2
Wed 21:47:00,597m,14%,14.925,2363Mi,61%,3648,91,91.2
Wed 21:48:00,731m,18%,18.275,2363Mi,61%,3648,91,91.2
Wed 21:49:00,725m,18%,18.125,2362Mi,61%,3648,91,91.2
Wed 21:50:00,718m,17%,17.95,2362Mi,61%,3648,91,91.2
Wed 21:51:00,694m,17%,17.35,2362Mi,61%,3648,91,91.2
Wed 21:52:00,632m,15%,15.8,2363Mi,61%,3648,91,91.2
Wed 21:53:00,738m,18%,18.45,2362Mi,61%,3648,91,91.2
Wed 21:54:00,651m,16%,16.275,2362Mi,61%,3648,91,91.2
Wed 21:55:00,668m,16%,16.7,2365Mi,61%,3648,91,91.2
Wed 21:56:00,617m,15%,15.425,2365Mi,61%,3648,91,91.2
Wed 21:57:00,684m,17%,17.1,2364Mi,61%,3648,91,91.2
Wed 21:58:01,675m,16%,16.875,2364Mi,61%,3648,91,91.2
Wed 21:59:00,795m,19%,19.875,2365Mi,61%,3648,91,91.2
Wed 22:00:00,1141m,28%,28.525,2362Mi,61%,3648,91,91.2
Wed 22:01:00,992m,24%,24.8,2366Mi,61%,3652,91,91.3
Wed 22:02:00,917m,22%,22.925,2364Mi,61%,3656,91,91.4
Wed 22:03:00,918m,22%,22.95,2356Mi,61%,3660,91,91.5
Wed 22:04:00,904m,22%,22.6,2355Mi,61%,3664,91,91.6
Wed 22:05:00,944m,23%,23.6,2355Mi,61%,3668,91,91.7
Wed 22:06:00,976m,24%,24.4,2354Mi,61%,3672,91,91.8
Wed 22:07:00,1004m,25%,25.1,2358Mi,61%,3676,91,91.9
Wed 22:08:00,954m,23%,23.85,2358Mi,61%,3680,92,92
Wed 22:09:00,1067m,26%,26.675,2356Mi,61%,3684,92,92.1
Wed 22:10:00,897m,22%,22.425,2355Mi,61%,3688,92,92.2
Wed 22:11:00,1158m,28%,28.95,2355Mi,61%,3692,92,92.3
Wed 22:12:01,920m,23%,23,2355Mi,61%,3696,92,92.4
Wed 22:13:00,989m,24%,24.725,2357Mi,61%,3512,87,87.8
Wed 22:14:00,1121m,28%,28.025,2347Mi,61%,3374,84,84.35
Wed 22:15:00,1060m,26%,26.5,2335Mi,60%,3144,78,78.6
Wed 22:16:00,973m,24%,24.325,2320Mi,60%,3006,75,75.15
Wed 22:17:00,1035m,25%,25.875,2309Mi,60%,3006,75,75.15
Wed 22:18:01,935m,23%,23.375,2311Mi,60%,3006,75,75.15
Wed 22:19:00,821m,20%,20.525,2312Mi,60%,3006,75,75.15
Wed 22:20:00,782m,19%,19.55,2311Mi,60%,3006,75,75.15
Wed 22:21:00,933m,23%,23.325,2309Mi,60%,3006,75,75.15
Wed 22:22:00,907m,22%,22.675,2308Mi,60%,3100,77,77.5
Wed 22:23:00,737m,18%,18.425,2314Mi,60%,3006,75,75.15
Wed 22:24:00,817m,20%,20.425,2313Mi,60%,3006,75,75.15
Wed 22:25:00,961m,24%,24.025,2309Mi,60%,3006,75,75.15
Wed 22:26:00,773m,19%,19.325,2310Mi,60%,3006,75,75.15
Wed 22:27:00,782m,19%,19.55,2308Mi,60%,3006,75,75.15
Wed 22:28:00,770m,19%,19.25,2309Mi,60%,3006,75,75.15
Wed 22:29:01,1046m,26%,26.15,2307Mi,60%,3006,75,75.15
Wed 22:30:00,1034m,25%,25.85,2306Mi,60%,3006,75,75.15
Wed 22:31:00,955m,23%,23.875,2315Mi,60%,3006,75,75.15
Wed 22:32:00,969m,24%,24.225,2316Mi,60%,3006,75,75.15
Wed 22:33:00,1077m,26%,26.925,2318Mi,60%,3006,75,75.15
Wed 22:34:00,925m,23%,23.125,2316Mi,60%,3006,75,75.15
Wed 22:35:00,765m,19%,19.125,2316Mi,60%,3006,75,75.15
Wed 22:36:00,728m,18%,18.2,2316Mi,60%,3006,75,75.15
Wed 22:37:00,807m,20%,20.175,2315Mi,60%,3006,75,75.15
Wed 22:38:01,955m,23%,23.875,2314Mi,60%,3006,75,75.15
Wed 22:39:00,802m,20%,20.05,2318Mi,60%,3006,75,75.15
Wed 22:40:00,629m,15%,15.725,2318Mi,60%,3006,75,75.15
Wed 22:41:00,605m,15%,15.125,2319Mi,60%,3006,75,75.15
Wed 22:42:00,793m,19%,19.825,2319Mi,60%,3006,75,75.15
Wed 22:43:00,620m,15%,15.5,2318Mi,60%,3006,75,75.15
Wed 22:44:00,642m,16%,16.05,2318Mi,60%,3006,75,75.15
Wed 22:45:00,597m,14%,14.925,2319Mi,60%,3006,75,75.15
Wed 22:46:00,592m,14%,14.8,2318Mi,60%,3006,75,75.15
Wed 22:47:00,581m,14%,14.525,2319Mi,60%,3006,75,75.15
Wed 22:48:00,592m,14%,14.8,2321Mi,60%,3006,75,75.15
Wed 22:49:00,585m,14%,14.625,2322Mi,60%,3006,75,75.15
Wed 22:50:00,545m,13%,13.625,2323Mi,60%,3006,75,75.15
Wed 22:51:00,574m,14%,14.35,2323Mi,60%,3006,75,75.15
Wed 22:52:00,739m,18%,18.475,2321Mi,60%,3006,75,75.15
Wed 22:53:00,605m,15%,15.125,2321Mi,60%,3006,75,75.15
Wed 22:54:00,578m,14%,14.45,2321Mi,60%,3006,75,75.15
Wed 22:55:00,582m,14%,14.55,2320Mi,60%,3006,75,75.15
Wed 22:56:00,581m,14%,14.525,2321Mi,60%,3006,75,75.15
Wed 22:57:00,586m,14%,14.65,2321Mi,60%,3006,75,75.15
Wed 22:58:00,575m,14%,14.375,2321Mi,60%,3006,75,75.15
Wed 22:59:00,548m,13%,13.7,2320Mi,60%,3006,75,75.15
Wed 23:00:00,573m,14%,14.325,2314Mi,60%,3006,75,75.15
Wed 23:01:00,556m,13%,13.9,2315Mi,60%,3003,75,75.075
Wed 23:02:00,549m,13%,13.725,2314Mi,60%,2963,74,74.075
Wed 23:03:00,579m,14%,14.475,2315Mi,60%,2923,73,73.075
Wed 23:04:00,553m,13%,13.825,2317Mi,60%,2883,72,72.075
Wed 23:05:01,568m,14%,14.2,2316Mi,60%,2880,72,72
Wed 23:06:00,598m,14%,14.95,2318Mi,60%,2840,71,71
Wed 23:07:00,558m,13%,13.95,2320Mi,60%,2800,70,70
Wed 23:08:00,564m,14%,14.1,2320Mi,60%,2797,69,69.925
Wed 23:09:00,573m,14%,14.325,2322Mi,60%,2572,64,64.3
Wed 23:10:00,589m,14%,14.725,2307Mi,60%,2384,59,59.6
Wed 23:11:00,578m,14%,14.45,2294Mi,59%,2233,55,55.825
Wed 23:12:00,605m,15%,15.125,2284Mi,59%,2045,51,51.125
Wed 23:13:00,564m,14%,14.1,2269Mi,59%,2008,50,50.2
Wed 23:14:00,513m,12%,12.825,2269Mi,59%,2008,50,50.2
Wed 23:15:00,519m,12%,12.975,2269Mi,59%,2045,51,51.125
Wed 23:16:00,497m,12%,12.425,2268Mi,59%,2008,50,50.2
Wed 23:17:00,514m,12%,12.85,2271Mi,59%,2008,50,50.2
Wed 23:18:00,516m,12%,12.9,2269Mi,59%,2045,51,51.125
Wed 23:19:00,501m,12%,12.525,2267Mi,59%,2045,51,51.125
Wed 23:20:00,521m,13%,13.025,2270Mi,59%,2008,50,50.2
Wed 23:21:00,522m,13%,13.05,2268Mi,59%,2008,50,50.2
Wed 23:22:00,518m,12%,12.95,2268Mi,59%,2045,51,51.125
Wed 23:23:00,535m,13%,13.375,2270Mi,59%,2008,50,50.2
Wed 23:24:00,515m,12%,12.875,2268Mi,59%,2008,50,50.2
Wed 23:25:00,499m,12%,12.475,2267Mi,59%,2008,50,50.2
Wed 23:26:00,527m,13%,13.175,2269Mi,59%,2045,51,51.125
Wed 23:27:00,509m,12%,12.725,2267Mi,59%,2008,50,50.2
Wed 23:28:00,502m,12%,12.55,2278Mi,59%,2008,50,50.2
Wed 23:29:01,518m,12%,12.95,2276Mi,59%,2045,51,51.125
Wed 23:30:00,487m,12%,12.175,2275Mi,59%,2008,50,50.2
Wed 23:31:00,528m,13%,13.2,2278Mi,59%,2008,50,50.2
Wed 23:32:00,511m,12%,12.775,2276Mi,59%,2008,50,50.2
Wed 23:33:00,502m,12%,12.55,2275Mi,59%,2045,51,51.125
Wed 23:34:01,520m,13%,13,2277Mi,59%,2008,50,50.2
Wed 23:35:00,510m,12%,12.75,2275Mi,59%,2008,50,50.2
Wed 23:36:00,507m,12%,12.675,2275Mi,59%,2045,51,51.125
Wed 23:37:00,513m,12%,12.825,2278Mi,59%,2008,50,50.2
Wed 23:38:00,511m,12%,12.775,2275Mi,59%,2008,50,50.2
Wed 23:39:00,498m,12%,12.45,2274Mi,59%,2045,51,51.125
Wed 23:40:00,537m,13%,13.425,2276Mi,59%,2045,51,51.125
Wed 23:41:00,515m,12%,12.875,2275Mi,59%,2008,50,50.2
Wed 23:42:00,500m,12%,12.5,2277Mi,59%,2008,50,50.2
Wed 23:43:00,515m,12%,12.875,2275Mi,59%,2045,51,51.125
Wed 23:44:00,494m,12%,12.35,2275Mi,59%,2008,50,50.2
Wed 23:45:00,525m,13%,13.125,2277Mi,59%,2008,50,50.2
Wed 23:46:00,513m,12%,12.825,2276Mi,59%,2008,50,50.2
Wed 23:47:00,505m,12%,12.625,2275Mi,59%,2045,51,51.125
Wed 23:48:00,527m,13%,13.175,2283Mi,59%,2008,50,50.2
Wed 23:49:00,511m,12%,12.775,2275Mi,59%,2008,50,50.2
Wed 23:50:00,493m,12%,12.325,2275Mi,59%,2045,51,51.125
Wed 23:51:00,531m,13%,13.275,2284Mi,59%,2045,51,51.125
Wed 23:52:00,513m,12%,12.825,2275Mi,59%,2008,50,50.2
Wed 23:53:00,495m,12%,12.375,2275Mi,59%,2008,50,50.2
Wed 23:54:00,525m,13%,13.125,2277Mi,59%,2045,51,51.125
Wed 23:55:00,507m,12%,12.675,2267Mi,59%,2008,50,50.2
Wed 23:56:00,534m,13%,13.35,2271Mi,59%,2008,50,50.2
Wed 23:57:00,501m,12%,12.525,2267Mi,59%,2045,51,51.125
Wed 23:58:00,500m,12%,12.5,2266Mi,58%,2008,50,50.2
Wed 23:59:00,530m,13%,13.25,2271Mi,59%,2008,50,50.2
Thu 00:00:00,500m,12%,12.5,2267Mi,59%,2040,51,51
Thu 00:01:00,505m,12%,12.625,2266Mi,58%,1988,49,49.7
Thu 00:02:00,487m,12%,12.175,2267Mi,59%,1899,47,47.475
Thu 00:03:01,471m,11%,11.775,2260Mi,58%,1879,46,46.975
Thu 00:04:00,446m,11%,11.15,2256Mi,58%,1827,45,45.675
Thu 00:05:00,491m,12%,12.275,2256Mi,58%,1738,43,43.45
Thu 00:06:00,480m,12%,12,2251Mi,58%,1718,42,42.95
Thu 00:07:01,478m,11%,11.95,2249Mi,58%,1666,41,41.65
Thu 00:08:00,444m,11%,11.1,2246Mi,58%,1614,40,40.35
Thu 00:09:00,455m,11%,11.375,2243Mi,58%,1710,42,42.75
Thu 00:10:00,435m,10%,10.875,2255Mi,58%,1838,45,45.95
Thu 00:11:00,400m,10%,10,2261Mi,58%,1934,48,48.35
Thu 00:12:00,445m,11%,11.125,2275Mi,59%,2062,51,51.55
Thu 00:13:00,434m,10%,10.85,2284Mi,59%,2158,53,53.95
Thu 00:14:00,469m,11%,11.725,2297Mi,59%,2158,53,53.95
Thu 00:15:00,487m,12%,12.175,2299Mi,59%,2126,53,53.15
Thu 00:16:00,496m,12%,12.4,2297Mi,59%,2158,53,53.95
Thu 00:17:00,519m,12%,12.975,2299Mi,59%,2158,53,53.95
Thu 00:18:01,488m,12%,12.2,2299Mi,59%,2158,53,53.95
Thu 00:19:00,498m,12%,12.45,2296Mi,59%,2158,53,53.95
Thu 00:20:00,521m,13%,13.025,2299Mi,59%,2158,53,53.95
Thu 00:21:01,482m,12%,12.05,2299Mi,59%,2158,53,53.95
Thu 00:22:00,528m,13%,13.2,2298Mi,59%,2158,53,53.95
Thu 00:23:00,494m,12%,12.35,2299Mi,59%,2158,53,53.95
Thu 00:24:00,492m,12%,12.3,2297Mi,59%,2126,53,53.15
Thu 00:25:01,501m,12%,12.525,2300Mi,59%,2158,53,53.95
Thu 00:26:00,552m,13%,13.8,2299Mi,59%,2158,53,53.95
Thu 00:27:00,485m,12%,12.125,2300Mi,59%,2158,53,53.95
Thu 00:28:00,495m,12%,12.375,2297Mi,59%,2158,53,53.95
Thu 00:29:00,529m,13%,13.225,2301Mi,59%,2158,53,53.95
Thu 00:30:00,484m,12%,12.1,2300Mi,59%,2158,53,53.95
Thu 00:31:01,502m,12%,12.55,2297Mi,59%,2158,53,53.95
Thu 00:32:00,523m,13%,13.075,2300Mi,59%,2158,53,53.95
Thu 00:33:00,494m,12%,12.35,2307Mi,60%,2158,53,53.95
Thu 00:34:00,537m,13%,13.425,2307Mi,60%,2158,53,53.95
Thu 00:35:00,499m,12%,12.475,2308Mi,60%,2158,53,53.95
Thu 00:36:01,496m,12%,12.4,2305Mi,60%,2158,53,53.95
Thu 00:37:00,491m,12%,12.275,2307Mi,60%,2158,53,53.95
Thu 00:38:00,534m,13%,13.35,2307Mi,60%,2158,53,53.95
Thu 00:39:00,503m,12%,12.575,2308Mi,60%,2158,53,53.95
Thu 00:40:00,492m,12%,12.3,2305Mi,59%,2158,53,53.95
Thu 00:41:00,533m,13%,13.325,2308Mi,60%,2158,53,53.95
Thu 00:42:00,472m,11%,11.8,2308Mi,60%,2126,53,53.15
Thu 00:43:00,507m,12%,12.675,2306Mi,60%,2158,53,53.95
Thu 00:44:00,520m,13%,13,2308Mi,60%,2158,53,53.95
Thu 00:45:00,494m,12%,12.35,2308Mi,60%,2126,53,53.15
Thu 00:46:00,515m,12%,12.875,2305Mi,59%,2158,53,53.95
Thu 00:47:00,517m,12%,12.925,2308Mi,60%,2158,53,53.95
Thu 00:48:01,503m,12%,12.575,2305Mi,60%,2158,53,53.95
Thu 00:49:00,524m,13%,13.1,2308Mi,60%,2158,53,53.95
Thu 00:50:00,466m,11%,11.65,2305Mi,59%,2158,53,53.95
Thu 00:51:00,510m,12%,12.75,2309Mi,60%,2158,53,53.95
Thu 00:52:00,503m,12%,12.575,2305Mi,60%,2158,53,53.95
Thu 00:53:00,516m,12%,12.9,2308Mi,60%,2158,53,53.95
Thu 00:54:00,487m,12%,12.175,2308Mi,60%,2158,53,53.95
Thu 00:55:00,499m,12%,12.475,2306Mi,60%,2158,53,53.95
Thu 00:56:00,529m,13%,13.225,2308Mi,60%,2158,53,53.95
Thu 00:57:00,483m,12%,12.075,2309Mi,60%,2126,53,53.15
Thu 00:58:00,488m,12%,12.2,2305Mi,59%,2158,53,53.95
Thu 00:59:00,533m,13%,13.325,2309Mi,60%,2158,53,53.95
Thu 01:00:00,479m,11%,11.975,2306Mi,60%,2158,53,53.95
Thu 01:01:00,532m,13%,13.3,2308Mi,60%,2158,53,53.95
Thu 01:02:00,491m,12%,12.275,2308Mi,60%,2158,53,53.95
Thu 01:03:00,485m,12%,12.125,2305Mi,59%,2126,53,53.15
Thu 01:04:00,497m,12%,12.425,2305Mi,60%,2126,53,53.15
Thu 01:05:00,503m,12%,12.575,2302Mi,59%,2126,53,53.15
Thu 01:06:00,487m,12%,12.175,2302Mi,59%,2094,52,52.35
Thu 01:07:00,524m,13%,13.1,2300Mi,59%,2062,51,51.55
Thu 01:08:00,491m,12%,12.275,2295Mi,59%,1966,49,49.15
Thu 01:09:00,518m,12%,12.95,2279Mi,59%,1838,45,45.95
Thu 01:10:00,509m,12%,12.725,2269Mi,59%,1742,43,43.55
Thu 01:11:00,501m,12%,12.525,2258Mi,58%,1646,41,41.15
Thu 01:12:00,479m,11%,11.975,2247Mi,58%,1518,37,37.95
Thu 01:13:00,500m,12%,12.5,2234Mi,58%,1422,35,35.55
Thu 01:14:00,500m,12%,12.5,2223Mi,57%,1422,35,35.55
Thu 01:15:01,413m,10%,10.325,2224Mi,57%,1422,35,35.55
Thu 01:16:00,422m,10%,10.55,2224Mi,57%,1422,35,35.55
Thu 01:17:00,415m,10%,10.375,2222Mi,57%,1422,35,35.55
Thu 01:18:00,421m,10%,10.525,2223Mi,57%,1422,35,35.55
Thu 01:19:00,377m,9%,9.425,2221Mi,57%,1422,35,35.55
Thu 01:20:01,409m,10%,10.225,2219Mi,57%,1422,35,35.55
Thu 01:21:00,400m,10%,10,2220Mi,57%,1390,34,34.75
Thu 01:22:00,417m,10%,10.425,2220Mi,57%,1390,34,34.75
Thu 01:23:00,410m,10%,10.25,2219Mi,57%,1390,34,34.75
Thu 01:24:00,414m,10%,10.35,2220Mi,57%,1390,34,34.75
Thu 01:25:00,407m,10%,10.175,2220Mi,57%,1390,34,34.75
Thu 01:26:00,413m,10%,10.325,2220Mi,57%,1422,35,35.55
Thu 01:27:00,421m,10%,10.525,2220Mi,57%,1422,35,35.55
Thu 01:28:00,406m,10%,10.15,2220Mi,57%,1422,35,35.55
Thu 01:29:00,415m,10%,10.375,2219Mi,57%,1422,35,35.55
Thu 01:30:01,414m,10%,10.35,2219Mi,57%,1422,35,35.55
Thu 01:31:00,426m,10%,10.65,2219Mi,57%,1422,35,35.55
Thu 01:32:00,414m,10%,10.35,2219Mi,57%,1422,35,35.55
Thu 01:33:00,443m,11%,11.075,2222Mi,57%,1422,35,35.55
Thu 01:34:00,418m,10%,10.45,2219Mi,57%,1422,35,35.55
Thu 01:35:00,414m,10%,10.35,2220Mi,57%,1422,35,35.55
Thu 01:36:00,412m,10%,10.3,2219Mi,57%,1422,35,35.55
Thu 01:37:00,426m,10%,10.65,2221Mi,57%,1422,35,35.55
Thu 01:38:00,385m,9%,9.625,2219Mi,57%,1422,35,35.55
Thu 01:39:00,404m,10%,10.1,2224Mi,57%,1422,35,35.55
Thu 01:40:00,411m,10%,10.275,2219Mi,57%,1422,35,35.55
Thu 01:41:00,408m,10%,10.2,2219Mi,57%,1390,34,34.75
Thu 01:42:00,412m,10%,10.3,2219Mi,57%,1390,34,34.75
Thu 01:43:00,400m,10%,10,2219Mi,57%,1390,34,34.75
Thu 01:44:00,402m,10%,10.05,2219Mi,57%,1422,35,35.55
Thu 01:45:00,413m,10%,10.325,2219Mi,57%,1422,35,35.55
Thu 01:46:00,403m,10%,10.075,2219Mi,57%,1390,34,34.75
Thu 01:47:01,410m,10%,10.25,2228Mi,57%,1422,35,35.55
Thu 01:48:00,415m,10%,10.375,2227Mi,57%,1422,35,35.55
Thu 01:49:00,420m,10%,10.5,2227Mi,57%,1422,35,35.55
Thu 01:50:00,406m,10%,10.15,2227Mi,57%,1422,35,35.55
Thu 01:51:00,418m,10%,10.45,2227Mi,57%,1422,35,35.55
Thu 01:52:00,410m,10%,10.25,2227Mi,57%,1422,35,35.55
Thu 01:53:00,451m,11%,11.275,2228Mi,57%,1390,34,34.75
Thu 01:54:00,400m,10%,10,2228Mi,57%,1422,35,35.55
Thu 01:55:00,423m,10%,10.575,2227Mi,57%,1390,34,34.75
Thu 01:56:00,405m,10%,10.125,2227Mi,57%,1390,34,34.75
Thu 01:57:01,432m,10%,10.8,2227Mi,57%,1422,35,35.55
Thu 01:58:00,378m,9%,9.45,2227Mi,57%,1422,35,35.55
Thu 01:59:00,422m,10%,10.55,2227Mi,57%,1422,35,35.55
Thu 02:00:01,412m,10%,10.3,2232Mi,58%,1431,35,35.775
Thu 02:01:00,429m,10%,10.725,2227Mi,57%,1417,35,35.425
Thu 02:02:00,425m,10%,10.625,2227Mi,57%,1444,36,36.1
Thu 02:03:00,402m,10%,10.05,2227Mi,57%,1471,36,36.775
Thu 02:04:01,399m,9%,9.975,2226Mi,57%,1457,36,36.425
Thu 02:05:00,371m,9%,9.275,2224Mi,57%,1484,37,37.1
Thu 02:06:00,407m,10%,10.175,2224Mi,57%,1511,37,37.775
Thu 02:07:00,401m,10%,10.025,2225Mi,57%,1570,39,39.25
Thu 02:08:01,378m,9%,9.45,2224Mi,57%,1529,38,38.225
Thu 02:09:00,397m,9%,9.925,2224Mi,57%,1570,39,39.25
Thu 02:10:00,402m,10%,10.05,2226Mi,57%,1570,39,39.25
Thu 02:11:00,404m,10%,10.1,2227Mi,57%,1570,39,39.25
Thu 02:12:00,391m,9%,9.775,2226Mi,57%,1529,38,38.225
Thu 02:13:00,382m,9%,9.55,2223Mi,57%,1570,39,39.25
Thu 02:14:00,395m,9%,9.875,2225Mi,57%,1570,39,39.25
Thu 02:15:00,404m,10%,10.1,2227Mi,57%,1529,38,38.225
Thu 02:16:00,394m,9%,9.85,2226Mi,57%,1529,38,38.225
Thu 02:17:00,392m,9%,9.8,2227Mi,57%,1570,39,39.25
Thu 02:18:00,399m,9%,9.975,2233Mi,58%,1570,39,39.25
Thu 02:19:00,384m,9%,9.6,2224Mi,57%,1529,38,38.225
Thu 02:20:00,433m,10%,10.825,2224Mi,57%,1570,39,39.25
Thu 02:21:00,399m,9%,9.975,2227Mi,57%,1570,39,39.25
Thu 02:22:00,394m,9%,9.85,2226Mi,57%,1529,38,38.225
Thu 02:23:00,392m,9%,9.8,2224Mi,57%,1529,38,38.225
Thu 02:24:00,413m,10%,10.325,2224Mi,57%,1570,39,39.25
Thu 02:25:00,392m,9%,9.8,2228Mi,57%,1570,39,39.25
Thu 02:26:00,395m,9%,9.875,2226Mi,57%,1529,38,38.225
Thu 02:27:00,399m,9%,9.975,2224Mi,57%,1529,38,38.225
Thu 02:28:01,408m,10%,10.2,2216Mi,57%,1570,39,39.25
Thu 02:29:00,393m,9%,9.825,2219Mi,57%,1570,39,39.25
Thu 02:30:00,397m,9%,9.925,2218Mi,57%,1529,38,38.225
Thu 02:31:00,383m,9%,9.575,2215Mi,57%,1529,38,38.225
Thu 02:32:00,401m,10%,10.025,2217Mi,57%,1570,39,39.25
Thu 02:33:00,405m,10%,10.125,2218Mi,57%,1529,38,38.225
Thu 02:34:00,393m,9%,9.825,2218Mi,57%,1529,38,38.225
Thu 02:35:00,384m,9%,9.6,2215Mi,57%,1570,39,39.25
Thu 02:36:00,408m,10%,10.2,2220Mi,57%,1570,39,39.25
Thu 02:37:00,378m,9%,9.45,2218Mi,57%,1529,38,38.225
Thu 02:38:01,407m,10%,10.175,2217Mi,57%,1529,38,38.225
Thu 02:39:00,402m,10%,10.05,2220Mi,57%,1570,39,39.25
Thu 02:40:00,393m,9%,9.825,2221Mi,57%,1570,39,39.25
Thu 02:41:00,383m,9%,9.575,2216Mi,57%,1529,38,38.225
Thu 02:42:00,398m,9%,9.95,2217Mi,57%,1529,38,38.225
Thu 02:43:00,398m,9%,9.95,2220Mi,57%,1570,39,39.25
Thu 02:44:00,403m,10%,10.075,2220Mi,57%,1570,39,39.25
Thu 02:45:00,371m,9%,9.275,2216Mi,57%,1529,38,38.225
Thu 02:46:00,415m,10%,10.375,2216Mi,57%,1570,39,39.25
Thu 02:47:00,393m,9%,9.825,2218Mi,57%,1570,39,39.25
Thu 02:48:00,416m,10%,10.4,2220Mi,57%,1529,38,38.225
Thu 02:49:00,367m,9%,9.175,2216Mi,57%,1529,38,38.225
Thu 02:50:00,399m,9%,9.975,2215Mi,57%,1570,39,39.25
Thu 02:51:00,393m,9%,9.825,2219Mi,57%,1570,39,39.25
Thu 02:52:00,403m,10%,10.075,2219Mi,57%,1529,38,38.225
Thu 02:53:00,374m,9%,9.35,2216Mi,57%,1570,39,39.25
Thu 02:54:00,414m,10%,10.35,2217Mi,57%,1570,39,39.25
Thu 02:55:00,381m,9%,9.525,2216Mi,57%,1529,38,38.225
Thu 02:56:00,399m,9%,9.975,2216Mi,57%,1529,38,38.225
Thu 02:57:00,393m,9%,9.825,2219Mi,57%,1570,39,39.25
Thu 02:58:00,412m,10%,10.3,2219Mi,57%,1570,39,39.25
Thu 02:59:00,384m,9%,9.6,2215Mi,57%,1529,38,38.225
Thu 03:00:01,409m,10%,10.225,2216Mi,57%,1529,38,38.225
Thu 03:01:00,394m,9%,9.85,2219Mi,57%,1534,38,38.35
Thu 03:02:00,408m,10%,10.2,2219Mi,57%,1527,38,38.175
Thu 03:03:00,434m,10%,10.85,2221Mi,57%,1491,37,37.275
Thu 03:04:00,410m,10%,10.25,2223Mi,57%,1455,36,36.375
Thu 03:05:00,405m,10%,10.125,2225Mi,57%,1489,37,37.225
Thu 03:06:00,428m,10%,10.7,2227Mi,57%,1453,36,36.325
Thu 03:07:00,429m,10%,10.725,2229Mi,58%,1417,35,35.425
Thu 03:08:00,416m,10%,10.4,2229Mi,58%,1533,38,38.325
Thu 03:09:00,437m,10%,10.925,2242Mi,58%,1533,38,38.325
Thu 03:10:00,422m,10%,10.55,2243Mi,58%,1533,38,38.325
Thu 03:11:00,431m,10%,10.775,2242Mi,58%,1562,39,39.05
Thu 03:12:00,471m,11%,11.775,2245Mi,58%,1562,39,39.05
Thu 03:13:00,445m,11%,11.125,2251Mi,58%,1533,38,38.325
Thu 03:14:00,460m,11%,11.5,2254Mi,58%,1562,39,39.05
Thu 03:15:00,437m,10%,10.925,2250Mi,58%,1533,38,38.325
Thu 03:16:00,468m,11%,11.7,2254Mi,58%,1533,38,38.325
Thu 03:17:00,454m,11%,11.35,2251Mi,58%,1562,39,39.05
Thu 03:18:00,434m,10%,10.85,2250Mi,58%,1562,39,39.05
Thu 03:19:00,471m,11%,11.775,2254Mi,58%,1533,38,38.325
Thu 03:20:00,445m,11%,11.125,2251Mi,58%,1562,39,39.05
Thu 03:21:00,461m,11%,11.525,2253Mi,58%,1562,39,39.05
Thu 03:22:00,438m,10%,10.95,2254Mi,58%,1533,38,38.325
Thu 03:23:00,452m,11%,11.3,2252Mi,58%,1562,39,39.05
Thu 03:24:00,475m,11%,11.875,2254Mi,58%,1533,38,38.325
Thu 03:25:00,438m,10%,10.95,2252Mi,58%,1533,38,38.325
Thu 03:26:00,462m,11%,11.55,2252Mi,58%,1562,39,39.05
Thu 03:27:00,459m,11%,11.475,2255Mi,58%,1562,39,39.05
Thu 03:28:00,459m,11%,11.475,2252Mi,58%,1533,38,38.325
Thu 03:29:00,473m,11%,11.825,2254Mi,58%,1562,39,39.05
Thu 03:30:00,430m,10%,10.75,2251Mi,58%,1562,39,39.05
Thu 03:31:01,472m,11%,11.8,2255Mi,58%,1533,38,38.325
Thu 03:32:00,434m,10%,10.85,2252Mi,58%,1562,39,39.05
Thu 03:33:00,435m,10%,10.875,2251Mi,58%,1533,38,38.325
Thu 03:34:00,463m,11%,11.575,2254Mi,58%,1533,38,38.325
Thu 03:35:00,449m,11%,11.225,2251Mi,58%,1562,39,39.05
Thu 03:36:00,457m,11%,11.425,2253Mi,58%,1533,38,38.325
Thu 03:37:00,446m,11%,11.15,2254Mi,58%,1533,38,38.325
Thu 03:38:00,448m,11%,11.2,2251Mi,58%,1562,39,39.05
Thu 03:39:00,457m,11%,11.425,2253Mi,58%,1533,38,38.325
Thu 03:40:00,452m,11%,11.3,2254Mi,58%,1533,38,38.325
Thu 03:41:01,447m,11%,11.175,2251Mi,58%,1562,39,39.05
Thu 03:42:00,467m,11%,11.675,2254Mi,58%,1533,38,38.325
Thu 03:43:00,450m,11%,11.25,2252Mi,58%,1533,38,38.325
Thu 03:44:00,435m,10%,10.875,2250Mi,58%,1562,39,39.05
Thu 03:45:00,474m,11%,11.85,2254Mi,58%,1533,38,38.325
Thu 03:46:00,438m,10%,10.95,2251Mi,58%,1533,38,38.325
Thu 03:47:01,453m,11%,11.325,2253Mi,58%,1562,39,39.05
Thu 03:48:00,437m,10%,10.925,2251Mi,58%,1533,38,38.325
Thu 03:49:00,476m,11%,11.9,2246Mi,58%,1533,38,38.325
Thu 03:50:01,443m,11%,11.075,2244Mi,58%,1562,39,39.05
Thu 03:51:00,464m,11%,11.6,2246Mi,58%,1562,39,39.05
Thu 03:52:00,437m,10%,10.925,2247Mi,58%,1533,38,38.325
Thu 03:53:00,447m,11%,11.175,2243Mi,58%,1562,39,39.05
Thu 03:54:00,446m,11%,11.15,2246Mi,58%,1562,39,39.05
Thu 03:55:00,450m,11%,11.25,2247Mi,58%,1533,38,38.325
Thu 03:56:00,444m,11%,11.1,2243Mi,58%,1562,39,39.05
Thu 03:57:00,466m,11%,11.65,2247Mi,58%,1562,39,39.05
Thu 03:58:00,447m,11%,11.175,2244Mi,58%,1533,38,38.325
Thu 03:59:00,440m,11%,11,2243Mi,58%,1562,39,39.05
Thu 04:00:00,461m,11%,11.525,2247Mi,58%,1533,38,38.325
Thu 04:01:00,455m,11%,11.375,2243Mi,58%,1560,39,39
Thu 04:02:00,427m,10%,10.675,2243Mi,58%,1549,38,38.725
Thu 04:03:00,417m,10%,10.425,2241Mi,58%,1509,37,37.725
Thu 04:04:00,394m,9%,9.85,2237Mi,58%,1536,38,38.4
Thu 04:05:00,417m,10%,10.425,2234Mi,58%,1525,38,38.125
Thu 04:06:00,403m,10%,10.075,2231Mi,58%,1523,38,38.075
Thu 04:07:00,387m,9%,9.675,2227Mi,57%,1512,37,37.8
Thu 04:08:00,425m,10%,10.625,2225Mi,57%,1501,37,37.525
Thu 04:09:00,377m,9%,9.425,2221Mi,57%,1472,36,36.8
Thu 04:10:00,427m,10%,10.675,2218Mi,57%,1472,36,36.8
Thu 04:11:00,441m,11%,11.025,2218Mi,57%,1472,36,36.8
Thu 04:12:00,370m,9%,9.25,2216Mi,57%,1472,36,36.8
Thu 04:13:00,396m,9%,9.9,2218Mi,57%,1472,36,36.8
Thu 04:14:00,352m,8%,8.8,2218Mi,57%,1472,36,36.8
Thu 04:15:00,410m,10%,10.25,2218Mi,57%,1472,36,36.8
Thu 04:16:00,361m,9%,9.025,2218Mi,57%,1472,36,36.8
Thu 04:17:00,396m,9%,9.9,2216Mi,57%,1472,36,36.8
Thu 04:18:00,369m,9%,9.225,2217Mi,57%,1472,36,36.8
Thu 04:19:00,396m,9%,9.9,2214Mi,57%,1472,36,36.8
Thu 04:20:00,395m,9%,9.875,2218Mi,57%,1472,36,36.8
Thu 04:21:00,366m,9%,9.15,2218Mi,57%,1472,36,36.8
Thu 04:22:00,400m,10%,10,2219Mi,57%,1472,36,36.8
Thu 04:23:00,375m,9%,9.375,2219Mi,57%,1472,36,36.8
Thu 04:24:00,370m,9%,9.25,2218Mi,57%,1472,36,36.8
Thu 04:25:00,401m,10%,10.025,2218Mi,57%,1472,36,36.8
Thu 04:26:00,366m,9%,9.15,2219Mi,57%,1472,36,36.8
Thu 04:27:00,365m,9%,9.125,2218Mi,57%,1472,36,36.8
Thu 04:28:00,400m,10%,10,2218Mi,57%,1434,35,35.85
Thu 04:29:00,363m,9%,9.075,2218Mi,57%,1472,36,36.8
Thu 04:30:00,407m,10%,10.175,2219Mi,57%,1472,36,36.8
Thu 04:31:00,370m,9%,9.25,2218Mi,57%,1472,36,36.8
Thu 04:32:00,369m,9%,9.225,2215Mi,57%,1472,36,36.8
Thu 04:33:00,393m,9%,9.825,2217Mi,57%,1472,36,36.8
Thu 04:34:01,361m,9%,9.025,2226Mi,57%,1472,36,36.8
Thu 04:35:00,406m,10%,10.15,2226Mi,57%,1472,36,36.8
Thu 04:36:00,364m,9%,9.1,2225Mi,57%,1472,36,36.8
Thu 04:37:00,397m,9%,9.925,2225Mi,57%,1472,36,36.8
Thu 04:38:00,378m,9%,9.45,2225Mi,57%,1472,36,36.8
Thu 04:39:00,363m,9%,9.075,2224Mi,57%,1472,36,36.8
Thu 04:40:00,396m,9%,9.9,2225Mi,57%,1472,36,36.8
Thu 04:41:00,361m,9%,9.025,2225Mi,57%,1472,36,36.8
Thu 04:42:00,403m,10%,10.075,2225Mi,57%,1472,36,36.8
Thu 04:43:00,359m,8%,8.975,2224Mi,57%,1472,36,36.8
Thu 04:44:00,383m,9%,9.575,2222Mi,57%,1472,36,36.8
Thu 04:45:00,397m,9%,9.925,2224Mi,57%,1472,36,36.8
Thu 04:46:00,362m,9%,9.05,2225Mi,57%,1472,36,36.8
Thu 04:47:00,371m,9%,9.275,2225Mi,57%,1472,36,36.8
Thu 04:48:00,397m,9%,9.925,2225Mi,57%,1472,36,36.8
Thu 04:49:00,359m,8%,8.975,2225Mi,57%,1472,36,36.8
Thu 04:50:00,405m,10%,10.125,2226Mi,57%,1472,36,36.8
Thu 04:51:00,360m,9%,9,2225Mi,57%,1472,36,36.8
Thu 04:52:00,371m,9%,9.275,2222Mi,57%,1472,36,36.8
Thu 04:53:00,395m,9%,9.875,2224Mi,57%,1472,36,36.8
Thu 04:54:00,366m,9%,9.15,2224Mi,57%,1472,36,36.8
Thu 04:55:00,407m,10%,10.175,2224Mi,57%,1472,36,36.8
Thu 04:56:00,366m,9%,9.15,2224Mi,57%,1472,36,36.8
Thu 04:57:00,398m,9%,9.95,2224Mi,57%,1472,36,36.8
Thu 04:58:00,379m,9%,9.475,2224Mi,57%,1472,36,36.8
Thu 04:59:00,363m,9%,9.075,2223Mi,57%,1472,36,36.8
Thu 05:00:00,408m,10%,10.2,2225Mi,57%,1472,36,36.8
Thu 05:01:00,371m,9%,9.275,2225Mi,57%,1460,36,36.5
Thu 05:02:01,407m,10%,10.175,2225Mi,57%,1520,38,38
Thu 05:03:00,418m,10%,10.45,2231Mi,58%,1546,38,38.65
Thu 05:04:00,409m,10%,10.225,2232Mi,58%,1534,38,38.35
Thu 05:05:00,426m,10%,10.65,2235Mi,58%,1594,39,39.85
Thu 05:06:00,407m,10%,10.175,2237Mi,58%,1582,39,39.55
Thu 05:07:00,441m,11%,11.025,2242Mi,58%,1608,40,40.2
Thu 05:08:00,418m,10%,10.45,2244Mi,58%,1668,41,41.7
Thu 05:09:00,425m,10%,10.625,2247Mi,58%,1770,44,44.25
Thu 05:10:00,430m,10%,10.75,2261Mi,58%,1872,46,46.8
Thu 05:11:00,425m,10%,10.625,2270Mi,59%,1974,49,49.35
Thu 05:12:00,456m,11%,11.4,2279Mi,59%,1974,49,49.35
Thu 05:13:00,457m,11%,11.425,2281Mi,59%,1940,48,48.5
Thu 05:14:00,468m,11%,11.7,2278Mi,59%,1974,49,49.35
Thu 05:15:00,506m,12%,12.65,2281Mi,59%,1974,49,49.35
Thu 05:16:00,458m,11%,11.45,2281Mi,59%,1940,48,48.5
Thu 05:17:00,471m,11%,11.775,2278Mi,59%,1974,49,49.35
Thu 05:18:00,495m,12%,12.375,2281Mi,59%,1974,49,49.35
Thu 05:19:00,468m,11%,11.7,2279Mi,59%,1940,48,48.5
Thu 05:20:00,470m,11%,11.75,2274Mi,59%,1974,49,49.35
Thu 05:21:00,481m,12%,12.025,2271Mi,59%,1974,49,49.35
Thu 05:22:00,499m,12%,12.475,2274Mi,59%,1940,48,48.5
Thu 05:23:00,473m,11%,11.825,2272Mi,59%,1974,49,49.35
Thu 05:24:00,486m,12%,12.15,2273Mi,59%,1974,49,49.35
Thu 05:25:00,475m,11%,11.875,2275Mi,59%,1940,48,48.5
Thu 05:26:00,490m,12%,12.25,2272Mi,59%,1974,49,49.35
Thu 05:27:00,490m,12%,12.25,2275Mi,59%,1974,49,49.35
Thu 05:28:00,457m,11%,11.425,2275Mi,59%,1940,48,48.5
Thu 05:29:00,476m,11%,11.9,2271Mi,59%,1974,49,49.35
Thu 05:30:01,507m,12%,12.675,2275Mi,59%,1974,49,49.35
Thu 05:31:00,469m,11%,11.725,2275Mi,59%,1940,48,48.5
Thu 05:32:00,491m,12%,12.275,2273Mi,59%,1974,49,49.35
Thu 05:33:00,443m,11%,11.075,2272Mi,59%,1974,49,49.35
Thu 05:34:00,510m,12%,12.75,2274Mi,59%,1940,48,48.5
Thu 05:35:00,462m,11%,11.55,2274Mi,59%,1974,49,49.35
Thu 05:36:00,471m,11%,11.775,2271Mi,59%,1974,49,49.35
Thu 05:37:00,495m,12%,12.375,2274Mi,59%,1940,48,48.5
Thu 05:38:00,467m,11%,11.675,2272Mi,59%,1974,49,49.35
Thu 05:39:00,500m,12%,12.5,2273Mi,59%,1974,49,49.35
Thu 05:40:00,465m,11%,11.625,2274Mi,59%,1940,48,48.5
Thu 05:41:00,473m,11%,11.825,2272Mi,59%,1974,49,49.35
Thu 05:42:00,500m,12%,12.5,2274Mi,59%,1974,49,49.35
Thu 05:43:00,457m,11%,11.425,2274Mi,59%,1940,48,48.5
Thu 05:44:00,468m,11%,11.7,2271Mi,59%,1974,49,49.35
Thu 05:45:00,479m,11%,11.975,2274Mi,59%,1974,49,49.35
Thu 05:46:00,477m,11%,11.925,2272Mi,59%,1940,48,48.5
Thu 05:47:00,472m,11%,11.8,2274Mi,59%,1974,49,49.35
Thu 05:48:00,478m,11%,11.95,2270Mi,59%,1974,49,49.35
Thu 05:49:00,497m,12%,12.425,2274Mi,59%,1940,48,48.5
Thu 05:50:00,472m,11%,11.8,2271Mi,59%,1974,49,49.35
Thu 05:51:00,470m,11%,11.75,2270Mi,59%,1974,49,49.35
Thu 05:52:00,497m,12%,12.425,2274Mi,59%,1940,48,48.5
Thu 05:53:00,477m,11%,11.925,2272Mi,59%,1974,49,49.35
Thu 05:54:00,493m,12%,12.325,2286Mi,59%,1974,49,49.35
Thu 05:55:00,474m,11%,11.85,2274Mi,59%,1940,48,48.5
Thu 05:56:00,471m,11%,11.775,2271Mi,59%,1974,49,49.35
Thu 05:57:00,495m,12%,12.375,2274Mi,59%,1974,49,49.35
Thu 05:58:00,469m,11%,11.725,2282Mi,59%,1940,48,48.5
Thu 05:59:00,484m,12%,12.1,2279Mi,59%,1974,49,49.35
Thu 06:00:00,480m,12%,12,2282Mi,59%,1974,49,49.35
Thu 06:01:00,495m,12%,12.375,2283Mi,59%,1934,48,48.35
Thu 06:02:00,457m,11%,11.425,2281Mi,59%,1928,48,48.2
Thu 06:03:00,441m,11%,11.025,2276Mi,59%,1890,47,47.25
Thu 06:04:00,458m,11%,11.45,2275Mi,59%,1850,46,46.25
Thu 06:05:00,449m,11%,11.225,2274Mi,59%,1844,46,46.1
Thu 06:06:00,460m,11%,11.5,2272Mi,59%,1806,45,45.15
Thu 06:07:00,429m,10%,10.725,2269Mi,59%,1766,44,44.15
Thu 06:08:00,454m,11%,11.35,2267Mi,59%,1760,44,44
Thu 06:09:00,456m,11%,11.4,2266Mi,58%,1754,43,43.85
Thu 06:10:00,450m,11%,11.25,2267Mi,59%,1586,39,39.65
Thu 06:11:00,445m,11%,11.125,2251Mi,58%,1518,37,37.95
Thu 06:12:00,441m,11%,11.025,2244Mi,58%,1518,37,37.95
Thu 06:13:00,432m,10%,10.8,2244Mi,58%,1550,38,38.75
Thu 06:14:00,406m,10%,10.15,2248Mi,58%,1518,37,37.95
Thu 06:15:00,394m,9%,9.85,2244Mi,58%,1518,37,37.95
Thu 06:16:01,409m,10%,10.225,2244Mi,58%,1550,38,38.75
Thu 06:17:00,428m,10%,10.7,2245Mi,58%,1550,38,38.75
Thu 06:18:00,388m,9%,9.7,2244Mi,58%,1518,37,37.95
Thu 06:19:00,433m,10%,10.825,2243Mi,58%,1518,37,37.95
Thu 06:20:00,407m,10%,10.175,2247Mi,58%,1550,38,38.75
Thu 06:21:00,392m,9%,9.8,2243Mi,58%,1518,37,37.95
Thu 06:22:00,436m,10%,10.9,2243Mi,58%,1518,37,37.95
Thu 06:23:00,425m,10%,10.625,2243Mi,58%,1518,37,37.95
Thu 06:24:00,410m,10%,10.25,2246Mi,58%,1550,38,38.75
Thu 06:25:00,400m,10%,10,2242Mi,58%,1518,37,37.95
Thu 06:26:00,414m,10%,10.35,2243Mi,58%,1518,37,37.95
Thu 06:27:01,417m,10%,10.425,2243Mi,58%,1550,38,38.75
Thu 06:28:00,403m,10%,10.075,2246Mi,58%,1518,37,37.95
Thu 06:29:01,400m,10%,10,2242Mi,58%,1518,37,37.95
Thu 06:30:00,421m,10%,10.525,2242Mi,58%,1518,37,37.95
Thu 06:31:00,430m,10%,10.75,2243Mi,58%,1550,38,38.75
Thu 06:32:01,414m,10%,10.35,2246Mi,58%,1518,37,37.95
Thu 06:33:00,425m,10%,10.625,2245Mi,58%,1518,37,37.95
Thu 06:34:00,398m,9%,9.95,2243Mi,58%,1518,37,37.95
Thu 06:35:01,421m,10%,10.525,2246Mi,58%,1550,38,38.75
Thu 06:36:00,410m,10%,10.25,2243Mi,58%,1518,37,37.95
Thu 06:37:00,419m,10%,10.475,2243Mi,58%,1518,37,37.95
Thu 06:38:00,420m,10%,10.5,2236Mi,58%,1550,38,38.75
Thu 06:39:00,408m,10%,10.2,2237Mi,58%,1518,37,37.95
Thu 06:40:00,408m,10%,10.2,2235Mi,58%,1518,37,37.95
Thu 06:41:00,420m,10%,10.5,2235Mi,58%,1518,37,37.95
Thu 06:42:00,431m,10%,10.775,2236Mi,58%,1550,38,38.75
Thu 06:43:01,403m,10%,10.075,2237Mi,58%,1518,37,37.95
Thu 06:44:00,405m,10%,10.125,2235Mi,58%,1518,37,37.95
Thu 06:45:00,415m,10%,10.375,2235Mi,58%,1518,37,37.95
Thu 06:46:00,421m,10%,10.525,2237Mi,58%,1550,38,38.75
Thu 06:47:00,404m,10%,10.1,2239Mi,58%,1518,37,37.95
Thu 06:48:00,406m,10%,10.15,2235Mi,58%,1518,37,37.95
Thu 06:49:00,416m,10%,10.4,2235Mi,58%,1550,38,38.75
Thu 06:50:00,407m,10%,10.175,2236Mi,58%,1550,38,38.75
Thu 06:51:00,428m,10%,10.7,2238Mi,58%,1518,37,37.95
Thu 06:52:00,395m,9%,9.875,2235Mi,58%,1518,37,37.95
Thu 06:53:00,431m,10%,10.775,2235Mi,58%,1550,38,38.75
Thu 06:54:00,396m,9%,9.9,2235Mi,58%,1518,37,37.95
Thu 06:55:00,422m,10%,10.55,2235Mi,58%,1518,37,37.95
Thu 06:56:01,418m,10%,10.45,2236Mi,58%,1518,37,37.95
Thu 06:57:00,407m,10%,10.175,2239Mi,58%,1550,38,38.75
Thu 06:58:00,391m,9%,9.775,2235Mi,58%,1518,37,37.95
Thu 06:59:00,426m,10%,10.65,2235Mi,58%,1518,37,37.95
Thu 07:00:00,416m,10%,10.4,2236Mi,58%,1550,38,38.75
Thu 07:01:00,413m,10%,10.325,2239Mi,58%,1528,38,38.2
Thu 07:02:00,404m,10%,10.1,2235Mi,58%,1506,37,37.65
Thu 07:03:00,392m,9%,9.8,2231Mi,58%,1447,36,36.175
Thu 07:04:00,358m,8%,8.95,2226Mi,57%,1457,36,36.425
Thu 07:05:00,379m,9%,9.475,2226Mi,57%,1435,35,35.875
Thu 07:06:00,382m,9%,9.55,2221Mi,57%,1413,35,35.325
Thu 07:07:00,375m,9%,9.375,2219Mi,57%,1391,34,34.775
Thu 07:08:00,376m,9%,9.4,2216Mi,57%,1401,35,35.025
Thu 07:09:00,358m,8%,8.95,2216Mi,57%,1268,31,31.7
Thu 07:10:00,361m,9%,9.025,2203Mi,57%,1305,32,32.625
Thu 07:11:00,349m,8%,8.725,2205Mi,57%,1305,32,32.625
Thu 07:12:00,356m,8%,8.9,2205Mi,57%,1305,32,32.625
Thu 07:13:00,358m,8%,8.95,2205Mi,57%,1305,32,32.625
Thu 07:14:00,325m,8%,8.125,2203Mi,57%,1268,31,31.7
Thu 07:15:01,338m,8%,8.45,2206Mi,57%,1305,32,32.625
Thu 07:16:00,345m,8%,8.625,2207Mi,57%,1305,32,32.625
Thu 07:17:00,349m,8%,8.725,2207Mi,57%,1305,32,32.625
Thu 07:18:00,353m,8%,8.825,2207Mi,57%,1305,32,32.625
Thu 07:19:00,355m,8%,8.875,2208Mi,57%,1305,32,32.625
Thu 07:20:00,313m,7%,7.825,2205Mi,57%,1305,32,32.625
Thu 07:21:00,342m,8%,8.55,2207Mi,57%,1305,32,32.625
Thu 07:22:00,347m,8%,8.675,2207Mi,57%,1305,32,32.625
Thu 07:23:00,357m,8%,8.925,2207Mi,57%,1305,32,32.625
Thu 07:24:00,345m,8%,8.625,2207Mi,57%,1305,32,32.625
Thu 07:25:00,354m,8%,8.85,2206Mi,57%,1268,31,31.7
Thu 07:26:01,326m,8%,8.15,2204Mi,57%,1305,32,32.625
Thu 07:27:00,344m,8%,8.6,2206Mi,57%,1305,32,32.625
Thu 07:28:00,351m,8%,8.775,2207Mi,57%,1305,32,32.625
Thu 07:29:00,351m,8%,8.775,2206Mi,57%,1305,32,32.625
Thu 07:30:00,339m,8%,8.475,2207Mi,57%,1305,32,32.625
Thu 07:31:01,358m,8%,8.95,2207Mi,57%,1268,31,31.7
Thu 07:32:00,316m,7%,7.9,2205Mi,57%,1305,32,32.625
Thu 07:33:00,341m,8%,8.525,2215Mi,57%,1305,32,32.625
Thu 07:34:00,359m,8%,8.975,2215Mi,57%,1305,32,32.625
Thu 07:35:00,342m,8%,8.55,2215Mi,57%,1305,32,32.625
Thu 07:36:00,328m,8%,8.2,2212Mi,57%,1268,31,31.7
Thu 07:37:00,336m,8%,8.4,2215Mi,57%,1305,32,32.625
Thu 07:38:00,350m,8%,8.75,2215Mi,57%,1305,32,32.625
Thu 07:39:00,355m,8%,8.875,2215Mi,57%,1305,32,32.625
Thu 07:40:00,345m,8%,8.625,2214Mi,57%,1305,32,32.625
Thu 07:41:00,351m,8%,8.775,2214Mi,57%,1305,32,32.625
Thu 07:42:00,316m,7%,7.9,2212Mi,57%,1268,31,31.7
Thu 07:43:00,344m,8%,8.6,2214Mi,57%,1305,32,32.625
Thu 07:44:00,341m,8%,8.525,2214Mi,57%,1305,32,32.625
Thu 07:45:00,353m,8%,8.825,2214Mi,57%,1305,32,32.625
Thu 07:46:00,351m,8%,8.775,2214Mi,57%,1305,32,32.625
Thu 07:47:00,347m,8%,8.675,2215Mi,57%,1268,31,31.7
Thu 07:48:01,326m,8%,8.15,2212Mi,57%,1305,32,32.625
Thu 07:49:00,344m,8%,8.6,2213Mi,57%,1305,32,32.625
Thu 07:50:00,349m,8%,8.725,2213Mi,57%,1305,32,32.625
Thu 07:51:00,356m,8%,8.9,2213Mi,57%,1305,32,32.625
Thu 07:52:01,343m,8%,8.575,2212Mi,57%,1305,32,32.625
Thu 07:53:00,363m,9%,9.075,2213Mi,57%,1268,31,31.7
Thu 07:54:00,324m,8%,8.1,2210Mi,57%,1305,32,32.625
Thu 07:55:00,333m,8%,8.325,2213Mi,57%,1305,32,32.625
Thu 07:56:00,365m,9%,9.125,2213Mi,57%,1305,32,32.625
Thu 07:57:00,344m,8%,8.6,2213Mi,57%,1305,32,32.625
Thu 07:58:00,326m,8%,8.15,2210Mi,57%,1268,31,31.7
Thu 07:59:00,338m,8%,8.45,2214Mi,57%,1305,32,32.625
Thu 08:00:00,351m,8%,8.775,2214Mi,57%,1305,32,32.625
Thu 08:01:00,344m,8%,8.6,2214Mi,57%,1339,33,33.475
Thu 08:02:00,322m,8%,8.05,2210Mi,57%,1319,32,32.975
Thu 08:03:00,371m,9%,9.275,2210Mi,57%,1299,32,32.475
Thu 08:04:00,313m,7%,7.825,2208Mi,57%,1279,31,31.975
Thu 08:05:00,307m,7%,7.675,2207Mi,57%,1350,33,33.75
Thu 08:06:00,330m,8%,8.25,2207Mi,57%,1330,33,33.25
Thu 08:07:00,320m,8%,8,2204Mi,57%,1256,31,31.4
Thu 08:08:01,319m,7%,7.975,2198Mi,57%,1182,29,29.55
Thu 08:09:00,311m,7%,7.775,2190Mi,57%,1236,30,30.9
Thu 08:10:00,321m,8%,8.025,2194Mi,57%,1182,29,29.55
Thu 08:11:00,298m,7%,7.45,2191Mi,57%,1182,29,29.55
Thu 08:12:00,287m,7%,7.175,2190Mi,56%,1236,30,30.9
Thu 08:13:00,321m,8%,8.025,2192Mi,57%,1236,30,30.9
Thu 08:14:00,300m,7%,7.5,2193Mi,57%,1182,29,29.55
Thu 08:15:00,297m,7%,7.425,2191Mi,57%,1182,29,29.55
Thu 08:16:01,285m,7%,7.125,2190Mi,57%,1236,30,30.9
Thu 08:17:00,313m,7%,7.825,2193Mi,57%,1236,30,30.9
Thu 08:18:00,297m,7%,7.425,2191Mi,57%,1182,29,29.55
Thu 08:19:00,295m,7%,7.375,2190Mi,56%,1182,29,29.55
Thu 08:20:00,300m,7%,7.5,2192Mi,57%,1236,30,30.9
Thu 08:21:00,294m,7%,7.35,2195Mi,57%,1182,29,29.55
Thu 08:22:00,295m,7%,7.375,2192Mi,57%,1182,29,29.55
Thu 08:23:00,294m,7%,7.35,2192Mi,57%,1236,30,30.9
Thu 08:24:00,294m,7%,7.35,2192Mi,57%,1236,30,30.9
Thu 08:25:00,309m,7%,7.725,2195Mi,57%,1182,29,29.55
Thu 08:26:00,310m,7%,7.75,2193Mi,57%,1182,29,29.55
Thu 08:27:00,283m,7%,7.075,2191Mi,57%,1236,30,30.9
Thu 08:28:00,314m,7%,7.85,2195Mi,57%,1236,30,30.9
Thu 08:29:00,286m,7%,7.15,2195Mi,57%,1182,29,29.55
Thu 08:30:00,298m,7%,7.45,2192Mi,57%,1236,30,30.9
Thu 08:31:00,281m,7%,7.025,2191Mi,57%,1236,30,30.9
Thu 08:32:00,334m,8%,8.35,2195Mi,57%,1182,29,29.55
Thu 08:33:00,297m,7%,7.425,2192Mi,57%,1182,29,29.55
Thu 08:34:00,291m,7%,7.275,2191Mi,57%,1236,30,30.9
Thu 08:35:00,317m,7%,7.925,2195Mi,57%,1236,30,30.9
Thu 08:36:00,280m,7%,7,2195Mi,57%,1182,29,29.55
Thu 08:37:00,297m,7%,7.425,2191Mi,57%,1182,29,29.55
Thu 08:38:00,288m,7%,7.2,2191Mi,57%,1236,30,30.9
Thu 08:39:00,312m,7%,7.8,2195Mi,57%,1182,29,29.55
Thu 08:40:00,293m,7%,7.325,2192Mi,57%,1182,29,29.55
Thu 08:41:00,285m,7%,7.125,2191Mi,57%,1236,30,30.9
Thu 08:42:00,320m,8%,8,2195Mi,57%,1236,30,30.9
Thu 08:43:00,289m,7%,7.225,2195Mi,57%,1182,29,29.55
Thu 08:44:00,293m,7%,7.325,2192Mi,57%,1182,29,29.55
Thu 08:45:00,290m,7%,7.25,2191Mi,57%,1236,30,30.9
Thu 08:46:01,309m,7%,7.725,2195Mi,57%,1236,30,30.9
Thu 08:47:00,331m,8%,8.275,2192Mi,57%,1182,29,29.55
Thu 08:48:00,292m,7%,7.3,2192Mi,57%,1236,30,30.9
Thu 08:49:00,294m,7%,7.35,2191Mi,57%,1236,30,30.9
Thu 08:50:00,331m,8%,8.275,2185Mi,56%,1182,29,29.55
Thu 08:51:00,279m,6%,6.975,2186Mi,56%,1182,29,29.55
Thu 08:52:01,297m,7%,7.425,2182Mi,56%,1236,30,30.9
Thu 08:53:00,288m,7%,7.2,2182Mi,56%,1236,30,30.9
Thu 08:54:00,323m,8%,8.075,2185Mi,56%,1182,29,29.55
Thu 08:55:00,292m,7%,7.3,2181Mi,56%,1182,29,29.55
Thu 08:56:00,284m,7%,7.1,2181Mi,56%,1236,30,30.9
Thu 08:57:00,315m,7%,7.875,2184Mi,56%,1182,29,29.55
Thu 08:58:00,286m,7%,7.15,2185Mi,56%,1182,29,29.55
Thu 08:59:00,304m,7%,7.6,2181Mi,56%,1236,30,30.9
Thu 09:00:00,299m,7%,7.475,2183Mi,56%,1236,30,30.9
Thu 09:01:00,301m,7%,7.525,2184Mi,56%,1174,29,29.35
Thu 09:02:00,294m,7%,7.35,2181Mi,56%,1166,29,29.15
Thu 09:03:00,289m,7%,7.225,2181Mi,56%,1158,28,28.95
Thu 09:04:00,298m,7%,7.45,2181Mi,56%,1150,28,28.75
Thu 09:05:01,291m,7%,7.275,2181Mi,56%,1134,28,28.35
Thu 09:06:00,316m,7%,7.9,2181Mi,56%,1080,27,27
Thu 09:07:00,294m,7%,7.35,2178Mi,56%,1026,25,25.65
Thu 09:08:00,291m,7%,7.275,2173Mi,56%,980,24,24.5
Thu 09:09:00,287m,7%,7.175,2172Mi,56%,980,24,24.5
Thu 09:10:00,274m,6%,6.85,2174Mi,56%,980,24,24.5
Thu 09:11:00,276m,6%,6.9,2173Mi,56%,980,24,24.5
Thu 09:12:01,278m,6%,6.95,2173Mi,56%,980,24,24.5
Thu 09:13:00,279m,6%,6.975,2173Mi,56%,1026,25,25.65
Thu 09:14:00,306m,7%,7.65,2174Mi,56%,1026,25,25.65
Thu 09:15:00,279m,6%,6.975,2175Mi,56%,980,24,24.5
Thu 09:16:00,278m,6%,6.95,2175Mi,56%,980,24,24.5
Thu 09:17:00,282m,7%,7.05,2172Mi,56%,980,24,24.5
Thu 09:18:00,273m,6%,6.825,2172Mi,56%,980,24,24.5
Thu 09:19:00,281m,7%,7.025,2171Mi,56%,980,24,24.5
Thu 09:20:00,278m,6%,6.95,2172Mi,56%,1026,25,25.65
Thu 09:21:00,276m,6%,6.9,2171Mi,56%,1026,25,25.65
Thu 09:22:00,306m,7%,7.65,2175Mi,56%,1026,25,25.65
Thu 09:23:00,281m,7%,7.025,2175Mi,56%,980,24,24.5
Thu 09:24:00,290m,7%,7.25,2172Mi,56%,980,24,24.5
Thu 09:25:00,277m,6%,6.925,2172Mi,56%,980,24,24.5
Thu 09:26:01,288m,7%,7.2,2171Mi,56%,980,24,24.5
Thu 09:27:00,276m,6%,6.9,2171Mi,56%,980,24,24.5
Thu 09:28:00,277m,6%,6.925,2171Mi,56%,1026,25,25.65
Thu 09:29:00,308m,7%,7.7,2174Mi,56%,1026,25,25.65
Thu 09:30:00,270m,6%,6.75,2175Mi,56%,980,24,24.5
Thu 09:31:00,286m,7%,7.15,2172Mi,56%,980,24,24.5
Thu 09:32:00,279m,6%,6.975,2171Mi,56%,980,24,24.5
Thu 09:33:00,274m,6%,6.85,2171Mi,56%,980,24,24.5
Thu 09:34:00,286m,7%,7.15,2171Mi,56%,980,24,24.5
Thu 09:35:00,274m,6%,6.85,2171Mi,56%,1026,25,25.65
Thu 09:36:00,299m,7%,7.475,2175Mi,56%,1026,25,25.65
Thu 09:37:01,283m,7%,7.075,2174Mi,56%,1026,25,25.65
Thu 09:38:00,272m,6%,6.8,2173Mi,56%,980,24,24.5
Thu 09:39:00,290m,7%,7.25,2172Mi,56%,980,24,24.5
Thu 09:40:00,275m,6%,6.875,2172Mi,56%,980,24,24.5
Thu 09:41:00,281m,7%,7.025,2172Mi,56%,980,24,24.5
Thu 09:42:00,277m,6%,6.925,2171Mi,56%,980,24,24.5
Thu 09:43:00,273m,6%,6.825,2171Mi,56%,1026,25,25.65
Thu 09:44:00,284m,7%,7.1,2171Mi,56%,1026,25,25.65
Thu 09:45:00,308m,7%,7.7,2175Mi,56%,980,24,24.5
Thu 09:46:00,281m,7%,7.025,2175Mi,56%,980,24,24.5
Thu 09:47:00,283m,7%,7.075,2176Mi,56%,980,24,24.5
Thu 09:48:00,279m,6%,6.975,2172Mi,56%,980,24,24.5
Thu 09:49:00,279m,6%,6.975,2171Mi,56%,980,24,24.5
Thu 09:50:00,275m,6%,6.875,2172Mi,56%,1026,25,25.65
Thu 09:51:00,272m,6%,6.8,2172Mi,56%,1026,25,25.65
Thu 09:52:00,322m,8%,8.05,2175Mi,56%,1026,25,25.65
Thu 09:53:00,295m,7%,7.375,2174Mi,56%,980,24,24.5
Thu 09:54:00,297m,7%,7.425,2172Mi,56%,980,24,24.5
Thu 09:55:00,277m,6%,6.925,2171Mi,56%,980,24,24.5
Thu 09:56:00,277m,6%,6.925,2171Mi,56%,980,24,24.5
Thu 09:57:00,277m,6%,6.925,2171Mi,56%,980,24,24.5
Thu 09:58:01,270m,6%,6.75,2172Mi,56%,1026,25,25.65
Thu 09:59:00,312m,7%,7.8,2181Mi,56%,1026,25,25.65
Thu 10:00:00,279m,6%,6.975,2175Mi,56%,1026,25,25.65
Thu 10:01:00,281m,7%,7.025,2172Mi,56%,969,24,24.225
Thu 10:02:00,275m,6%,6.875,2171Mi,56%,923,23,23.075
Thu 10:03:00,247m,6%,6.175,2168Mi,56%,912,22,22.8
Thu 10:04:00,278m,6%,6.95,2168Mi,56%,866,21,21.65
Thu 10:05:00,247m,6%,6.175,2165Mi,56%,855,21,21.375
Thu 10:06:01,262m,6%,6.55,2165Mi,56%,855,21,21.375
Thu 10:07:00,240m,6%,6,2165Mi,56%,855,21,21.375
Thu 10:08:00,274m,6%,6.85,2166Mi,56%,855,21,21.375
Thu 10:09:00,233m,5%,5.825,2165Mi,56%,820,20,20.5
Thu 10:10:00,237m,5%,5.925,2162Mi,56%,855,21,21.375
Thu 10:11:00,265m,6%,6.625,2165Mi,56%,820,20,20.5
Thu 10:12:00,242m,6%,6.05,2162Mi,56%,855,21,21.375
Thu 10:13:01,256m,6%,6.4,2165Mi,56%,820,20,20.5
Thu 10:14:01,236m,5%,5.9,2165Mi,56%,855,21,21.375
Thu 10:15:00,269m,6%,6.725,2167Mi,56%,855,21,21.375
Thu 10:16:00,231m,5%,5.775,2167Mi,56%,855,21,21.375
Thu 10:17:00,273m,6%,6.825,2166Mi,56%,855,21,21.375
Thu 10:18:00,235m,5%,5.875,2166Mi,56%,855,21,21.375
Thu 10:19:00,259m,6%,6.475,2166Mi,56%,855,21,21.375
Thu 10:20:00,239m,5%,5.975,2165Mi,56%,855,21,21.375
Thu 10:21:00,264m,6%,6.6,2165Mi,56%,855,21,21.375
Thu 10:22:00,241m,6%,6.025,2165Mi,56%,855,21,21.375
Thu 10:23:00,259m,6%,6.475,2165Mi,56%,855,21,21.375
Thu 10:24:00,236m,5%,5.9,2165Mi,56%,855,21,21.375
Thu 10:25:00,265m,6%,6.625,2165Mi,56%,855,21,21.375
Thu 10:26:00,235m,5%,5.875,2167Mi,56%,820,20,20.5
Thu 10:27:00,235m,5%,5.875,2164Mi,56%,855,21,21.375
Thu 10:28:00,268m,6%,6.7,2167Mi,56%,820,20,20.5
Thu 10:29:00,238m,5%,5.95,2164Mi,56%,855,21,21.375
Thu 10:30:01,267m,6%,6.675,2165Mi,56%,820,20,20.5
Thu 10:31:00,235m,5%,5.875,2162Mi,56%,855,21,21.375
Thu 10:32:00,267m,6%,6.675,2165Mi,56%,855,21,21.375
Thu 10:33:00,228m,5%,5.7,2165Mi,56%,855,21,21.375
Thu 10:34:00,274m,6%,6.85,2165Mi,56%,855,21,21.375
Thu 10:35:00,240m,6%,6,2165Mi,56%,855,21,21.375
Thu 10:36:00,268m,6%,6.7,2165Mi,56%,855,21,21.375
Thu 10:37:00,244m,6%,6.1,2165Mi,56%,855,21,21.375
Thu 10:38:00,267m,6%,6.675,2165Mi,56%,855,21,21.375
Thu 10:39:00,235m,5%,5.875,2165Mi,56%,855,21,21.375
Thu 10:40:00,264m,6%,6.6,2166Mi,56%,855,21,21.375
Thu 10:41:00,241m,6%,6.025,2165Mi,56%,855,21,21.375
Thu 10:42:00,275m,6%,6.875,2166Mi,56%,855,21,21.375
Thu 10:43:00,228m,5%,5.7,2165Mi,56%,855,21,21.375
Thu 10:44:00,243m,6%,6.075,2162Mi,56%,855,21,21.375
Thu 10:45:00,267m,6%,6.675,2168Mi,56%,820,20,20.5
Thu 10:46:00,240m,6%,6,2164Mi,56%,855,21,21.375
Thu 10:47:00,258m,6%,6.45,2167Mi,56%,820,20,20.5
Thu 10:48:00,236m,5%,5.9,2164Mi,56%,855,21,21.375
Thu 10:49:00,259m,6%,6.475,2167Mi,56%,820,20,20.5
Thu 10:50:00,233m,5%,5.825,2167Mi,56%,855,21,21.375
Thu 10:51:00,266m,6%,6.65,2165Mi,56%,855,21,21.375
Thu 10:52:00,231m,5%,5.775,2165Mi,56%,855,21,21.375
Thu 10:53:00,260m,6%,6.5,2167Mi,56%,855,21,21.375
Thu 10:54:00,233m,5%,5.825,2167Mi,56%,855,21,21.375
Thu 10:55:00,264m,6%,6.6,2167Mi,56%,855,21,21.375
Thu 10:56:00,237m,5%,5.925,2166Mi,56%,855,21,21.375
Thu 10:57:00,258m,6%,6.45,2165Mi,56%,855,21,21.375
Thu 10:58:00,234m,5%,5.85,2165Mi,56%,855,21,21.375
Thu 10:59:01,265m,6%,6.625,2165Mi,56%,855,21,21.375
Thu 11:00:00,232m,5%,5.8,2165Mi,56%,855,21,21.375
Thu 11:01:00,262m,6%,6.55,2165Mi,56%,855,21,21.375
Thu 11:02:00,232m,5%,5.8,2165Mi,56%,843,21,21.075
Thu 11:03:00,238m,5%,5.95,2162Mi,56%,843,21,21.075
Thu 11:04:00,266m,6%,6.65,2165Mi,56%,831,20,20.775
Thu 11:05:00,274m,6%,6.85,2164Mi,56%,854,21,21.35
Thu 11:06:00,266m,6%,6.65,2168Mi,56%,842,21,21.05
Thu 11:07:00,271m,6%,6.775,2167Mi,56%,865,21,21.625
Thu 11:08:00,266m,6%,6.65,2171Mi,56%,888,22,22.2
Thu 11:09:00,272m,6%,6.8,2174Mi,56%,911,22,22.775
Thu 11:10:00,267m,6%,6.675,2177Mi,56%,934,23,23.35
Thu 11:11:01,273m,6%,6.825,2180Mi,56%,911,22,22.775
Thu 11:12:00,254m,6%,6.35,2177Mi,56%,911,22,22.775
Thu 11:13:00,283m,7%,7.075,2177Mi,56%,911,22,22.775
Thu 11:14:00,289m,7%,7.225,2185Mi,56%,911,22,22.775
Thu 11:15:00,274m,6%,6.85,2189Mi,56%,934,23,23.35
Thu 11:16:00,290m,7%,7.25,2189Mi,56%,934,23,23.35
Thu 11:17:00,279m,6%,6.975,2189Mi,56%,934,23,23.35
Thu 11:18:01,289m,7%,7.225,2189Mi,56%,934,23,23.35
Thu 11:19:00,284m,7%,7.1,2189Mi,56%,934,23,23.35
Thu 11:20:00,273m,6%,6.825,2186Mi,56%,911,22,22.775
Thu 11:21:00,324m,8%,8.1,2186Mi,56%,911,22,22.775
Thu 11:22:00,310m,7%,7.75,2186Mi,56%,911,22,22.775
Thu 11:23:00,296m,7%,7.4,2187Mi,56%,934,23,23.35
Thu 11:24:00,299m,7%,7.475,2189Mi,56%,934,23,23.35
Thu 11:25:00,305m,7%,7.625,2189Mi,56%,934,23,23.35
Thu 11:26:00,307m,7%,7.675,2189Mi,56%,934,23,23.35
Thu 11:27:00,301m,7%,7.525,2189Mi,56%,934,23,23.35
Thu 11:28:00,310m,7%,7.75,2189Mi,56%,934,23,23.35
Thu 11:29:00,264m,6%,6.6,2189Mi,56%,911,22,22.775
Thu 11:30:00,316m,7%,7.9,2192Mi,57%,911,22,22.775
Thu 11:31:00,308m,7%,7.7,2186Mi,56%,911,22,22.775
Thu 11:32:00,304m,7%,7.6,2186Mi,56%,934,23,23.35
Thu 11:33:00,323m,8%,8.075,2189Mi,56%,934,23,23.35
Thu 11:34:00,304m,7%,7.6,2189Mi,56%,934,23,23.35
Thu 11:35:00,307m,7%,7.675,2189Mi,56%,934,23,23.35
Thu 11:36:00,304m,7%,7.6,2189Mi,56%,934,23,23.35
Thu 11:37:00,321m,8%,8.025,2188Mi,56%,911,22,22.775
Thu 11:38:00,301m,7%,7.525,2186Mi,56%,911,22,22.775
Thu 11:39:00,339m,8%,8.475,2186Mi,56%,911,22,22.775
Thu 11:40:00,320m,8%,8,2186Mi,56%,934,23,23.35
Thu 11:41:00,306m,7%,7.65,2189Mi,56%,934,23,23.35
Thu 11:42:00,311m,7%,7.775,2190Mi,56%,934,23,23.35
Thu 11:43:00,311m,7%,7.775,2190Mi,56%,934,23,23.35
Thu 11:44:00,319m,7%,7.975,2189Mi,56%,934,23,23.35
Thu 11:45:00,286m,7%,7.15,2186Mi,56%,911,22,22.775
Thu 11:46:00,323m,8%,8.075,2186Mi,56%,911,22,22.775
Thu 11:47:00,296m,7%,7.4,2186Mi,56%,911,22,22.775
Thu 11:48:00,319m,7%,7.975,2186Mi,56%,911,22,22.775
Thu 11:49:00,300m,7%,7.5,2189Mi,56%,934,23,23.35
Thu 11:50:01,304m,7%,7.6,2190Mi,56%,934,23,23.35
Thu 11:51:00,301m,7%,7.525,2189Mi,56%,934,23,23.35
Thu 11:52:00,289m,7%,7.225,2190Mi,56%,934,23,23.35
Thu 11:53:00,302m,7%,7.55,2189Mi,56%,934,23,23.35
Thu 11:54:00,282m,7%,7.05,2186Mi,56%,911,22,22.775
Thu 11:55:00,317m,7%,7.925,2186Mi,56%,911,22,22.775
Thu 11:56:00,297m,7%,7.425,2186Mi,56%,911,22,22.775
Thu 11:57:00,305m,7%,7.625,2186Mi,56%,934,23,23.35
Thu 11:58:00,302m,7%,7.55,2195Mi,57%,934,23,23.35
Thu 11:59:00,290m,7%,7.25,2190Mi,57%,934,23,23.35
Thu 12:00:00,290m,7%,7.25,2195Mi,57%,934,23,23.35
Thu 12:01:00,289m,7%,7.225,2195Mi,57%,938,23,23.45
Thu 12:02:01,285m,7%,7.125,2189Mi,56%,942,23,23.55
Thu 12:03:00,288m,7%,7.2,2191Mi,57%,973,24,24.325
Thu 12:04:00,316m,7%,7.9,2194Mi,57%,977,24,24.425
Thu 12:05:00,296m,7%,7.4,2194Mi,57%,1008,25,25.2
Thu 12:06:00,332m,8%,8.3,2195Mi,57%,1035,25,25.875
Thu 12:07:00,286m,7%,7.15,2200Mi,57%,1066,26,26.65
Thu 12:08:00,333m,8%,8.325,2203Mi,57%,1070,26,26.75
Thu 12:09:00,304m,7%,7.6,2204Mi,57%,1101,27,27.525
Thu 12:10:00,303m,7%,7.575,2203Mi,57%,1128,28,28.2
Thu 12:11:00,326m,8%,8.15,2210Mi,57%,1128,28,28.2
Thu 12:12:00,323m,8%,8.075,2206Mi,57%,1128,28,28.2
Thu 12:13:00,333m,8%,8.325,2210Mi,57%,1128,28,28.2
Thu 12:14:00,324m,8%,8.1,2206Mi,57%,1128,28,28.2
Thu 12:15:00,334m,8%,8.35,2209Mi,57%,1128,28,28.2
Thu 12:16:00,339m,8%,8.475,2208Mi,57%,1128,28,28.2
Thu 12:17:00,310m,7%,7.75,2210Mi,57%,1128,28,28.2
Thu 12:18:00,353m,8%,8.825,2209Mi,57%,1128,28,28.2
Thu 12:19:00,324m,8%,8.1,2210Mi,57%,1128,28,28.2
Thu 12:20:00,346m,8%,8.65,2209Mi,57%,1128,28,28.2
Thu 12:21:00,320m,8%,8,2210Mi,57%,1128,28,28.2
Thu 12:22:00,348m,8%,8.7,2211Mi,57%,1128,28,28.2
Thu 12:23:00,311m,7%,7.775,2210Mi,57%,1128,28,28.2
Thu 12:24:00,349m,8%,8.725,2209Mi,57%,1128,28,28.2
Thu 12:25:00,307m,7%,7.675,2209Mi,57%,1128,28,28.2
Thu 12:26:00,354m,8%,8.85,2209Mi,57%,1128,28,28.2
Thu 12:27:00,305m,7%,7.625,2209Mi,57%,1128,28,28.2
Thu 12:28:00,359m,8%,8.975,2211Mi,57%,1128,28,28.2
Thu 12:29:00,313m,7%,7.825,2209Mi,57%,1128,28,28.2
Thu 12:30:00,345m,8%,8.625,2212Mi,57%,1128,28,28.2
Thu 12:31:00,317m,7%,7.925,2209Mi,57%,1128,28,28.2
Thu 12:32:00,335m,8%,8.375,2212Mi,57%,1128,28,28.2
Thu 12:33:00,317m,7%,7.925,2209Mi,57%,1128,28,28.2
Thu 12:34:00,341m,8%,8.525,2212Mi,57%,1128,28,28.2
Thu 12:35:00,309m,7%,7.725,2212Mi,57%,1128,28,28.2
Thu 12:36:00,320m,8%,8,2208Mi,57%,1128,28,28.2
Thu 12:37:00,331m,8%,8.275,2213Mi,57%,1128,28,28.2
Thu 12:38:00,332m,8%,8.3,2208Mi,57%,1128,28,28.2
Thu 12:39:00,332m,8%,8.3,2216Mi,57%,1128,28,28.2
Thu 12:40:00,338m,8%,8.45,2208Mi,57%,1128,28,28.2
Thu 12:41:00,313m,7%,7.825,2209Mi,57%,1128,28,28.2
Thu 12:42:01,340m,8%,8.5,2209Mi,57%,1128,28,28.2
Thu 12:43:00,325m,8%,8.125,2210Mi,57%,1128,28,28.2
Thu 12:44:00,353m,8%,8.825,2210Mi,57%,1128,28,28.2
Thu 12:45:00,325m,8%,8.125,2210Mi,57%,1128,28,28.2
Thu 12:46:01,362m,9%,9.05,2210Mi,57%,1128,28,28.2
Thu 12:47:01,327m,8%,8.175,2210Mi,57%,1128,28,28.2
Thu 12:48:00,389m,9%,9.725,2210Mi,57%,1128,28,28.2
Thu 12:49:00,330m,8%,8.25,2210Mi,57%,1128,28,28.2
Thu 12:50:00,369m,9%,9.225,2209Mi,57%,1128,28,28.2
Thu 12:51:00,324m,8%,8.1,2208Mi,57%,1128,28,28.2
Thu 12:52:00,362m,9%,9.05,2209Mi,57%,1128,28,28.2
Thu 12:53:01,321m,8%,8.025,2208Mi,57%,1128,28,28.2
Thu 12:54:00,361m,9%,9.025,2201Mi,57%,1128,28,28.2
Thu 12:55:00,331m,8%,8.275,2199Mi,57%,1128,28,28.2
Thu 12:56:00,349m,8%,8.725,2202Mi,57%,1128,28,28.2
Thu 12:57:01,333m,8%,8.325,2199Mi,57%,1128,28,28.2
Thu 12:58:00,336m,8%,8.4,2198Mi,57%,1128,28,28.2
Thu 12:59:00,353m,8%,8.825,2202Mi,57%,1128,28,28.2
Thu 13:00:00,339m,8%,8.475,2199Mi,57%,1128,28,28.2
Thu 13:01:00,347m,8%,8.675,2202Mi,57%,1160,28,29
Thu 13:02:00,336m,8%,8.4,2198Mi,57%,1176,29,29.4
Thu 13:03:00,375m,9%,9.375,2202Mi,57%,1165,29,29.125
Thu 13:04:00,332m,8%,8.3,2199Mi,57%,1224,30,30.6
Thu 13:05:01,341m,8%,8.525,2201Mi,57%,1170,29,29.25
Thu 13:06:00,375m,9%,9.375,2196Mi,57%,1186,29,29.65
Thu 13:07:01,390m,9%,9.75,2220Mi,57%,1218,30,30.45
Thu 13:08:00,356m,8%,8.9,2220Mi,57%,1234,30,30.85
Thu 13:09:01,321m,8%,8.025,2222Mi,57%,1180,29,29.5
Thu 13:10:00,337m,8%,8.425,2215Mi,57%,1223,30,30.575
Thu 13:11:00,334m,8%,8.35,2218Mi,57%,1180,29,29.5
Thu 13:12:00,328m,8%,8.2,2215Mi,57%,1223,30,30.575
Thu 13:13:00,328m,8%,8.2,2217Mi,57%,1223,30,30.575
Thu 13:14:00,307m,7%,7.675,2216Mi,57%,1223,30,30.575
Thu 13:15:00,303m,7%,7.575,2216Mi,57%,1266,31,31.65
Thu 13:16:00,328m,8%,8.2,2220Mi,57%,1223,30,30.575
Thu 13:17:00,311m,7%,7.775,2217Mi,57%,1223,30,30.575
Thu 13:18:00,304m,7%,7.6,2217Mi,57%,1266,31,31.65
Thu 13:19:00,330m,8%,8.25,2220Mi,57%,1223,30,30.575
Thu 13:20:00,315m,7%,7.875,2217Mi,57%,1223,30,30.575
Thu 13:21:00,298m,7%,7.45,2216Mi,57%,1266,31,31.65
Thu 13:22:00,332m,8%,8.3,2220Mi,57%,1223,30,30.575
Thu 13:23:00,305m,7%,7.625,2217Mi,57%,1266,31,31.65
Thu 13:24:00,308m,7%,7.7,2216Mi,57%,1223,30,30.575
Thu 13:25:00,338m,8%,8.45,2220Mi,57%,1223,30,30.575
Thu 13:26:00,309m,7%,7.725,2216Mi,57%,1266,31,31.65
Thu 13:27:00,320m,8%,8,2218Mi,57%,1223,30,30.575
Thu 13:28:00,324m,8%,8.1,2217Mi,57%,1223,30,30.575
Thu 13:29:00,305m,7%,7.625,2216Mi,57%,1266,31,31.65
Thu 13:30:00,339m,8%,8.475,2220Mi,57%,1223,30,30.575
Thu 13:31:00,313m,7%,7.825,2216Mi,57%,1223,30,30.575
Thu 13:32:00,301m,7%,7.525,2216Mi,57%,1266,31,31.65
Thu 13:33:01,333m,8%,8.325,2220Mi,57%,1223,30,30.575
Thu 13:34:00,308m,7%,7.7,2217Mi,57%,1266,31,31.65
Thu 13:35:00,304m,7%,7.6,2217Mi,57%,1223,30,30.575
Thu 13:36:00,354m,8%,8.85,2219Mi,57%,1223,30,30.575
Thu 13:37:00,306m,7%,7.65,2218Mi,57%,1266,31,31.65
Thu 13:38:00,341m,8%,8.525,2222Mi,57%,1223,30,30.575
Thu 13:39:00,312m,7%,7.8,2219Mi,57%,1223,30,30.575
Thu 13:40:00,308m,7%,7.7,2219Mi,57%,1266,31,31.65
Thu 13:41:00,326m,8%,8.15,2221Mi,57%,1223,30,30.575
Thu 13:42:00,313m,7%,7.825,2218Mi,57%,1223,30,30.575
Thu 13:43:00,298m,7%,7.45,2218Mi,57%,1266,31,31.65
Thu 13:44:00,335m,8%,8.375,2220Mi,57%,1223,30,30.575
Thu 13:45:00,307m,7%,7.675,2218Mi,57%,1266,31,31.65
Thu 13:46:00,307m,7%,7.675,2217Mi,57%,1266,31,31.65
Thu 13:47:00,341m,8%,8.525,2220Mi,57%,1223,30,30.575
Thu 13:48:00,313m,7%,7.825,2217Mi,57%,1266,31,31.65
Thu 13:49:00,304m,7%,7.6,2217Mi,57%,1223,30,30.575
Thu 13:50:00,350m,8%,8.75,2218Mi,57%,1223,30,30.575
Thu 13:51:00,301m,7%,7.525,2216Mi,57%,1266,31,31.65
Thu 13:52:00,328m,8%,8.2,2220Mi,57%,1223,30,30.575
Thu 13:53:00,313m,7%,7.825,2217Mi,57%,1223,30,30.575
Thu 13:54:00,300m,7%,7.5,2217Mi,57%,1266,31,31.65
Thu 13:55:00,329m,8%,8.225,2220Mi,57%,1223,30,30.575
Thu 13:56:00,316m,7%,7.9,2217Mi,57%,1266,31,31.65
Thu 13:57:00,298m,7%,7.45,2217Mi,57%,1223,30,30.575
Thu 13:58:00,337m,8%,8.425,2220Mi,57%,1223,30,30.575
Thu 13:59:00,309m,7%,7.725,2217Mi,57%,1266,31,31.65
Thu 14:00:01,342m,8%,8.55,2221Mi,57%,1223,30,30.575
Thu 14:01:00,312m,7%,7.8,2217Mi,57%,1290,32,32.25
Thu 14:02:00,332m,8%,8.3,2219Mi,57%,1302,32,32.55
Thu 14:03:00,316m,7%,7.9,2220Mi,57%,1326,33,33.15
Thu 14:04:00,344m,8%,8.6,2220Mi,57%,1393,34,34.825
Thu 14:05:00,334m,8%,8.35,2222Mi,57%,1405,35,35.125
Thu 14:06:00,313m,7%,7.825,2222Mi,57%,1429,35,35.725
Thu 14:07:00,348m,8%,8.7,2223Mi,57%,1496,37,37.4
Thu 14:08:00,339m,8%,8.475,2226Mi,57%,1520,38,38
Thu 14:09:00,348m,8%,8.7,2226Mi,57%,1575,39,39.375
Thu 14:10:00,322m,8%,8.05,2230Mi,58%,1685,42,42.125
Thu 14:11:00,340m,8%,8.5,2235Mi,58%,1795,44,44.875
Thu 14:12:00,331m,8%,8.275,2242Mi,58%,1850,46,46.25
Thu 14:13:00,338m,8%,8.45,2246Mi,58%,1960,49,49
Thu 14:14:01,383m,9%,9.575,2253Mi,58%,2070,51,51.75
Thu 14:15:00,364m,9%,9.1,2259Mi,58%,2125,53,53.125
Thu 14:16:00,355m,8%,8.875,2262Mi,58%,2125,53,53.125
Thu 14:17:00,408m,10%,10.2,2263Mi,58%,2125,53,53.125
Thu 14:18:00,399m,9%,9.975,2263Mi,58%,2125,53,53.125
Thu 14:19:00,389m,9%,9.725,2262Mi,58%,2125,53,53.125
Thu 14:20:00,382m,9%,9.55,2264Mi,58%,2125,53,53.125
Thu 14:21:00,392m,9%,9.8,2264Mi,58%,2125,53,53.125
Thu 14:22:00,396m,9%,9.9,2264Mi,58%,2125,53,53.125
Thu 14:23:00,396m,9%,9.9,2263Mi,58%,2125,53,53.125
Thu 14:24:00,371m,9%,9.275,2272Mi,59%,2125,53,53.125
Thu 14:25:00,370m,9%,9.25,2272Mi,59%,2125,53,53.125
Thu 14:26:00,373m,9%,9.325,2272Mi,59%,2125,53,53.125
Thu 14:27:00,351m,8%,8.775,2269Mi,59%,2125,53,53.125
Thu 14:28:00,375m,9%,9.375,2272Mi,59%,2125,53,53.125
Thu 14:29:00,380m,9%,9.5,2272Mi,59%,2125,53,53.125
Thu 14:30:00,340m,8%,8.5,2272Mi,59%,2125,53,53.125
Thu 14:31:00,397m,9%,9.925,2272Mi,59%,2125,53,53.125
Thu 14:32:00,368m,9%,9.2,2271Mi,59%,2125,53,53.125
Thu 14:33:00,365m,9%,9.125,2271Mi,59%,2125,53,53.125
Thu 14:34:00,351m,8%,8.775,2272Mi,59%,2125,53,53.125
Thu 14:35:00,403m,10%,10.075,2276Mi,59%,2125,53,53.125
Thu 14:36:00,374m,9%,9.35,2276Mi,59%,2125,53,53.125
Thu 14:37:00,347m,8%,8.675,2273Mi,59%,2125,53,53.125
Thu 14:38:00,368m,9%,9.2,2278Mi,59%,2125,53,53.125
Thu 14:39:00,376m,9%,9.4,2276Mi,59%,2125,53,53.125
Thu 14:40:00,378m,9%,9.45,2275Mi,59%,2125,53,53.125
Thu 14:41:00,342m,8%,8.55,2276Mi,59%,2125,53,53.125
Thu 14:42:00,380m,9%,9.5,2276Mi,59%,2125,53,53.125
Thu 14:43:00,377m,9%,9.425,2275Mi,59%,2125,53,53.125
Thu 14:44:01,378m,9%,9.45,2276Mi,59%,2125,53,53.125
Thu 14:45:00,334m,8%,8.35,2275Mi,59%,2125,53,53.125
Thu 14:46:00,367m,9%,9.175,2275Mi,59%,2125,53,53.125
Thu 14:47:00,361m,9%,9.025,2272Mi,59%,2125,53,53.125
Thu 14:48:00,354m,8%,8.85,2275Mi,59%,2125,53,53.125
Thu 14:49:00,370m,9%,9.25,2274Mi,59%,2125,53,53.125
Thu 14:50:00,372m,9%,9.3,2274Mi,59%,2125,53,53.125
Thu 14:51:00,343m,8%,8.575,2273Mi,59%,2125,53,53.125
Thu 14:52:00,367m,9%,9.175,2275Mi,59%,2125,53,53.125
Thu 14:53:01,371m,9%,9.275,2275Mi,59%,2125,53,53.125
Thu 14:54:00,368m,9%,9.2,2276Mi,59%,2125,53,53.125
Thu 14:55:00,336m,8%,8.4,2275Mi,59%,2125,53,53.125
Thu 14:56:00,374m,9%,9.35,2274Mi,59%,2125,53,53.125
Thu 14:57:00,364m,9%,9.1,2274Mi,59%,2125,53,53.125
Thu 14:58:00,376m,9%,9.4,2273Mi,59%,2125,53,53.125
Thu 14:59:00,339m,8%,8.475,2275Mi,59%,2125,53,53.125
Thu 15:00:00,383m,9%,9.575,2275Mi,59%,2125,53,53.125
Thu 15:01:00,372m,9%,9.3,2275Mi,59%,2190,54,54.75
Thu 15:02:00,401m,10%,10.025,2280Mi,59%,2240,56,56
Thu 15:03:00,437m,10%,10.925,2287Mi,59%,2290,57,57.25
Thu 15:04:00,462m,11%,11.55,2301Mi,59%,2380,59,59.5
Thu 15:05:00,456m,11%,11.4,2303Mi,59%,2485,62,62.125
Thu 15:06:00,469m,11%,11.725,2310Mi,60%,2535,63,63.375
Thu 15:07:00,495m,12%,12.375,2320Mi,60%,2625,65,65.625
Thu 15:08:00,493m,12%,12.325,2327Mi,60%,2730,68,68.25
Thu 15:09:00,486m,12%,12.15,2336Mi,60%,2780,69,69.5
Thu 15:10:00,524m,13%,13.1,2347Mi,61%,2830,70,70.75
Thu 15:11:00,509m,12%,12.725,2354Mi,61%,2880,72,72
Thu 15:12:00,552m,13%,13.8,2360Mi,61%,2825,70,70.625
Thu 15:13:00,566m,14%,14.15,2359Mi,61%,2675,66,66.875
Thu 15:14:00,584m,14%,14.6,2349Mi,61%,2565,64,64.125
Thu 15:15:00,561m,14%,14.025,2343Mi,60%,2550,63,63.75
Thu 15:16:00,584m,14%,14.6,2341Mi,60%,2510,62,62.75
Thu 15:17:00,525m,13%,13.125,2339Mi,60%,2510,62,62.75
Thu 15:18:00,587m,14%,14.675,2334Mi,60%,2550,63,63.75
Thu 15:19:01,530m,13%,13.25,2332Mi,60%,2550,63,63.75
Thu 15:20:00,540m,13%,13.5,2332Mi,60%,2510,62,62.75
Thu 15:21:00,598m,14%,14.95,2333Mi,60%,2550,63,63.75
Thu 15:22:01,557m,13%,13.925,2331Mi,60%,2550,63,63.75
Thu 15:23:00,593m,14%,14.825,2337Mi,60%,2510,62,62.75
Thu 15:24:00,592m,14%,14.8,2331Mi,60%,2510,62,62.75
Thu 15:25:00,564m,14%,14.1,2332Mi,60%,2550,63,63.75
Thu 15:26:00,575m,14%,14.375,2334Mi,60%,2550,63,63.75
Thu 15:27:00,579m,14%,14.475,2338Mi,60%,2510,62,62.75
Thu 15:28:00,560m,14%,14,2332Mi,60%,2510,62,62.75
Thu 15:29:00,597m,14%,14.925,2334Mi,60%,2550,63,63.75
Thu 15:30:00,578m,14%,14.45,2332Mi,60%,2510,62,62.75
Thu 15:31:00,556m,13%,13.9,2334Mi,60%,2510,62,62.75
Thu 15:32:00,559m,13%,13.975,2332Mi,60%,2550,63,63.75
Thu 15:33:00,518m,12%,12.95,2331Mi,60%,2550,63,63.75
Thu 15:34:00,560m,14%,14,2342Mi,60%,2510,62,62.75
Thu 15:35:00,532m,13%,13.3,2332Mi,60%,2550,63,63.75
Thu 15:36:00,524m,13%,13.1,2331Mi,60%,2550,63,63.75
Thu 15:37:00,567m,14%,14.175,2334Mi,60%,2510,62,62.75
Thu 15:38:01,546m,13%,13.65,2332Mi,60%,2510,62,62.75
Thu 15:39:01,524m,13%,13.1,2331Mi,60%,2550,63,63.75
Thu 15:40:01,606m,15%,15.15,2339Mi,60%,2550,63,63.75
Thu 15:41:00,573m,14%,14.325,2337Mi,60%,2510,62,62.75
Thu 15:42:00,559m,13%,13.975,2331Mi,60%,2510,62,62.75
Thu 15:43:00,582m,14%,14.55,2331Mi,60%,2550,63,63.75
Thu 15:44:00,575m,14%,14.375,2331Mi,60%,2510,62,62.75
Thu 15:45:00,589m,14%,14.725,2335Mi,60%,2510,62,62.75
Thu 15:46:00,564m,14%,14.1,2332Mi,60%,2550,63,63.75
Thu 15:47:00,554m,13%,13.85,2340Mi,60%,2510,62,62.75
Thu 15:48:00,616m,15%,15.4,2344Mi,61%,2510,62,62.75
Thu 15:49:00,561m,14%,14.025,2340Mi,60%,2510,62,62.75
Thu 15:50:00,530m,13%,13.25,2340Mi,60%,2550,63,63.75
Thu 15:51:00,566m,14%,14.15,2344Mi,61%,2510,62,62.75
Thu 15:52:00,546m,13%,13.65,2341Mi,60%,2510,62,62.75
Thu 15:53:00,519m,12%,12.975,2341Mi,60%,2550,63,63.75
Thu 15:54:00,575m,14%,14.375,2343Mi,60%,2550,63,63.75
Thu 15:55:00,538m,13%,13.45,2341Mi,60%,2510,62,62.75
Thu 15:56:00,534m,13%,13.35,2344Mi,61%,2550,63,63.75
Thu 15:57:00,533m,13%,13.325,2341Mi,60%,2550,63,63.75
Thu 15:58:00,546m,13%,13.65,2341Mi,60%,2510,62,62.75
Thu 15:59:00,541m,13%,13.525,2343Mi,60%,2510,62,62.75
Thu 16:00:01,550m,13%,13.75,2341Mi,60%,2550,63,63.75
Thu 16:01:00,552m,13%,13.8,2341Mi,60%,2350,58,58.75
Thu 16:02:00,446m,11%,11.15,2330Mi,60%,2190,54,54.75
Thu 16:03:00,420m,10%,10.5,2316Mi,60%,2030,50,50.75
Thu 16:04:00,393m,9%,9.825,2303Mi,59%,1870,46,46.75
Thu 16:05:00,398m,9%,9.95,2290Mi,59%,1670,41,41.75
Thu 16:06:00,380m,9%,9.5,2274Mi,59%,1510,37,37.75
Thu 16:07:00,354m,8%,8.85,2261Mi,58%,1350,33,33.75
Thu 16:08:00,341m,8%,8.525,2247Mi,58%,1150,28,28.75
Thu 16:09:00,346m,8%,8.65,2230Mi,58%,990,24,24.75
Thu 16:10:00,308m,7%,7.7,2216Mi,57%,830,20,20.75
Thu 16:11:01,274m,6%,6.85,2203Mi,57%,750,18,18.75
Thu 16:12:00,250m,6%,6.25,2197Mi,57%,750,18,18.75
Thu 16:13:01,223m,5%,5.575,2196Mi,57%,750,18,18.75
Thu 16:14:00,216m,5%,5.4,2195Mi,57%,750,18,18.75
Thu 16:15:01,217m,5%,5.425,2195Mi,57%,750,18,18.75
