Mon 15:49:59,288m,7%,7.2,1689Mi,43%,750,18,18.75
Mon 15:51:00,295m,7%,7.375,1690Mi,43%,750,18,18.75
Mon 15:52:00,287m,7%,7.175,1689Mi,43%,750,18,18.75
Mon 15:53:00,285m,7%,7.125,1690Mi,43%,750,18,18.75
Mon 15:54:00,286m,7%,7.15,1690Mi,43%,750,18,18.75
Mon 15:55:00,299m,7%,7.475,1690Mi,43%,750,18,18.75
Mon 15:56:00,298m,7%,7.45,1690Mi,43%,750,18,18.75
Mon 15:57:00,299m,7%,7.475,1690Mi,43%,750,18,18.75
Mon 15:58:00,300m,7%,7.5,1690Mi,43%,750,18,18.75
Mon 15:59:00,303m,7%,7.575,1690Mi,43%,750,18,18.75
Mon 16:00:00,301m,7%,7.525,1690Mi,43%,750,18,18.75
Mon 16:01:00,322m,8%,8.05,1690Mi,43%,906,22,22.65
Mon 16:02:00,475m,11%,11.875,1703Mi,44%,1101,27,27.525
Mon 16:03:00,475m,11%,11.875,1732Mi,45%,1257,31,31.425
Mon 16:04:00,411m,10%,10.275,1751Mi,45%,1413,35,35.325
Mon 16:05:00,457m,11%,11.425,1774Mi,46%,1608,40,40.2
Mon 16:06:01,453m,11%,11.325,1797Mi,46%,1725,43,43.125
Mon 16:07:00,500m,12%,12.5,1827Mi,47%,1881,47,47.025
Mon 16:08:00,483m,12%,12.075,1852Mi,48%,2037,50,50.925
Mon 16:09:00,552m,13%,13.8,1874Mi,48%,2271,56,56.775
Mon 16:10:00,553m,13%,13.825,1899Mi,49%,2349,58,58.725
Mon 16:11:00,568m,14%,14.2,1896Mi,49%,2505,62,62.625
Mon 16:12:00,577m,14%,14.425,1915Mi,49%,2700,67,67.5
Mon 16:13:00,649m,16%,16.225,1949Mi,50%,2856,71,71.4
Mon 16:14:00,596m,14%,14.9,1975Mi,51%,2973,74,74.325
Mon 16:15:01,762m,19%,19.05,1994Mi,51%,2895,72,72.375
Mon 16:16:00,1130m,28%,28.25,2023Mi,52%,2973,74,74.325
Mon 16:17:01,1259m,31%,31.475,2013Mi,52%,2973,74,74.325
Mon 16:18:00,1257m,31%,31.425,2032Mi,52%,3051,76,76.275
Mon 16:19:00,1306m,32%,32.65,2040Mi,53%,3090,77,77.25
Mon 16:20:00,1246m,31%,31.15,2055Mi,53%,3129,78,78.225
Mon 16:21:00,1069m,26%,26.725,2071Mi,53%,3129,78,78.225
Mon 16:22:00,1389m,34%,34.725,2066Mi,53%,3012,75,75.3
Mon 16:23:00,1241m,31%,31.025,2061Mi,53%,2934,73,73.35
Mon 16:24:00,1488m,37%,37.2,2054Mi,53%,2973,74,74.325
Mon 16:25:00,1202m,30%,30.05,2072Mi,53%,3012,75,75.3
Mon 16:26:00,1420m,35%,35.5,2083Mi,54%,2973,74,74.325
Mon 16:27:00,1849m,46%,46.225,2085Mi,54%,3012,75,75.3
Mon 16:28:00,1383m,34%,34.575,2087Mi,54%,3012,75,75.3
Mon 16:29:01,1619m,40%,40.475,2081Mi,54%,3090,77,77.25
Mon 16:30:00,1515m,37%,37.875,2107Mi,54%,3090,77,77.25
Mon 16:31:00,2064m,51%,51.6,2093Mi,54%,3090,77,77.25
Mon 16:32:00,2064m,51%,51.6,2107Mi,54%,3129,78,78.225
Mon 16:33:00,1864m,46%,46.6,2119Mi,55%,3129,78,78.225
Mon 16:34:00,2004m,50%,50.1,2108Mi,54%,3129,78,78.225
Mon 16:35:00,1973m,49%,49.325,2140Mi,55%,3129,78,78.225
Mon 16:36:01,1806m,45%,45.15,2129Mi,55%,3168,79,79.2
Mon 16:37:00,853m,21%,21.325,2126Mi,55%,3207,80,80.175
Mon 16:38:00,1397m,34%,34.925,2123Mi,55%,3168,79,79.2
Mon 16:39:00,1883m,47%,47.075,2137Mi,55%,3207,80,80.175
Mon 16:40:00,1872m,46%,46.8,2143Mi,55%,3207,80,80.175
Mon 16:41:00,2147m,53%,53.675,2140Mi,55%,3285,82,82.125
Mon 16:42:00,1547m,38%,38.675,2142Mi,55%,3207,80,80.175
Mon 16:43:00,1991m,49%,49.775,2157Mi,56%,3168,79,79.2
Mon 16:44:00,2173m,54%,54.325,2145Mi,55%,3129,78,78.225
Mon 16:45:00,2103m,52%,52.575,2144Mi,55%,3051,76,76.275
Mon 16:46:00,2109m,52%,52.725,2145Mi,55%,3090,77,77.25
Mon 16:47:00,2134m,53%,53.35,2133Mi,55%,3012,75,75.3
Mon 16:48:00,1891m,47%,47.275,2144Mi,55%,2973,74,74.325
Mon 16:49:00,2143m,53%,53.575,2135Mi,55%,3090,77,77.25
Mon 16:50:00,1775m,44%,44.375,2141Mi,55%,3090,77,77.25
Mon 16:51:00,1217m,30%,30.425,2149Mi,55%,3051,76,76.275
Mon 16:52:00,1956m,48%,48.9,2156Mi,56%,3090,77,77.25
Mon 16:53:00,1727m,43%,43.175,2153Mi,56%,3051,76,76.275
Mon 16:54:00,2106m,52%,52.65,2151Mi,55%,2934,73,73.35
Mon 16:55:00,2115m,52%,52.875,2151Mi,55%,2895,72,72.375
Mon 16:56:00,1981m,49%,49.525,2154Mi,56%,3012,75,75.3
Mon 16:57:00,1926m,48%,48.15,2169Mi,56%,3012,75,75.3
Mon 16:58:00,1988m,49%,49.7,2166Mi,56%,3051,76,76.275
Mon 16:59:00,2076m,51%,51.9,2169Mi,56%,3012,75,75.3
Mon 17:00:00,1999m,49%,49.975,2176Mi,56%,3051,76,76.275
Mon 17:01:00,2183m,54%,54.575,2166Mi,56%,3045,76,76.125
Mon 17:02:00,1868m,46%,46.7,2167Mi,56%,3033,75,75.825
Mon 17:03:00,2172m,54%,54.3,2162Mi,56%,3062,76,76.55
Mon 17:04:00,2139m,53%,53.475,2178Mi,56%,3058,76,76.45
Mon 17:05:00,1284m,32%,32.1,2159Mi,56%,3011,75,75.275
Mon 17:06:00,1953m,48%,48.825,2162Mi,56%,2964,74,74.1
Mon 17:07:00,2165m,54%,54.125,2165Mi,56%,2995,74,74.875
Mon 17:08:00,2009m,50%,50.225,2168Mi,56%,2950,73,73.75
Mon 17:09:00,1846m,46%,46.15,2171Mi,56%,2942,73,73.55
Mon 17:10:00,2073m,51%,51.825,2180Mi,56%,2858,71,71.45
Mon 17:11:00,2122m,53%,53.05,2167Mi,56%,2885,72,72.125
Mon 17:12:00,2144m,53%,53.6,2175Mi,56%,2840,71,71
Mon 17:13:00,2108m,52%,52.7,2172Mi,56%,2830,70,70.75
Mon 17:14:00,2125m,53%,53.125,2175Mi,56%,2859,71,71.475
Mon 17:15:00,2142m,53%,53.55,2185Mi,56%,3044,76,76.1
Mon 17:16:00,798m,19%,19.95,2183Mi,56%,3192,79,79.8
Mon 17:17:00,1230m,30%,30.75,2192Mi,57%,3340,83,83.5
Mon 17:18:00,1091m,27%,27.275,2201Mi,57%,3303,82,82.575
Mon 17:19:01,1883m,47%,47.075,2213Mi,57%,3192,79,79.8
Mon 17:20:00,2136m,53%,53.4,2206Mi,57%,3266,81,81.65
Mon 17:21:00,2164m,54%,54.1,2206Mi,57%,3340,83,83.5
Mon 17:22:00,1417m,35%,35.425,2222Mi,57%,3340,83,83.5
Mon 17:23:00,2117m,52%,52.925,2206Mi,57%,3340,83,83.5
Mon 17:24:00,2139m,53%,53.475,2217Mi,57%,3340,83,83.5
Mon 17:25:00,2024m,50%,50.6,2214Mi,57%,3340,83,83.5
Mon 17:26:00,2006m,50%,50.15,2225Mi,57%,3451,86,86.275
Mon 17:27:00,1788m,44%,44.7,2218Mi,57%,3377,84,84.425
Mon 17:28:00,2156m,53%,53.9,2234Mi,58%,3414,85,85.35
Mon 17:29:00,2132m,53%,53.3,2241Mi,58%,3377,84,84.425
Mon 17:30:00,2069m,51%,51.725,2230Mi,58%,3340,83,83.5
Mon 17:31:00,2157m,53%,53.925,2239Mi,58%,3266,81,81.65
Mon 17:32:01,2097m,52%,52.425,2219Mi,57%,3229,80,80.725
Mon 17:33:00,2199m,54%,54.975,2227Mi,57%,3266,81,81.65
Mon 17:34:00,2146m,53%,53.65,2231Mi,58%,3192,79,79.8
Mon 17:35:00,2106m,52%,52.65,2215Mi,57%,3229,80,80.725
Mon 17:36:00,2062m,51%,51.55,2219Mi,57%,3155,78,78.875
Mon 17:37:00,2125m,53%,53.125,2219Mi,57%,3155,78,78.875
Mon 17:38:00,2115m,52%,52.875,2219Mi,57%,3007,75,75.175
Mon 17:39:00,2094m,52%,52.35,2215Mi,57%,3081,77,77.025
Mon 17:40:00,2158m,53%,53.95,2228Mi,57%,3155,78,78.875
Mon 17:41:00,2134m,53%,53.35,2232Mi,58%,3192,79,79.8
Mon 17:42:00,2128m,53%,53.2,2246Mi,58%,3118,77,77.95
Mon 17:43:00,2133m,53%,53.325,2225Mi,57%,3118,77,77.95
Mon 17:44:00,2124m,53%,53.1,2234Mi,58%,3229,80,80.725
Mon 17:45:00,2121m,53%,53.025,2247Mi,58%,3155,78,78.875
Mon 17:46:00,2163m,54%,54.075,2231Mi,58%,3266,81,81.65
Mon 17:47:00,2166m,54%,54.15,2244Mi,58%,3303,82,82.575
Mon 17:48:00,2163m,54%,54.075,2248Mi,58%,3377,84,84.425
Mon 17:49:00,2162m,54%,54.05,2264Mi,58%,3340,83,83.5
Mon 17:50:00,2180m,54%,54.5,2264Mi,58%,3340,83,83.5
Mon 17:51:00,2132m,53%,53.3,2263Mi,58%,3340,83,83.5
Mon 17:52:01,2123m,53%,53.075,2254Mi,58%,3377,84,84.425
Mon 17:53:00,2153m,53%,53.825,2267Mi,58%,3488,87,87.2
Mon 17:54:00,2186m,54%,54.65,2276Mi,59%,3562,89,89.05
Mon 17:55:00,2187m,54%,54.675,2274Mi,59%,3599,89,89.975
Mon 17:56:00,2155m,53%,53.875,2291Mi,59%,3599,89,89.975
Mon 17:57:00,2221m,55%,55.525,2282Mi,59%,3636,90,90.9
Mon 17:58:00,2198m,54%,54.95,2294Mi,59%,3636,90,90.9
Mon 17:59:01,2174m,54%,54.35,2288Mi,59%,3673,91,91.825
Mon 18:00:01,2142m,53%,53.55,2288Mi,59%,3673,91,91.825
Mon 18:01:00,2207m,55%,55.175,2300Mi,59%,3688,92,92.2
Mon 18:02:00,2233m,55%,55.825,2303Mi,59%,3700,92,92.5
Mon 18:03:00,2151m,53%,53.775,2299Mi,59%,3598,89,89.95
Mon 18:04:00,2202m,55%,55.05,2299Mi,59%,3533,88,88.325
Mon 18:05:00,2125m,53%,53.125,2289Mi,59%,3508,87,87.7
Mon 18:06:00,2149m,53%,53.725,2286Mi,59%,3480,87,87
Mon 18:07:00,2111m,52%,52.775,2275Mi,59%,3489,87,87.225
Mon 18:08:00,2136m,53%,53.4,2288Mi,59%,3541,88,88.525
Mon 18:09:00,2174m,54%,54.35,2277Mi,59%,3476,86,86.9
Mon 18:10:00,2117m,52%,52.925,2277Mi,59%,3374,84,84.35
Mon 18:11:01,2136m,53%,53.4,2269Mi,59%,3269,81,81.725
Mon 18:12:00,2091m,52%,52.275,2262Mi,58%,3044,76,76.1
Mon 18:13:00,2217m,55%,55.425,2264Mi,58%,2899,72,72.475
Mon 18:14:00,2247m,56%,56.175,2241Mi,58%,2754,68,68.85
Mon 18:15:01,2194m,54%,54.85,2221Mi,57%,2609,65,65.225
Mon 18:16:00,2143m,53%,53.575,2207Mi,57%,2424,60,60.6
Mon 18:17:00,2147m,53%,53.675,2206Mi,57%,2430,60,60.75
Mon 18:18:00,2099m,52%,52.475,2191Mi,57%,2470,61,61.75
Mon 18:19:00,2097m,52%,52.425,2203Mi,57%,2390,59,59.75
Mon 18:20:00,2070m,51%,51.75,2199Mi,57%,2350,58,58.75
Mon 18:21:00,2042m,51%,51.05,2205Mi,57%,2390,59,59.75
Mon 18:22:00,2063m,51%,51.575,2207Mi,57%,2390,59,59.75
Mon 18:23:00,2016m,50%,50.4,2191Mi,57%,2470,61,61.75
Mon 18:24:00,2113m,52%,52.825,2202Mi,57%,2350,58,58.75
Mon 18:25:00,2064m,51%,51.6,2194Mi,57%,2310,57,57.75
Mon 18:26:00,2073m,51%,51.825,2197Mi,57%,2390,59,59.75
Mon 18:27:00,2071m,51%,51.775,2190Mi,57%,2430,60,60.75
Mon 18:28:00,2088m,52%,52.2,2200Mi,57%,2350,58,58.75
Mon 18:29:00,2068m,51%,51.7,2200Mi,57%,2350,58,58.75
Mon 18:30:00,2077m,51%,51.925,2191Mi,57%,2350,58,58.75
Mon 18:31:00,2012m,50%,50.3,2205Mi,57%,2470,61,61.75
Mon 18:32:00,2067m,51%,51.675,2207Mi,57%,2470,61,61.75
Mon 18:33:00,2103m,52%,52.575,2217Mi,57%,2550,63,63.75
Mon 18:34:00,2025m,50%,50.625,2214Mi,57%,2550,63,63.75
Mon 18:35:00,2151m,53%,53.775,2225Mi,57%,2670,66,66.75
Mon 18:36:00,2097m,52%,52.425,2223Mi,57%,2710,67,67.75
Mon 18:37:00,2110m,52%,52.75,2245Mi,58%,2710,67,67.75
Mon 18:38:00,2174m,54%,54.35,2240Mi,58%,2710,67,67.75
Mon 18:39:00,2129m,53%,53.225,2229Mi,58%,2750,68,68.75
Mon 18:40:00,2087m,52%,52.175,2240Mi,58%,2790,69,69.75
Mon 18:41:00,2140m,53%,53.5,2248Mi,58%,2830,70,70.75
Mon 18:42:01,2089m,52%,52.225,2249Mi,58%,2830,70,70.75
Mon 18:43:01,2135m,53%,53.375,2261Mi,58%,2870,71,71.75
Mon 18:44:01,2153m,53%,53.825,2264Mi,58%,2910,72,72.75
Mon 18:45:00,2082m,52%,52.05,2265Mi,58%,2790,69,69.75
Mon 18:46:00,2140m,53%,53.5,2262Mi,58%,2790,69,69.75
Mon 18:47:00,2112m,52%,52.8,2260Mi,58%,2750,68,68.75
Mon 18:48:00,2122m,53%,53.05,2251Mi,58%,2830,70,70.75
Mon 18:49:00,2181m,54%,54.525,2271Mi,59%,2830,70,70.75
Mon 18:50:00,2155m,53%,53.875,2273Mi,59%,2870,71,71.75
Mon 18:51:00,2126m,53%,53.15,2280Mi,59%,2790,69,69.75
Mon 18:52:00,2103m,52%,52.575,2275Mi,59%,2790,69,69.75
Mon 18:53:00,2090m,52%,52.25,2274Mi,59%,2750,68,68.75
Mon 18:54:00,2123m,53%,53.075,2274Mi,59%,2710,67,67.75
Mon 18:55:01,2146m,53%,53.65,2261Mi,58%,2670,66,66.75
Mon 18:56:00,2098m,52%,52.45,2252Mi,58%,2710,67,67.75
Mon 18:57:00,2109m,52%,52.725,2271Mi,59%,2750,68,68.75
Mon 18:58:00,2105m,52%,52.625,2272Mi,59%,2710,67,67.75
Mon 18:59:00,2142m,53%,53.55,2262Mi,58%,2630,65,65.75
Mon 19:00:00,2091m,52%,52.275,2259Mi,58%,2590,64,64.75
Mon 19:01:00,2113m,52%,52.825,2264Mi,58%,2513,62,62.825
Mon 19:02:00,2097m,52%,52.425,2254Mi,58%,2557,63,63.925
Mon 19:03:00,2048m,51%,51.2,2262Mi,58%,2561,64,64.025
Mon 19:04:00,2112m,52%,52.8,2253Mi,58%,2524,63,63.1
Mon 19:05:00,2040m,51%,51,2260Mi,58%,2528,63,63.2
Mon 19:06:00,2107m,52%,52.675,2259Mi,58%,2532,63,63.3
Mon 19:07:00,2057m,51%,51.425,2248Mi,58%,2414,60,60.35
Mon 19:08:00,2065m,51%,51.625,2250Mi,58%,2296,57,57.4
Mon 19:09:00,2033m,50%,50.825,2236Mi,58%,2300,57,57.5
Mon 19:10:00,2087m,52%,52.175,2237Mi,58%,2263,56,56.575
Mon 19:11:00,2032m,50%,50.8,2234Mi,58%,2185,54,54.625
Mon 19:12:00,1998m,49%,49.95,2217Mi,57%,2267,56,56.675
Mon 19:13:00,1766m,44%,44.15,2224Mi,57%,2431,60,60.775
Mon 19:14:00,1501m,37%,37.525,2251Mi,58%,2595,64,64.875
Mon 19:15:00,1257m,31%,31.425,2258Mi,58%,2759,68,68.975
Mon 19:16:00,1848m,46%,46.2,2274Mi,59%,2800,70,70
Mon 19:17:00,1487m,37%,37.175,2269Mi,59%,2718,67,67.95
Mon 19:18:00,2078m,51%,51.95,2272Mi,59%,2677,66,66.925
Mon 19:19:00,2068m,51%,51.7,2262Mi,58%,2718,67,67.95
Mon 19:20:00,2112m,52%,52.8,2259Mi,58%,2636,65,65.9
Mon 19:21:00,2027m,50%,50.675,2255Mi,58%,2636,65,65.9
Mon 19:22:00,2068m,51%,51.7,2268Mi,59%,2636,65,65.9
Mon 19:23:00,2084m,52%,52.1,2278Mi,59%,2677,66,66.925
Mon 19:24:00,2020m,50%,50.5,2263Mi,58%,2595,64,64.875
Mon 19:25:00,2026m,50%,50.65,2272Mi,59%,2595,64,64.875
Mon 19:26:00,2066m,51%,51.65,2274Mi,59%,2677,66,66.925
Mon 19:27:00,2048m,51%,51.2,2281Mi,59%,2800,70,70
Mon 19:28:01,2043m,51%,51.075,2284Mi,59%,2718,67,67.95
Mon 19:29:00,2060m,51%,51.5,2268Mi,59%,2718,67,67.95
Mon 19:30:00,2063m,51%,51.575,2277Mi,59%,2677,66,66.925
Mon 19:31:00,2079m,51%,51.975,2272Mi,59%,2718,67,67.95
Mon 19:32:00,2070m,51%,51.75,2283Mi,59%,2718,67,67.95
Mon 19:33:00,2033m,50%,50.825,2273Mi,59%,2759,68,68.975
Mon 19:34:00,2020m,50%,50.5,2285Mi,59%,2718,67,67.95
Mon 19:35:00,2067m,51%,51.675,2286Mi,59%,2677,66,66.925
Mon 19:36:00,2050m,51%,51.25,2282Mi,59%,2636,65,65.9
Mon 19:37:00,2019m,50%,50.475,2269Mi,59%,2595,64,64.875
Mon 19:38:00,2074m,51%,51.85,2278Mi,59%,2595,64,64.875
Mon 19:39:00,2035m,50%,50.875,2279Mi,59%,2677,66,66.925
Mon 19:40:00,2065m,51%,51.625,2277Mi,59%,2677,66,66.925
Mon 19:41:01,2019m,50%,50.475,2276Mi,59%,2677,66,66.925
Mon 19:42:00,2067m,51%,51.675,2285Mi,59%,2677,66,66.925
Mon 19:43:00,2119m,52%,52.975,2282Mi,59%,2759,68,68.975
Mon 19:44:00,2067m,51%,51.675,2280Mi,59%,2677,66,66.925
Mon 19:45:01,2039m,50%,50.975,2272Mi,59%,2677,66,66.925
Mon 19:46:00,2048m,51%,51.2,2285Mi,59%,2677,66,66.925
Mon 19:47:00,2063m,51%,51.575,2277Mi,59%,2718,67,67.95
Mon 19:48:00,2099m,52%,52.475,2276Mi,59%,2759,68,68.975
Mon 19:49:00,2061m,51%,51.525,2285Mi,59%,2718,67,67.95
Mon 19:50:00,2108m,52%,52.7,2284Mi,59%,2759,68,68.975
Mon 19:51:00,2036m,50%,50.9,2294Mi,59%,2882,72,72.05
Mon 19:52:00,2044m,51%,51.1,2291Mi,59%,2882,72,72.05
Mon 19:53:00,2064m,51%,51.6,2304Mi,59%,2882,72,72.05
Mon 19:54:00,2039m,50%,50.975,2294Mi,59%,2841,71,71.025
Mon 19:55:00,2082m,52%,52.05,2304Mi,59%,2841,71,71.025
Mon 19:56:00,2085m,52%,52.125,2297Mi,59%,2841,71,71.025
Mon 19:57:00,2084m,52%,52.1,2298Mi,59%,2841,71,71.025
Mon 19:58:00,2081m,52%,52.025,2295Mi,59%,2800,70,70
Mon 19:59:01,2094m,52%,52.35,2295Mi,59%,2800,70,70
Mon 20:00:00,2019m,50%,50.475,2284Mi,59%,2718,67,67.95
Mon 20:01:00,2056m,51%,51.4,2296Mi,59%,2785,69,69.625
Mon 20:02:00,2106m,52%,52.65,2309Mi,60%,2773,69,69.325
Mon 20:03:00,2077m,51%,51.925,2297Mi,59%,2878,71,71.95
Mon 20:04:00,2156m,53%,53.9,2310Mi,60%,2904,72,72.6
Mon 20:05:00,2092m,52%,52.3,2313Mi,60%,2933,73,73.325
Mon 20:06:00,2069m,51%,51.725,2309Mi,60%,,75,
Mon 20:07:00,2140m,53%,53.5,2313Mi,60%,3067,76,76.675
Mon 20:08:00,2110m,52%,52.75,2312Mi,60%,3096,77,77.4
Mon 20:09:00,2120m,53%,53,2316Mi,60%,3163,79,79.075
Mon 20:10:00,2120m,53%,53,2319Mi,60%,3116,77,77.9
Mon 20:11:01,2130m,53%,53.25,2319Mi,60%,3069,76,76.725
Mon 20:12:00,2173m,54%,54.325,2327Mi,60%,2867,71,71.675
Mon 20:13:00,2198m,54%,54.95,2315Mi,60%,2668,66,66.7
Mon 20:14:00,2116m,52%,52.9,2300Mi,59%,2545,63,63.625
Mon 20:15:00,2147m,53%,53.675,2289Mi,59%,2425,60,60.625
Mon 20:16:00,2060m,51%,51.5,2263Mi,58%,2346,58,58.65
Mon 20:17:00,2074m,51%,51.85,2275Mi,59%,2422,60,60.55
Mon 20:18:00,2131m,53%,53.275,2277Mi,59%,2422,60,60.55
Mon 20:19:01,2128m,53%,53.2,2282Mi,59%,2384,59,59.6
Mon 20:20:01,2108m,52%,52.7,2267Mi,59%,2384,59,59.6
Mon 20:21:00,2104m,52%,52.6,2265Mi,58%,2422,60,60.55
Mon 20:22:00,2116m,52%,52.9,2286Mi,59%,2422,60,60.55
Mon 20:23:00,2090m,52%,52.25,2273Mi,59%,2498,62,62.45
Mon 20:24:00,2135m,53%,53.375,2289Mi,59%,2536,63,63.4
Mon 20:25:00,2075m,51%,51.875,2286Mi,59%,2574,64,64.35
Mon 20:26:00,2062m,51%,51.55,2302Mi,59%,2574,64,64.35
Mon 20:27:00,2157m,53%,53.925,2310Mi,60%,2498,62,62.45
Mon 20:28:00,2083m,52%,52.075,2300Mi,59%,2498,62,62.45
Mon 20:29:00,2126m,53%,53.15,2301Mi,59%,2536,63,63.4
Mon 20:30:01,2082m,52%,52.05,2294Mi,59%,2460,61,61.5
Mon 20:31:00,2082m,52%,52.05,2299Mi,59%,2460,61,61.5
Mon 20:32:00,2086m,52%,52.15,2289Mi,59%,2422,60,60.55
Mon 20:33:00,2099m,52%,52.475,2292Mi,59%,2422,60,60.55
Mon 20:34:00,2162m,54%,54.05,2296Mi,59%,2460,61,61.5
Mon 20:35:00,2069m,51%,51.725,2284Mi,59%,2384,59,59.6
Mon 20:36:00,2086m,52%,52.15,2288Mi,59%,2384,59,59.6
Mon 20:37:00,2101m,52%,52.525,2290Mi,59%,2460,61,61.5
Mon 20:38:00,2119m,52%,52.975,2301Mi,59%,2384,59,59.6
Mon 20:39:00,2063m,51%,51.575,2314Mi,60%,2422,60,60.55
Mon 20:40:00,2097m,52%,52.425,2286Mi,59%,2384,59,59.6
Mon 20:41:00,2069m,51%,51.725,2285Mi,59%,2384,59,59.6
Mon 20:42:00,2068m,51%,51.7,2297Mi,59%,2308,57,57.7
Mon 20:43:00,2056m,51%,51.4,2278Mi,59%,2308,57,57.7
Mon 20:44:00,2124m,53%,53.1,2288Mi,59%,2384,59,59.6
Mon 20:45:00,2068m,51%,51.7,2296Mi,59%,2346,58,58.65
Mon 20:46:00,2119m,52%,52.975,2279Mi,59%,2384,59,59.6
Mon 20:47:00,2094m,52%,52.35,2290Mi,59%,2460,61,61.5
Mon 20:48:00,2129m,53%,53.225,2292Mi,59%,2460,61,61.5
Mon 20:49:00,2102m,52%,52.55,2301Mi,59%,2574,64,64.35
Mon 20:50:00,2159m,53%,53.975,2309Mi,60%,2612,65,65.3
Mon 20:51:00,2113m,52%,52.825,2313Mi,60%,2650,66,66.25
Mon 20:52:00,2133m,53%,53.325,2329Mi,60%,2688,67,67.2
Mon 20:53:00,2121m,53%,53.025,2331Mi,60%,2688,67,67.2
Mon 20:54:00,2122m,53%,53.05,2335Mi,60%,2688,67,67.2
Mon 20:55:00,2161m,54%,54.025,2324Mi,60%,2650,66,66.25
Mon 20:56:00,2096m,52%,52.4,2319Mi,60%,2650,66,66.25
Mon 20:57:00,2142m,53%,53.55,2332Mi,60%,2498,62,62.45
Mon 20:58:00,2109m,52%,52.725,2315Mi,60%,2498,62,62.45
Mon 20:59:00,2117m,52%,52.925,2316Mi,60%,2460,61,61.5
Mon 21:00:00,2116m,52%,52.9,2320Mi,60%,2384,59,59.6
Mon 21:01:00,2095m,52%,52.375,2310Mi,60%,2240,56,56
Mon 21:02:00,2014m,50%,50.35,2291Mi,59%,2150,53,53.75
Mon 21:03:00,2102m,52%,52.55,2291Mi,59%,2014,50,50.35
Mon 21:04:00,2053m,51%,51.325,2263Mi,58%,2084,52,52.1
Mon 21:05:00,2047m,51%,51.175,2279Mi,59%,1948,48,48.7
Mon 21:06:00,2036m,50%,50.9,2266Mi,58%,1934,48,48.35
Mon 21:07:00,2078m,51%,51.95,2258Mi,58%,1874,46,46.85
Mon 21:08:00,1988m,49%,49.7,2254Mi,58%,1944,48,48.6
Mon 21:09:00,2059m,51%,51.475,2258Mi,58%,1938,48,48.45
Mon 21:10:01,2067m,51%,51.675,2244Mi,58%,2038,50,50.95
Mon 21:11:00,2005m,50%,50.125,2254Mi,58%,2222,55,55.55
Mon 21:12:00,2031m,50%,50.775,2274Mi,59%,2406,60,60.15
Mon 21:13:00,2012m,50%,50.3,2286Mi,59%,2544,63,63.6
Mon 21:14:00,2018m,50%,50.45,2290Mi,59%,2682,67,67.05
Mon 21:15:00,2021m,50%,50.525,2299Mi,59%,2866,71,71.65
Mon 21:16:00,2078m,51%,51.95,2317Mi,60%,2912,72,72.8
Mon 21:17:00,1984m,49%,49.6,2323Mi,60%,3004,75,75.1
Mon 21:18:00,2079m,51%,51.975,2331Mi,60%,3050,76,76.25
Mon 21:19:00,2114m,52%,52.85,2329Mi,60%,3142,78,78.55
Mon 21:20:00,2123m,53%,53.075,2341Mi,60%,3142,78,78.55
Mon 21:21:00,2116m,52%,52.9,2337Mi,60%,3234,80,80.85
Mon 21:22:01,2029m,50%,50.725,2341Mi,60%,3188,79,79.7
Mon 21:23:00,2110m,52%,52.75,2332Mi,60%,3188,79,79.7
Mon 21:24:00,2043m,51%,51.075,2336Mi,60%,3050,76,76.25
Mon 21:25:00,2041m,51%,51.025,2328Mi,60%,2958,73,73.95
Mon 21:26:00,2083m,52%,52.075,2313Mi,60%,2912,72,72.8
Mon 21:27:00,2045m,51%,51.125,2317Mi,60%,2866,71,71.65
Mon 21:28:00,2052m,51%,51.3,2313Mi,60%,2912,72,72.8
Mon 21:29:00,2113m,52%,52.825,2327Mi,60%,2866,71,71.65
Mon 21:30:01,2056m,51%,51.4,2316Mi,60%,2912,72,72.8
Mon 21:31:00,2058m,51%,51.45,2328Mi,60%,2912,72,72.8
Mon 21:32:01,2082m,52%,52.05,2329Mi,60%,2958,73,73.95
Mon 21:33:00,2055m,51%,51.375,2333Mi,60%,2958,73,73.95
Mon 21:34:00,2096m,52%,52.4,2332Mi,60%,2866,71,71.65
Mon 21:35:00,2042m,51%,51.05,2327Mi,60%,2820,70,70.5
Mon 21:36:00,2110m,52%,52.75,2320Mi,60%,2820,70,70.5
Mon 21:37:00,2065m,51%,51.625,2330Mi,60%,2774,69,69.35
Mon 21:38:01,2063m,51%,51.575,2323Mi,60%,2866,71,71.65
Mon 21:39:00,2049m,51%,51.225,2328Mi,60%,2958,73,73.95
Mon 21:40:01,2058m,51%,51.45,2326Mi,60%,3050,76,76.25
Mon 21:41:00,2074m,51%,51.85,2329Mi,60%,3142,78,78.55
Mon 21:42:00,2056m,51%,51.4,2347Mi,61%,3188,79,79.7
Mon 21:43:00,2068m,51%,51.7,2340Mi,60%,3142,78,78.55
Mon 21:44:00,2109m,52%,52.725,2349Mi,61%,3050,76,76.25
Mon 21:45:00,2049m,51%,51.225,2338Mi,60%,3050,76,76.25
Mon 21:46:00,2061m,51%,51.525,2342Mi,60%,3004,75,75.1
Mon 21:47:00,2058m,51%,51.45,2335Mi,60%,3004,75,75.1
Mon 21:48:00,2057m,51%,51.425,2324Mi,60%,3004,75,75.1
Mon 21:49:00,2084m,52%,52.1,2338Mi,60%,2958,73,73.95
Mon 21:50:01,2093m,52%,52.325,2337Mi,60%,3050,76,76.25
Mon 21:51:00,2101m,52%,52.525,2331Mi,60%,2958,73,73.95
Mon 21:52:01,2026m,50%,50.65,2331Mi,60%,3004,75,75.1
Mon 21:53:00,2066m,51%,51.65,2334Mi,60%,3004,75,75.1
Mon 21:54:00,2093m,52%,52.325,2341Mi,60%,2958,73,73.95
Mon 21:55:00,2053m,51%,51.325,2329Mi,60%,2912,72,72.8
Mon 21:56:00,2056m,51%,51.4,2329Mi,60%,2912,72,72.8
Mon 21:57:00,2082m,52%,52.05,2320Mi,60%,2912,72,72.8
Mon 21:58:00,2061m,51%,51.525,2323Mi,60%,2912,72,72.8
Mon 21:59:00,2049m,51%,51.225,2328Mi,60%,2866,71,71.65
Mon 22:00:00,2057m,51%,51.425,2330Mi,60%,3004,75,75.1
Mon 22:01:00,2115m,52%,52.875,2342Mi,60%,2914,72,72.85
Mon 22:02:00,2026m,50%,50.65,2332Mi,60%,2916,72,72.9
Mon 22:03:00,2034m,50%,50.85,2331Mi,60%,2873,71,71.825
Mon 22:04:00,2070m,51%,51.75,2336Mi,60%,2875,71,71.875
Mon 22:05:00,2023m,50%,50.575,2336Mi,60%,2878,71,71.95
Mon 22:06:00,2088m,52%,52.2,2325Mi,60%,2882,72,72.05
Mon 22:07:00,2082m,52%,52.05,2341Mi,60%,2931,73,73.275
Mon 22:08:00,2086m,52%,52.15,2345Mi,61%,2841,71,71.025
Mon 22:09:00,2047m,51%,51.175,2336Mi,60%,2937,73,73.425
Mon 22:10:00,2073m,51%,51.825,2334Mi,60%,2941,73,73.525
Mon 22:11:00,2095m,52%,52.375,2344Mi,61%,2991,74,74.775
Mon 22:12:00,2074m,51%,51.85,2342Mi,60%,2994,74,74.85
Mon 22:13:00,2087m,52%,52.175,2335Mi,60%,2950,73,73.75
Mon 22:14:01,2094m,52%,52.35,2350Mi,61%,2906,72,72.65
Mon 22:15:00,2107m,52%,52.675,2342Mi,60%,2815,70,70.375
Mon 22:16:01,2119m,52%,52.975,2321Mi,60%,2724,68,68.1
Mon 22:17:00,2097m,52%,52.425,2319Mi,60%,2771,69,69.275
Mon 22:18:00,2061m,51%,51.525,2323Mi,60%,2724,68,68.1
Mon 22:19:00,2092m,52%,52.3,2318Mi,60%,2724,68,68.1
Mon 22:20:00,2075m,51%,51.875,2322Mi,60%,2818,70,70.45
Mon 22:21:00,2108m,52%,52.7,2337Mi,60%,2771,69,69.275
Mon 22:22:00,2051m,51%,51.275,2325Mi,60%,2771,69,69.275
Mon 22:23:00,2100m,52%,52.5,2329Mi,60%,2771,69,69.275
Mon 22:24:00,2088m,52%,52.2,2321Mi,60%,2818,70,70.45
Mon 22:25:00,2081m,52%,52.025,2328Mi,60%,2771,69,69.275
Mon 22:26:00,2047m,51%,51.175,2325Mi,60%,2771,69,69.275
Mon 22:27:00,2108m,52%,52.7,2333Mi,60%,2771,69,69.275
Mon 22:28:00,2086m,52%,52.15,2333Mi,60%,2818,70,70.45
Mon 22:29:00,2080m,52%,52,2331Mi,60%,2818,70,70.45
Mon 22:30:00,2116m,52%,52.9,2333Mi,60%,2818,70,70.45
Mon 22:31:00,2036m,50%,50.9,2337Mi,60%,2818,70,70.45
Mon 22:32:00,2068m,51%,51.7,2339Mi,60%,2818,70,70.45
Mon 22:33:00,2070m,51%,51.75,2338Mi,60%,2818,70,70.45
Mon 22:34:00,2052m,51%,51.3,2337Mi,60%,2771,69,69.275
Mon 22:35:00,2047m,51%,51.175,2333Mi,60%,2771,69,69.275
Mon 22:36:00,2105m,52%,52.625,2335Mi,60%,2677,66,66.925
Mon 22:37:00,2020m,50%,50.5,2319Mi,60%,2677,66,66.925
Mon 22:38:00,2072m,51%,51.8,2329Mi,60%,2677,66,66.925
Mon 22:39:00,2060m,51%,51.5,2328Mi,60%,2630,65,65.75
Mon 22:40:00,2043m,51%,51.075,2327Mi,60%,2630,65,65.75
Mon 22:41:00,2103m,52%,52.575,2323Mi,60%,2583,64,64.575
Mon 22:42:00,2044m,51%,51.1,2323Mi,60%,2583,64,64.575
Mon 22:43:01,2032m,50%,50.8,2317Mi,60%,2630,65,65.75
Mon 22:44:00,2096m,52%,52.4,2323Mi,60%,2536,63,63.4
Mon 22:45:00,2013m,50%,50.325,2320Mi,60%,2536,63,63.4
Mon 22:46:00,2037m,50%,50.925,2315Mi,60%,2489,62,62.225
Mon 22:47:00,2040m,51%,51,2311Mi,60%,2442,61,61.05
Mon 22:48:00,2046m,51%,51.15,2309Mi,60%,2536,63,63.4
Mon 22:49:00,2076m,51%,51.9,2311Mi,60%,2536,63,63.4
Mon 22:50:00,2028m,50%,50.7,2325Mi,60%,2489,62,62.225
Mon 22:51:01,2095m,52%,52.375,2308Mi,60%,2489,62,62.225
Mon 22:52:00,2021m,50%,50.525,2322Mi,60%,2489,62,62.225
Mon 22:53:00,2083m,52%,52.075,2323Mi,60%,2536,63,63.4
Mon 22:54:00,2058m,51%,51.45,2326Mi,60%,2583,64,64.575
Mon 22:55:00,2091m,52%,52.275,2313Mi,60%,2536,63,63.4
Mon 22:56:01,2033m,50%,50.825,2315Mi,60%,2583,64,64.575
Mon 22:57:00,2037m,50%,50.925,2330Mi,60%,2630,65,65.75
Mon 22:58:00,2054m,51%,51.35,2333Mi,60%,2630,65,65.75
Mon 22:59:01,2036m,50%,50.9,2324Mi,60%,2677,66,66.925
Mon 23:00:00,2054m,51%,51.35,2338Mi,60%,2677,66,66.925
Mon 23:01:00,2073m,51%,51.825,2329Mi,60%,2684,67,67.1
Mon 23:02:00,2054m,51%,51.35,2329Mi,60%,2654,66,66.35
Mon 23:03:00,2057m,51%,51.425,2340Mi,60%,2624,65,65.6
Mon 23:04:01,2076m,51%,51.9,2338Mi,60%,2473,61,61.825
Mon 23:05:00,2004m,50%,50.1,2331Mi,60%,2433,60,60.825
Mon 23:06:00,2103m,52%,52.575,2330Mi,60%,2356,58,58.9
Mon 23:07:00,2060m,51%,51.5,2321Mi,60%,2363,59,59.075
Mon 23:08:00,2054m,51%,51.35,2321Mi,60%,2407,60,60.175
Mon 23:09:00,2067m,51%,51.675,2336Mi,60%,2219,55,55.475
Mon 23:10:00,2047m,51%,51.175,2323Mi,60%,2125,53,53.125
Mon 23:11:00,1795m,44%,44.875,2317Mi,60%,1974,49,49.35
Mon 23:12:00,2079m,51%,51.975,2319Mi,60%,1897,47,47.425
Mon 23:13:00,2092m,52%,52.3,2303Mi,59%,1897,47,47.425
Mon 23:14:00,2062m,51%,51.55,2309Mi,60%,1897,47,47.425
Mon 23:15:00,2028m,50%,50.7,2307Mi,60%,1860,46,46.5
Mon 23:16:00,2044m,51%,51.1,2302Mi,59%,1823,45,45.575
Mon 23:17:00,2063m,51%,51.575,2298Mi,59%,1823,45,45.575
Mon 23:18:00,2020m,50%,50.5,2306Mi,60%,1823,45,45.575
Mon 23:19:00,2041m,51%,51.025,2293Mi,59%,1749,43,43.725
Mon 23:20:00,2047m,51%,51.175,2287Mi,59%,1712,42,42.8
Mon 23:21:00,2064m,51%,51.6,2282Mi,59%,1712,42,42.8
Mon 23:22:00,2035m,50%,50.875,2296Mi,59%,1712,42,42.8
Mon 23:23:00,2037m,50%,50.925,2295Mi,59%,1638,40,40.95
Mon 23:24:00,1975m,49%,49.375,2279Mi,59%,1601,40,40.025
Mon 23:25:00,2028m,50%,50.7,2284Mi,59%,1601,40,40.025
Mon 23:26:00,2065m,51%,51.625,2287Mi,59%,1638,40,40.95
Mon 23:27:00,2015m,50%,50.375,2279Mi,59%,1675,41,41.875
Mon 23:28:00,2049m,51%,51.225,2286Mi,59%,1712,42,42.8
Mon 23:29:00,2034m,50%,50.85,2282Mi,59%,1749,43,43.725
Mon 23:30:00,2073m,51%,51.825,2293Mi,59%,1786,44,44.65
Mon 23:31:01,2035m,50%,50.875,2290Mi,59%,1897,47,47.425
Mon 23:32:00,2016m,50%,50.4,2301Mi,59%,1971,49,49.275
Mon 23:33:00,2073m,51%,51.825,2313Mi,60%,1971,49,49.275
Mon 23:34:00,2039m,50%,50.975,2317Mi,60%,1934,48,48.35
Mon 23:35:00,2051m,51%,51.275,2316Mi,60%,1860,46,46.5
Mon 23:36:00,2009m,50%,50.225,2309Mi,60%,1823,45,45.575
Mon 23:37:00,2055m,51%,51.375,2301Mi,59%,1786,44,44.65
Mon 23:38:00,2071m,51%,51.775,2294Mi,59%,1786,44,44.65
Mon 23:39:00,2036m,50%,50.9,2302Mi,59%,1786,44,44.65
Mon 23:40:00,2069m,51%,51.725,2299Mi,59%,1712,42,42.8
Mon 23:41:00,1989m,49%,49.725,2296Mi,59%,1712,42,42.8
Mon 23:42:00,2055m,51%,51.375,2296Mi,59%,1712,42,42.8
Mon 23:43:00,2007m,50%,50.175,2290Mi,59%,1786,44,44.65
Mon 23:44:00,2024m,50%,50.6,2302Mi,59%,1786,44,44.65
Mon 23:45:01,2049m,51%,51.225,2303Mi,59%,1749,43,43.725
Mon 23:46:00,2026m,50%,50.65,2293Mi,59%,1712,42,42.8
Mon 23:47:00,2026m,50%,50.65,2302Mi,59%,1675,41,41.875
Mon 23:48:00,2037m,50%,50.925,2300Mi,59%,1749,43,43.725
Mon 23:49:00,2016m,50%,50.4,2296Mi,59%,1749,43,43.725
Mon 23:50:00,2073m,51%,51.825,2304Mi,59%,1786,44,44.65
Mon 23:51:00,2085m,52%,52.125,2307Mi,60%,1712,42,42.8
Mon 23:52:00,2029m,50%,50.725,2298Mi,59%,1712,42,42.8
Mon 23:53:00,1995m,49%,49.875,2293Mi,59%,1786,44,44.65
Mon 23:54:00,2046m,51%,51.15,2309Mi,60%,1860,46,46.5
Mon 23:55:00,2037m,50%,50.925,2317Mi,60%,1823,45,45.575
Mon 23:56:00,2055m,51%,51.375,2314Mi,60%,1786,44,44.65
Mon 23:57:01,2008m,50%,50.2,2309Mi,60%,1749,43,43.725
Mon 23:58:00,2025m,50%,50.625,2299Mi,59%,1749,43,43.725
Mon 23:59:00,2080m,52%,52,2307Mi,60%,1823,45,45.575
Tue 00:00:00,2023m,50%,50.575,2315Mi,60%,1823,45,45.575
Tue 00:01:00,2042m,51%,51.05,2307Mi,60%,1771,44,44.275
Tue 00:02:00,2007m,50%,50.175,2301Mi,59%,1650,41,41.25
Tue 00:03:00,2009m,50%,50.225,2300Mi,59%,1635,40,40.875
Tue 00:04:00,2039m,50%,50.975,2301Mi,59%,1620,40,40.5
Tue 00:05:00,2005m,50%,50.125,2297Mi,59%,1605,40,40.125
Tue 00:06:00,2032m,50%,50.8,2302Mi,59%,1553,38,38.825
Tue 00:07:00,2050m,51%,51.25,2285Mi,59%,1469,36,36.725
Tue 00:08:00,1971m,49%,49.275,2282Mi,59%,1422,35,35.55
Tue 00:09:00,2023m,50%,50.575,2284Mi,59%,1550,38,38.75
Tue 00:10:00,1992m,49%,49.8,2289Mi,59%,1646,41,41.15
Tue 00:11:00,1994m,49%,49.85,2310Mi,60%,1742,43,43.55
Tue 00:12:00,2011m,50%,50.275,2320Mi,60%,1870,46,46.75
Tue 00:13:00,2021m,50%,50.525,2325Mi,60%,1934,48,48.35
Tue 00:14:00,2003m,50%,50.075,2324Mi,60%,1966,49,49.15
Tue 00:15:00,2019m,50%,50.475,2327Mi,60%,1998,49,49.95
Tue 00:16:01,2067m,51%,51.675,2343Mi,60%,1966,49,49.15
Tue 00:17:00,2020m,50%,50.5,2342Mi,60%,1966,49,49.15
Tue 00:18:00,2058m,51%,51.45,2333Mi,60%,1966,49,49.15
Tue 00:19:00,2070m,51%,51.75,2340Mi,60%,1966,49,49.15
Tue 00:20:00,2056m,51%,51.4,2339Mi,60%,1998,49,49.95
Tue 00:21:00,2109m,52%,52.725,2331Mi,60%,2030,50,50.75
Tue 00:22:00,2049m,51%,51.225,2348Mi,61%,1998,49,49.95
Tue 00:23:00,2025m,50%,50.625,2346Mi,61%,1998,49,49.95
Tue 00:24:00,2084m,52%,52.1,2346Mi,61%,1966,49,49.15
Tue 00:25:00,2021m,50%,50.525,2344Mi,61%,1966,49,49.15
Tue 00:26:00,2100m,52%,52.5,2341Mi,60%,1966,49,49.15
Tue 00:27:00,2033m,50%,50.825,2349Mi,61%,1998,49,49.95
Tue 00:28:00,2065m,51%,51.625,2342Mi,60%,1998,49,49.95
Tue 00:29:00,2077m,51%,51.925,2355Mi,61%,2030,50,50.75
Tue 00:30:00,2038m,50%,50.95,2349Mi,61%,2062,51,51.55
Tue 00:31:00,2033m,50%,50.825,2349Mi,61%,2030,50,50.75
Tue 00:32:00,2077m,51%,51.925,2345Mi,61%,1998,49,49.95
Tue 00:33:00,2015m,50%,50.375,2340Mi,60%,1998,49,49.95
Tue 00:34:00,2066m,51%,51.65,2341Mi,60%,1966,49,49.15
Tue 00:35:00,2021m,50%,50.525,2345Mi,61%,1998,49,49.95
Tue 00:36:00,2053m,51%,51.325,2345Mi,61%,1998,49,49.95
Tue 00:37:00,2100m,52%,52.5,2355Mi,61%,2030,50,50.75
Tue 00:38:00,2036m,50%,50.9,2358Mi,61%,2030,50,50.75
Tue 00:39:00,2053m,51%,51.325,2351Mi,61%,2030,50,50.75
Tue 00:40:00,2105m,52%,52.625,2354Mi,61%,2030,50,50.75
Tue 00:41:00,2053m,51%,51.325,2348Mi,61%,1966,49,49.15
Tue 00:42:00,1994m,49%,49.85,2349Mi,61%,1934,48,48.35
Tue 00:43:01,2050m,51%,51.25,2346Mi,61%,1902,47,47.55
Tue 00:44:00,2036m,50%,50.9,2346Mi,61%,1902,47,47.55
Tue 00:45:00,2003m,50%,50.075,2347Mi,61%,1902,47,47.55
Tue 00:46:00,2054m,51%,51.35,2345Mi,61%,1902,47,47.55
Tue 00:47:00,2070m,51%,51.75,2347Mi,61%,1870,46,46.75
Tue 00:48:00,2010m,50%,50.25,2336Mi,60%,1838,45,45.95
Tue 00:49:00,2006m,50%,50.15,2335Mi,60%,1870,46,46.75
Tue 00:50:00,2096m,52%,52.4,2339Mi,60%,1870,46,46.75
Tue 00:51:00,2084m,52%,52.1,2327Mi,60%,1806,45,45.15
Tue 00:52:00,2002m,50%,50.05,2337Mi,60%,1806,45,45.15
Tue 00:53:00,2056m,51%,51.4,2330Mi,60%,1806,45,45.15
Tue 00:54:00,2026m,50%,50.65,2336Mi,60%,1870,46,46.75
Tue 00:55:00,2062m,51%,51.55,2344Mi,61%,1870,46,46.75
Tue 00:56:00,2002m,50%,50.05,2345Mi,61%,1870,46,46.75
Tue 00:57:00,2044m,51%,51.1,2335Mi,60%,1902,47,47.55
Tue 00:58:00,2019m,50%,50.475,2346Mi,61%,1902,47,47.55
Tue 00:59:00,2052m,51%,51.3,2342Mi,60%,1838,45,45.95
Tue 01:00:00,1989m,49%,49.725,2342Mi,60%,1870,46,46.75
Tue 01:01:00,2048m,51%,51.2,2341Mi,60%,1902,47,47.55
Tue 01:02:00,1997m,49%,49.925,2345Mi,61%,1902,47,47.55
Tue 01:03:00,2061m,51%,51.525,2337Mi,60%,1870,46,46.75
Tue 01:04:01,2027m,50%,50.675,2331Mi,60%,1902,47,47.55
Tue 01:05:01,2060m,51%,51.5,2329Mi,60%,1902,47,47.55
Tue 01:06:00,1993m,49%,49.825,2343Mi,60%,1870,46,46.75
Tue 01:07:00,2076m,51%,51.9,2341Mi,60%,1838,45,45.95
Tue 01:08:00,2035m,50%,50.875,2339Mi,60%,1806,45,45.15
Tue 01:09:00,2044m,51%,51.1,2330Mi,60%,1710,42,42.75
Tue 01:10:00,2086m,52%,52.15,2335Mi,60%,1614,40,40.35
Tue 01:11:00,2066m,51%,51.65,2315Mi,60%,1518,37,37.95
Tue 01:12:00,1995m,49%,49.875,2309Mi,60%,1486,37,37.15
Tue 01:13:00,2038m,50%,50.95,2311Mi,60%,1326,33,33.15
Tue 01:14:00,1980m,49%,49.5,2295Mi,59%,1294,32,32.35
Tue 01:15:01,2000m,50%,50,2291Mi,59%,1230,30,30.75
Tue 01:16:00,1942m,48%,48.55,2287Mi,59%,1230,30,30.75
Tue 01:17:00,1999m,49%,49.975,2272Mi,59%,1198,29,29.95
Tue 01:18:00,2001m,50%,50.025,2279Mi,59%,1198,29,29.95
Tue 01:19:00,1951m,48%,48.775,2278Mi,59%,1166,29,29.15
Tue 01:20:00,2010m,50%,50.25,2278Mi,59%,1230,30,30.75
Tue 01:21:00,2038m,50%,50.95,2281Mi,59%,1262,31,31.55
Tue 01:22:00,1970m,49%,49.25,2278Mi,59%,1326,33,33.15
Tue 01:23:00,2003m,50%,50.075,2277Mi,59%,1294,32,32.35
Tue 01:24:00,2020m,50%,50.5,2275Mi,59%,1262,31,31.55
Tue 01:25:00,1949m,48%,48.725,2289Mi,59%,1294,32,32.35
Tue 01:26:00,1999m,49%,49.975,2288Mi,59%,1294,32,32.35
Tue 01:27:00,1997m,49%,49.925,2288Mi,59%,1262,31,31.55
Tue 01:28:01,1968m,49%,49.2,2284Mi,59%,1198,29,29.95
Tue 01:29:00,1999m,49%,49.975,2281Mi,59%,1166,29,29.15
Tue 01:30:00,1995m,49%,49.875,2272Mi,59%,1134,28,28.35
Tue 01:31:00,1931m,48%,48.275,2273Mi,59%,1102,27,27.55
Tue 01:32:00,1993m,49%,49.825,2274Mi,59%,1134,28,28.35
Tue 01:33:00,1989m,49%,49.725,2273Mi,59%,1102,27,27.55
Tue 01:34:00,1966m,49%,49.15,2267Mi,58%,1134,28,28.35
Tue 01:35:00,2001m,50%,50.025,2263Mi,58%,1198,29,29.95
Tue 01:36:00,2011m,50%,50.275,2269Mi,59%,1166,29,29.15
Tue 01:37:00,1962m,49%,49.05,2275Mi,59%,1262,31,31.55
Tue 01:38:00,2000m,50%,50,2288Mi,59%,1294,32,32.35
Tue 01:39:00,2001m,50%,50.025,2289Mi,59%,1262,31,31.55
Tue 01:40:00,1957m,48%,48.925,2280Mi,59%,1294,32,32.35
Tue 01:41:00,2028m,50%,50.7,2288Mi,59%,1326,33,33.15
Tue 01:42:00,1948m,48%,48.7,2293Mi,59%,1326,33,33.15
Tue 01:43:00,2024m,50%,50.6,2287Mi,59%,1358,33,33.95
Tue 01:44:00,2016m,50%,50.4,2295Mi,59%,1326,33,33.15
Tue 01:45:00,1990m,49%,49.75,2286Mi,59%,1390,34,34.75
Tue 01:46:00,2024m,50%,50.6,2299Mi,59%,1390,34,34.75
Tue 01:47:00,2028m,50%,50.7,2290Mi,59%,1390,34,34.75
Tue 01:48:00,1970m,49%,49.25,2293Mi,59%,1390,34,34.75
Tue 01:49:00,2029m,50%,50.725,2298Mi,59%,1390,34,34.75
Tue 01:50:00,2018m,50%,50.45,2297Mi,59%,1326,33,33.15
Tue 01:51:00,2043m,51%,51.075,2285Mi,59%,1294,32,32.35
Tue 01:52:00,1993m,49%,49.825,2293Mi,59%,1294,32,32.35
Tue 01:53:00,1981m,49%,49.525,2283Mi,59%,1294,32,32.35
Tue 01:54:00,2022m,50%,50.55,2293Mi,59%,1230,30,30.75
Tue 01:55:00,1948m,48%,48.7,2287Mi,59%,1198,29,29.95
Tue 01:56:00,1974m,49%,49.35,2282Mi,59%,1198,29,29.95
Tue 01:57:00,2017m,50%,50.425,2293Mi,59%,1230,30,30.75
Tue 01:58:00,1993m,49%,49.825,2290Mi,59%,1198,29,29.95
Tue 01:59:00,1964m,49%,49.1,2283Mi,59%,1166,29,29.15
Tue 02:00:00,1983m,49%,49.575,2288Mi,59%,1207,30,30.175
Tue 02:01:00,2024m,50%,50.6,2275Mi,59%,1289,32,32.225
Tue 02:02:00,1945m,48%,48.625,2282Mi,59%,1275,31,31.875
Tue 02:03:00,1990m,49%,49.75,2289Mi,59%,1334,33,33.35
Tue 02:04:01,1975m,49%,49.375,2296Mi,59%,1311,32,32.775
Tue 02:05:00,1999m,49%,49.975,2290Mi,59%,1370,34,34.25
Tue 02:06:00,1992m,49%,49.8,2295Mi,59%,1388,34,34.7
Tue 02:07:00,1947m,48%,48.675,2286Mi,59%,1406,35,35.15
Tue 02:08:00,1982m,49%,49.55,2295Mi,59%,1324,33,33.1
Tue 02:09:00,1986m,49%,49.65,2282Mi,59%,1324,33,33.1
Tue 02:10:00,1957m,48%,48.925,2290Mi,59%,1283,32,32.075
Tue 02:11:00,1974m,49%,49.35,2281Mi,59%,1324,33,33.1
Tue 02:12:01,1985m,49%,49.625,2278Mi,59%,1283,32,32.075
Tue 02:13:00,1976m,49%,49.4,2291Mi,59%,1324,33,33.1
Tue 02:14:00,1986m,49%,49.65,2285Mi,59%,1324,33,33.1
Tue 02:15:00,1968m,49%,49.2,2284Mi,59%,1324,33,33.1
Tue 02:16:00,1997m,49%,49.925,2293Mi,59%,1365,34,34.125
Tue 02:17:00,2000m,50%,50,2297Mi,59%,1447,36,36.175
Tue 02:18:00,1972m,49%,49.3,2303Mi,59%,1447,36,36.175
Tue 02:19:00,1983m,49%,49.575,2303Mi,59%,1406,35,35.15
Tue 02:20:00,1963m,49%,49.075,2300Mi,59%,1447,36,36.175
Tue 02:21:01,2046m,51%,51.15,2305Mi,59%,1488,37,37.2
Tue 02:22:00,2025m,50%,50.625,2304Mi,59%,1447,36,36.175
Tue 02:23:00,1951m,48%,48.775,2297Mi,59%,1365,34,34.125
Tue 02:24:00,1992m,49%,49.8,2285Mi,59%,1365,34,34.125
Tue 02:25:00,1984m,49%,49.6,2281Mi,59%,1365,34,34.125
Tue 02:26:00,2012m,50%,50.3,2297Mi,59%,1324,33,33.1
Tue 02:27:00,1942m,48%,48.55,2291Mi,59%,1283,32,32.075
Tue 02:28:01,1992m,49%,49.8,2291Mi,59%,1283,32,32.075
Tue 02:29:00,1934m,48%,48.35,2291Mi,59%,1324,33,33.1
Tue 02:30:00,2012m,50%,50.3,2288Mi,59%,1324,33,33.1
Tue 02:31:00,1992m,49%,49.8,2282Mi,59%,1324,33,33.1
Tue 02:32:00,1944m,48%,48.6,2299Mi,59%,1365,34,34.125
Tue 02:33:00,2010m,50%,50.25,2287Mi,59%,1365,34,34.125
Tue 02:34:00,1961m,49%,49.025,2297Mi,59%,1365,34,34.125
Tue 02:35:00,1989m,49%,49.725,2292Mi,59%,1406,35,35.15
Tue 02:36:01,1991m,49%,49.775,2300Mi,59%,1365,34,34.125
Tue 02:37:00,1931m,48%,48.275,2293Mi,59%,1283,32,32.075
Tue 02:38:00,2006m,50%,50.15,2279Mi,59%,1324,33,33.1
Tue 02:39:00,1999m,49%,49.975,2293Mi,59%,1242,31,31.05
Tue 02:40:00,1972m,49%,49.3,2281Mi,59%,1242,31,31.05
Tue 02:41:00,1998m,49%,49.95,2270Mi,59%,1242,31,31.05
Tue 02:42:00,1974m,49%,49.35,2287Mi,59%,1242,31,31.05
Tue 02:43:00,1991m,49%,49.775,2282Mi,59%,1283,32,32.075
Tue 02:44:00,1969m,49%,49.225,2276Mi,59%,1324,33,33.1
Tue 02:45:00,1957m,48%,48.925,2275Mi,59%,1242,31,31.05
Tue 02:46:00,2009m,50%,50.225,2288Mi,59%,1365,34,34.125
Tue 02:47:00,2003m,50%,50.075,2297Mi,59%,1365,34,34.125
Tue 02:48:00,1955m,48%,48.875,2298Mi,59%,1324,33,33.1
Tue 02:49:00,1977m,49%,49.425,2295Mi,59%,1365,34,34.125
Tue 02:50:00,2013m,50%,50.325,2298Mi,59%,1406,35,35.15
Tue 02:51:00,1988m,49%,49.7,2285Mi,59%,1447,36,36.175
Tue 02:52:00,2043m,51%,51.075,2295Mi,59%,1406,35,35.15
Tue 02:53:00,1983m,49%,49.575,2300Mi,59%,1365,34,34.125
Tue 02:54:00,1969m,49%,49.225,2284Mi,59%,1365,34,34.125
Tue 02:55:00,1993m,49%,49.825,2285Mi,59%,1324,33,33.1
Tue 02:56:00,1976m,49%,49.4,2285Mi,59%,1283,32,32.075
Tue 02:57:00,1971m,49%,49.275,2304Mi,59%,1324,33,33.1
Tue 02:58:00,1997m,49%,49.925,2304Mi,59%,1283,32,32.075
Tue 02:59:00,1975m,49%,49.375,2298Mi,59%,1283,32,32.075
Tue 03:00:00,2010m,50%,50.25,2300Mi,59%,1283,32,32.075
Tue 03:01:00,1987m,49%,49.675,2304Mi,59%,1329,33,33.225
Tue 03:02:00,1968m,49%,49.2,2290Mi,59%,1334,33,33.35
Tue 03:03:00,2009m,50%,50.225,2300Mi,59%,1281,32,32.025
Tue 03:04:00,1978m,49%,49.45,2292Mi,59%,1286,32,32.15
Tue 03:05:00,1982m,49%,49.55,2314Mi,60%,1332,33,33.3
Tue 03:06:01,1976m,49%,49.4,2314Mi,60%,1296,32,32.4
Tue 03:07:00,2021m,50%,50.525,2316Mi,60%,1301,32,32.525
Tue 03:08:01,2006m,50%,50.15,2320Mi,60%,1417,35,35.425
Tue 03:09:00,2030m,50%,50.75,2319Mi,60%,1388,34,34.7
Tue 03:10:00,1979m,49%,49.475,2331Mi,60%,1388,34,34.7
Tue 03:11:00,2041m,51%,51.025,2315Mi,60%,1446,36,36.15
Tue 03:12:00,1961m,49%,49.025,2325Mi,60%,1417,35,35.425
Tue 03:13:00,2035m,50%,50.875,2332Mi,60%,1446,36,36.15
Tue 03:14:00,1986m,49%,49.65,2337Mi,60%,1446,36,36.15
Tue 03:15:00,2035m,50%,50.875,2331Mi,60%,1446,36,36.15
Tue 03:16:00,2031m,50%,50.775,2335Mi,60%,1417,35,35.425
Tue 03:17:00,2010m,50%,50.25,2326Mi,60%,1388,34,34.7
Tue 03:18:00,1998m,49%,49.95,2328Mi,60%,1359,33,33.975
Tue 03:19:00,2030m,50%,50.75,2329Mi,60%,1330,33,33.25
Tue 03:20:00,1977m,49%,49.425,2319Mi,60%,1388,34,34.7
Tue 03:21:00,2018m,50%,50.45,2321Mi,60%,1388,34,34.7
Tue 03:22:00,2102m,52%,52.55,2331Mi,60%,1330,33,33.25
Tue 03:23:00,1986m,49%,49.65,2324Mi,60%,1388,34,34.7
Tue 03:24:00,2024m,50%,50.6,2326Mi,60%,1330,33,33.25
Tue 03:25:00,1992m,49%,49.8,2330Mi,60%,1359,33,33.975
Tue 03:26:00,2008m,50%,50.2,2330Mi,60%,1388,34,34.7
Tue 03:27:01,2000m,50%,50,2332Mi,60%,1388,34,34.7
Tue 03:28:01,1998m,49%,49.95,2337Mi,60%,1388,34,34.7
Tue 03:29:00,2037m,50%,50.925,2321Mi,60%,1417,35,35.425
Tue 03:30:00,2015m,50%,50.375,2336Mi,60%,1388,34,34.7
Tue 03:31:00,2013m,50%,50.325,2319Mi,60%,1359,33,33.975
Tue 03:32:00,2008m,50%,50.2,2326Mi,60%,1330,33,33.25
Tue 03:33:00,1994m,49%,49.85,2328Mi,60%,1359,33,33.975
Tue 03:34:00,1995m,49%,49.875,2315Mi,60%,1359,33,33.975
Tue 03:35:00,1977m,49%,49.425,2333Mi,60%,1359,33,33.975
Tue 03:36:00,1997m,49%,49.925,2315Mi,60%,1272,31,31.8
Tue 03:37:00,1998m,49%,49.95,2323Mi,60%,1243,31,31.075
Tue 03:38:00,1997m,49%,49.925,2322Mi,60%,1301,32,32.525
Tue 03:39:00,1988m,49%,49.7,2316Mi,60%,1243,31,31.075
Tue 03:40:00,1993m,49%,49.825,2322Mi,60%,1272,31,31.8
Tue 03:41:00,1999m,49%,49.975,2319Mi,60%,1214,30,30.35
Tue 03:42:00,1932m,48%,48.3,2316Mi,60%,1243,31,31.075
Tue 03:43:00,2002m,50%,50.05,2322Mi,60%,1214,30,30.35
Tue 03:44:00,2007m,50%,50.175,2300Mi,59%,1301,32,32.525
Tue 03:45:00,1954m,48%,48.85,2321Mi,60%,1272,31,31.8
Tue 03:46:00,2018m,50%,50.45,2329Mi,60%,1272,31,31.8
Tue 03:47:00,1999m,49%,49.975,2337Mi,60%,1330,33,33.25
Tue 03:48:00,2036m,50%,50.9,2343Mi,60%,1330,33,33.25
Tue 03:49:00,1982m,49%,49.55,2342Mi,60%,1388,34,34.7
Tue 03:50:00,2027m,50%,50.675,2345Mi,61%,1417,35,35.425
Tue 03:51:00,2024m,50%,50.6,2349Mi,61%,1388,34,34.7
Tue 03:52:00,2051m,51%,51.275,2349Mi,61%,1417,35,35.425
Tue 03:53:00,2028m,50%,50.7,2344Mi,61%,1446,36,36.15
Tue 03:54:00,2019m,50%,50.475,2356Mi,61%,1446,36,36.15
Tue 03:55:00,2056m,51%,51.4,2355Mi,61%,1417,35,35.425
Tue 03:56:00,1991m,49%,49.775,2350Mi,61%,1475,36,36.875
Tue 03:57:01,2071m,51%,51.775,2355Mi,61%,1446,36,36.15
Tue 03:58:00,2027m,50%,50.675,2355Mi,61%,1417,35,35.425
Tue 03:59:00,2032m,50%,50.8,2350Mi,61%,1475,36,36.875
Tue 04:00:00,2000m,50%,50,2359Mi,61%,1446,36,36.15
Tue 04:01:00,2043m,51%,51.075,2344Mi,61%,1368,34,34.2
Tue 04:02:01,1992m,49%,49.8,2347Mi,61%,1319,32,32.975
Tue 04:03:00,1968m,49%,49.2,2340Mi,60%,1308,32,32.7
Tue 04:04:00,2002m,50%,50.05,2328Mi,60%,1297,32,32.425
Tue 04:05:00,1974m,49%,49.35,2322Mi,60%,1286,32,32.15
Tue 04:06:00,2005m,50%,50.125,2329Mi,60%,1275,31,31.875
Tue 04:07:00,2008m,50%,50.2,2313Mi,60%,1293,32,32.325
Tue 04:08:00,1959m,48%,48.975,2322Mi,60%,1244,31,31.1
Tue 04:09:00,2005m,50%,50.125,2314Mi,60%,1358,33,33.95
Tue 04:10:00,2017m,50%,50.425,2329Mi,60%,1320,33,33
Tue 04:11:00,1923m,48%,48.075,2313Mi,60%,1358,33,33.95
Tue 04:12:00,1973m,49%,49.325,2325Mi,60%,1358,33,33.95
Tue 04:13:00,1992m,49%,49.8,2323Mi,60%,1358,33,33.95
Tue 04:14:00,1996m,49%,49.9,2323Mi,60%,1320,33,33
Tue 04:15:00,1986m,49%,49.65,2314Mi,60%,1320,33,33
Tue 04:16:00,1964m,49%,49.1,2329Mi,60%,1320,33,33
Tue 04:17:01,2016m,50%,50.4,2317Mi,60%,1282,32,32.05
Tue 04:18:00,1990m,49%,49.75,2325Mi,60%,1358,33,33.95
Tue 04:19:00,1963m,49%,49.075,2330Mi,60%,1358,33,33.95
Tue 04:20:00,2021m,50%,50.525,2331Mi,60%,1358,33,33.95
Tue 04:21:01,1966m,49%,49.15,2331Mi,60%,1396,34,34.9
Tue 04:22:00,2078m,51%,51.95,2329Mi,60%,1434,35,35.85
Tue 04:23:00,1980m,49%,49.5,2334Mi,60%,1434,35,35.85
Tue 04:24:00,2014m,50%,50.35,2325Mi,60%,1358,33,33.95
Tue 04:25:00,1948m,48%,48.7,2332Mi,60%,1396,34,34.9
Tue 04:26:00,1986m,49%,49.65,2335Mi,60%,1396,34,34.9
Tue 04:27:00,2021m,50%,50.525,2336Mi,60%,1396,34,34.9
Tue 04:28:00,1989m,49%,49.725,2335Mi,60%,1320,33,33
Tue 04:29:00,1985m,49%,49.625,2317Mi,60%,1320,33,33
Tue 04:30:00,1971m,49%,49.275,2318Mi,60%,1320,33,33
Tue 04:31:00,1997m,49%,49.925,2330Mi,60%,1282,32,32.05
Tue 04:32:01,1971m,49%,49.275,2324Mi,60%,1358,33,33.95
Tue 04:33:00,1996m,49%,49.9,2333Mi,60%,1358,33,33.95
Tue 04:34:00,1959m,48%,48.975,2332Mi,60%,1320,33,33
Tue 04:35:00,2007m,50%,50.175,2327Mi,60%,1320,33,33
Tue 04:36:00,1990m,49%,49.75,2330Mi,60%,1358,33,33.95
Tue 04:37:00,1961m,49%,49.025,2330Mi,60%,1396,34,34.9
Tue 04:38:00,2008m,50%,50.2,2317Mi,60%,1358,33,33.95
Tue 04:39:00,1951m,48%,48.775,2316Mi,60%,1358,33,33.95
Tue 04:40:00,1999m,49%,49.975,2317Mi,60%,1358,33,33.95
Tue 04:41:00,1984m,49%,49.6,2341Mi,60%,1358,33,33.95
Tue 04:42:00,2005m,50%,50.125,2333Mi,60%,1396,34,34.9
Tue 04:43:00,1969m,49%,49.225,2342Mi,60%,1358,33,33.95
Tue 04:44:00,1982m,49%,49.55,2330Mi,60%,1320,33,33
Tue 04:45:00,2016m,50%,50.4,2329Mi,60%,1320,33,33
Tue 04:46:00,1961m,49%,49.025,2339Mi,60%,1320,33,33
Tue 04:47:01,2002m,50%,50.05,2340Mi,60%,1358,33,33.95
Tue 04:48:00,1963m,49%,49.075,2330Mi,60%,1320,33,33
Tue 04:49:00,1990m,49%,49.75,2335Mi,60%,1282,32,32.05
Tue 04:50:00,1970m,49%,49.25,2336Mi,60%,1282,32,32.05
Tue 04:51:00,1999m,49%,49.975,2331Mi,60%,1320,33,33
Tue 04:52:00,2071m,51%,51.775,2340Mi,60%,1358,33,33.95
Tue 04:53:00,1966m,49%,49.15,2343Mi,60%,1358,33,33.95
Tue 04:54:00,2014m,50%,50.35,2332Mi,60%,1396,34,34.9
Tue 04:55:00,2018m,50%,50.45,2346Mi,61%,1358,33,33.95
Tue 04:56:00,2010m,50%,50.25,2343Mi,60%,1396,34,34.9
Tue 04:57:01,1969m,49%,49.225,2333Mi,60%,1434,35,35.85
Tue 04:58:00,2029m,50%,50.725,2347Mi,61%,1358,33,33.95
Tue 04:59:00,1984m,49%,49.6,2346Mi,61%,1396,34,34.9
Tue 05:00:00,1992m,49%,49.8,2340Mi,60%,1396,34,34.9
Tue 05:01:00,2005m,50%,50.125,2343Mi,60%,1350,33,33.75
Tue 05:02:00,1998m,49%,49.95,2341Mi,60%,1342,33,33.55
Tue 05:03:00,1970m,49%,49.25,2330Mi,60%,1406,35,35.15
Tue 05:04:00,2017m,50%,50.425,2346Mi,61%,1360,34,34
Tue 05:05:00,1993m,49%,49.825,2341Mi,60%,1420,35,35.5
Tue 05:06:00,2041m,51%,51.025,2338Mi,60%,1378,34,34.45
Tue 05:07:00,1959m,48%,48.975,2335Mi,60%,1370,34,34.25
Tue 05:08:00,2018m,50%,50.45,2347Mi,61%,1430,35,35.75
Tue 05:09:00,2044m,51%,51.1,2353Mi,61%,1430,35,35.75
Tue 05:10:00,1929m,48%,48.225,2336Mi,60%,1498,37,37.45
Tue 05:11:00,2004m,50%,50.1,2353Mi,61%,1600,40,40
Tue 05:12:01,2006m,50%,50.15,2369Mi,61%,1668,41,41.7
Tue 05:13:00,2029m,50%,50.725,2374Mi,61%,1634,40,40.85
Tue 05:14:00,2012m,50%,50.3,2374Mi,61%,1668,41,41.7
Tue 05:15:01,2056m,51%,51.4,2370Mi,61%,1668,41,41.7
Tue 05:16:00,1996m,49%,49.9,2364Mi,61%,1634,40,40.85
Tue 05:17:00,2032m,50%,50.8,2361Mi,61%,1702,42,42.55
Tue 05:18:00,2042m,51%,51.05,2371Mi,61%,1702,42,42.55
Tue 05:19:00,1701m,42%,42.525,2369Mi,61%,1702,42,42.55
Tue 05:20:00,2051m,51%,51.275,2375Mi,61%,1804,45,45.1
Tue 05:21:00,2002m,50%,50.05,2390Mi,62%,1804,45,45.1
Tue 05:22:00,2051m,51%,51.275,2383Mi,62%,1770,44,44.25
Tue 05:23:00,2122m,53%,53.05,2379Mi,61%,1770,44,44.25
Tue 05:24:00,2022m,50%,50.55,2374Mi,61%,1770,44,44.25
Tue 05:25:00,2036m,50%,50.9,2386Mi,62%,1702,42,42.55
Tue 05:26:00,2035m,50%,50.875,2373Mi,61%,1736,43,43.4
Tue 05:27:00,2028m,50%,50.7,2372Mi,61%,1702,42,42.55
Tue 05:28:00,2015m,50%,50.375,2373Mi,61%,1702,42,42.55
Tue 05:29:00,2012m,50%,50.3,2383Mi,62%,1702,42,42.55
Tue 05:30:00,2029m,50%,50.725,2375Mi,61%,1702,42,42.55
Tue 05:31:01,2051m,51%,51.275,2383Mi,62%,1702,42,42.55
Tue 05:32:00,2027m,50%,50.675,2373Mi,61%,1736,43,43.4
Tue 05:33:00,2057m,51%,51.425,2377Mi,61%,1770,44,44.25
Tue 05:34:00,2016m,50%,50.4,2365Mi,61%,1668,41,41.7
Tue 05:35:01,2004m,50%,50.1,2359Mi,61%,1702,42,42.55
Tue 05:36:00,2031m,50%,50.775,2372Mi,61%,1702,42,42.55
Tue 05:37:00,2023m,50%,50.575,2359Mi,61%,1736,43,43.4
Tue 05:38:00,2049m,51%,51.225,2363Mi,61%,1736,43,43.4
Tue 05:39:00,2005m,50%,50.125,2379Mi,61%,1736,43,43.4
Tue 05:40:00,2055m,51%,51.375,2367Mi,61%,1702,42,42.55
Tue 05:41:00,2013m,50%,50.325,2376Mi,61%,1736,43,43.4
Tue 05:42:00,2071m,51%,51.775,2376Mi,61%,1668,41,41.7
Tue 05:43:00,1986m,49%,49.65,2362Mi,61%,1634,40,40.85
Tue 05:44:00,2025m,50%,50.625,2365Mi,61%,1634,40,40.85
Tue 05:45:00,2029m,50%,50.725,2370Mi,61%,1634,40,40.85
Tue 05:46:00,1977m,49%,49.425,2371Mi,61%,1600,40,40
Tue 05:47:00,2047m,51%,51.175,2366Mi,61%,1668,41,41.7
Tue 05:48:01,2021m,50%,50.525,2357Mi,61%,1668,41,41.7
Tue 05:49:00,2046m,51%,51.15,2373Mi,61%,1634,40,40.85
Tue 05:50:01,2008m,50%,50.2,2372Mi,61%,1668,41,41.7
Tue 05:51:00,2011m,50%,50.275,2363Mi,61%,1702,42,42.55
Tue 05:52:00,2058m,51%,51.45,2373Mi,61%,1702,42,42.55
Tue 05:53:00,2111m,52%,52.775,2361Mi,61%,1702,42,42.55
Tue 05:54:00,1969m,49%,49.225,2363Mi,61%,1668,41,41.7
Tue 05:55:00,2016m,50%,50.4,2366Mi,61%,1702,42,42.55
Tue 05:56:00,2037m,50%,50.925,2378Mi,61%,1736,43,43.4
Tue 05:57:00,2005m,50%,50.125,2376Mi,61%,1736,43,43.4
Tue 05:58:00,2048m,51%,51.2,2380Mi,61%,1702,42,42.55
Tue 05:59:00,2022m,50%,50.55,2370Mi,61%,1770,44,44.25
Tue 06:00:01,2059m,51%,51.475,2381Mi,61%,1770,44,44.25
Tue 06:01:00,1994m,49%,49.85,2370Mi,61%,1666,41,41.65
Tue 06:02:00,1996m,49%,49.9,2372Mi,61%,1660,41,41.5
Tue 06:03:00,2053m,51%,51.325,2361Mi,61%,1656,41,41.4
Tue 06:04:00,2009m,50%,50.225,2371Mi,61%,1650,41,41.25
Tue 06:05:00,2066m,51%,51.65,2371Mi,61%,1712,42,42.8
Tue 06:06:00,2011m,50%,50.275,2373Mi,61%,1674,41,41.85
Tue 06:07:00,2058m,51%,51.45,2376Mi,61%,1636,40,40.9
Tue 06:08:00,1989m,49%,49.725,2366Mi,61%,1598,39,39.95
Tue 06:09:00,2029m,50%,50.725,2354Mi,61%,1592,39,39.8
Tue 06:10:00,2013m,50%,50.325,2358Mi,61%,1490,37,37.25
Tue 06:11:00,2037m,50%,50.925,2356Mi,61%,1422,35,35.55
Tue 06:12:00,2042m,51%,51.05,2354Mi,61%,1390,34,34.75
Tue 06:13:00,1996m,49%,49.9,2347Mi,61%,1390,34,34.75
Tue 06:14:00,2003m,50%,50.075,2332Mi,60%,1358,33,33.95
Tue 06:15:00,1999m,49%,49.975,2342Mi,60%,1326,33,33.15
Tue 06:16:00,2015m,50%,50.375,2331Mi,60%,1390,34,34.75
Tue 06:17:00,2020m,50%,50.5,2342Mi,60%,1390,34,34.75
Tue 06:18:00,1991m,49%,49.775,2350Mi,61%,1326,33,33.15
Tue 06:19:00,1968m,49%,49.2,2342Mi,60%,1326,33,33.15
Tue 06:20:00,2014m,50%,50.35,2342Mi,60%,1358,33,33.95
Tue 06:21:00,2015m,50%,50.375,2349Mi,61%,1358,33,33.95
Tue 06:22:00,1979m,49%,49.475,2351Mi,61%,1358,33,33.95
Tue 06:23:01,2095m,52%,52.375,2342Mi,60%,1326,33,33.15
Tue 06:24:00,1738m,43%,43.45,2342Mi,60%,1326,33,33.15
Tue 06:25:00,1953m,48%,48.825,2354Mi,61%,1294,32,32.35
Tue 06:26:00,2007m,50%,50.175,2341Mi,60%,1326,33,33.15
Tue 06:27:00,2002m,50%,50.05,2337Mi,60%,1390,34,34.75
Tue 06:28:00,2021m,50%,50.525,2348Mi,61%,1422,35,35.55
Tue 06:29:00,2028m,50%,50.7,2362Mi,61%,1390,34,34.75
Tue 06:30:00,2026m,50%,50.65,2359Mi,61%,1358,33,33.95
Tue 06:31:01,1991m,49%,49.775,2356Mi,61%,1422,35,35.55
Tue 06:32:00,1978m,49%,49.45,2359Mi,61%,1422,35,35.55
Tue 06:33:00,2020m,50%,50.5,2358Mi,61%,1454,36,36.35
Tue 06:34:00,1972m,49%,49.3,2359Mi,61%,1454,36,36.35
Tue 06:35:00,2022m,50%,50.55,2373Mi,61%,1454,36,36.35
Tue 06:36:01,2030m,50%,50.75,2354Mi,61%,1422,35,35.55
Tue 06:37:00,1994m,49%,49.85,2357Mi,61%,1390,34,34.75
Tue 06:38:00,2014m,50%,50.35,2352Mi,61%,1422,35,35.55
Tue 06:39:00,1991m,49%,49.775,2370Mi,61%,1454,36,36.35
Tue 06:40:00,2000m,50%,50,2355Mi,61%,1422,35,35.55
Tue 06:41:00,2042m,51%,51.05,2358Mi,61%,1422,35,35.55
Tue 06:42:00,2004m,50%,50.1,2360Mi,61%,1454,36,36.35
Tue 06:43:00,2003m,50%,50.075,2368Mi,61%,1390,34,34.75
Tue 06:44:01,1843m,46%,46.075,2357Mi,61%,1422,35,35.55
Tue 06:45:00,2003m,50%,50.075,2363Mi,61%,1390,34,34.75
Tue 06:46:00,2030m,50%,50.75,2352Mi,61%,1422,35,35.55
Tue 06:47:00,1970m,49%,49.25,2363Mi,61%,1390,34,34.75
Tue 06:48:00,2023m,50%,50.575,2361Mi,61%,1358,33,33.95
Tue 06:49:00,2019m,50%,50.475,2357Mi,61%,1390,34,34.75
Tue 06:50:00,2002m,50%,50.05,2355Mi,61%,1422,35,35.55
Tue 06:51:00,2021m,50%,50.525,2359Mi,61%,1358,33,33.95
Tue 06:52:00,1961m,49%,49.025,2358Mi,61%,1358,33,33.95
Tue 06:53:00,2102m,52%,52.55,2354Mi,61%,1390,34,34.75
Tue 06:54:00,1982m,49%,49.55,2358Mi,61%,1390,34,34.75
Tue 06:55:00,2031m,50%,50.775,2356Mi,61%,1422,35,35.55
Tue 06:56:00,1995m,49%,49.875,2365Mi,61%,1390,34,34.75
Tue 06:57:00,1998m,49%,49.95,2366Mi,61%,1422,35,35.55
Tue 06:58:00,1997m,49%,49.925,2354Mi,61%,1358,33,33.95
Tue 06:59:00,1983m,49%,49.575,2342Mi,60%,1358,33,33.95
Tue 07:00:00,2012m,50%,50.3,2360Mi,61%,1422,35,35.55
Tue 07:01:00,2019m,50%,50.475,2363Mi,61%,1432,35,35.8
Tue 07:02:00,1961m,49%,49.025,2358Mi,61%,1410,35,35.25
Tue 07:03:00,2011m,50%,50.275,2347Mi,61%,1351,33,33.775
Tue 07:04:00,1991m,49%,49.775,2357Mi,61%,1361,34,34.025
Tue 07:05:00,1973m,49%,49.325,2355Mi,61%,1371,34,34.275
Tue 07:06:00,2011m,50%,50.275,2341Mi,60%,1344,33,33.6
Tue 07:07:00,1960m,49%,49,2353Mi,61%,1354,33,33.85
Tue 07:08:00,2022m,50%,50.55,2343Mi,60%,1364,34,34.1
Tue 07:09:00,1969m,49%,49.225,2340Mi,60%,1231,30,30.775
Tue 07:10:00,1993m,49%,49.825,2326Mi,60%,1194,29,29.85
Tue 07:11:00,1947m,48%,48.675,2338Mi,60%,1194,29,29.85
Tue 07:12:00,1990m,49%,49.75,2339Mi,60%,1194,29,29.85
Tue 07:13:00,2007m,50%,50.175,2331Mi,60%,1120,28,28
Tue 07:14:00,1934m,48%,48.35,2312Mi,60%,1120,28,28
Tue 07:15:00,1986m,49%,49.65,2306Mi,60%,1120,28,28
Tue 07:16:00,1977m,49%,49.425,2313Mi,60%,1120,28,28
Tue 07:17:00,1956m,48%,48.9,2302Mi,59%,1157,28,28.925
Tue 07:18:00,1992m,49%,49.8,2306Mi,60%,1194,29,29.85
Tue 07:19:00,1990m,49%,49.75,2315Mi,60%,1194,29,29.85
Tue 07:20:00,1996m,49%,49.9,2305Mi,59%,1120,28,28
Tue 07:21:00,1949m,48%,48.725,2305Mi,60%,1157,28,28.925
Tue 07:22:00,1962m,49%,49.05,2305Mi,59%,1157,28,28.925
Tue 07:23:00,2059m,51%,51.475,2317Mi,60%,1194,29,29.85
Tue 07:24:00,1978m,49%,49.45,2318Mi,60%,1157,28,28.925
Tue 07:25:00,1984m,49%,49.6,2306Mi,60%,1120,28,28
Tue 07:26:00,1944m,48%,48.6,2311Mi,60%,1157,28,28.925
Tue 07:27:00,2000m,50%,50,2309Mi,60%,1120,28,28
Tue 07:28:00,1978m,49%,49.45,2309Mi,60%,1157,28,28.925
Tue 07:29:00,1989m,49%,49.725,2305Mi,59%,1157,28,28.925
Tue 07:30:01,1940m,48%,48.5,2308Mi,60%,1157,28,28.925
Tue 07:31:00,1977m,49%,49.425,2318Mi,60%,1120,28,28
Tue 07:32:00,1963m,49%,49.075,2319Mi,60%,1157,28,28.925
Tue 07:33:00,1945m,48%,48.625,2313Mi,60%,1120,28,28
Tue 07:34:00,1972m,49%,49.3,2313Mi,60%,1120,28,28
Tue 07:35:00,1970m,49%,49.25,2317Mi,60%,1120,28,28
Tue 07:36:00,1969m,49%,49.225,2303Mi,59%,1083,27,27.075
Tue 07:37:01,1972m,49%,49.3,2300Mi,59%,1157,28,28.925
Tue 07:38:00,1957m,48%,48.925,2314Mi,60%,1157,28,28.925
Tue 07:39:00,1998m,49%,49.95,2316Mi,60%,1194,29,29.85
Tue 07:40:00,1991m,49%,49.775,2306Mi,60%,1194,29,29.85
Tue 07:41:00,1947m,48%,48.675,2308Mi,60%,1231,30,30.775
Tue 07:42:00,1978m,49%,49.45,2322Mi,60%,1194,29,29.85
Tue 07:43:00,1992m,49%,49.8,2307Mi,60%,1268,31,31.7
Tue 07:44:00,1950m,48%,48.75,2323Mi,60%,1268,31,31.7
Tue 07:45:00,2004m,50%,50.1,2330Mi,60%,1268,31,31.7
Tue 07:46:00,1994m,49%,49.85,2320Mi,60%,1231,30,30.775
Tue 07:47:00,1928m,48%,48.2,2322Mi,60%,1194,29,29.85
Tue 07:48:00,1997m,49%,49.925,2320Mi,60%,1231,30,30.775
Tue 07:49:00,1954m,48%,48.85,2326Mi,60%,1231,30,30.775
Tue 07:50:00,2005m,50%,50.125,2316Mi,60%,1194,29,29.85
Tue 07:51:00,1949m,48%,48.725,2323Mi,60%,1157,28,28.925
Tue 07:52:00,1969m,49%,49.225,2316Mi,60%,1157,28,28.925
Tue 07:53:00,1975m,49%,49.375,2318Mi,60%,1120,28,28
Tue 07:54:00,2081m,52%,52.025,2316Mi,60%,1157,28,28.925
Tue 07:55:00,1942m,48%,48.55,2310Mi,60%,1120,28,28
Tue 07:56:01,1981m,49%,49.525,2315Mi,60%,1120,28,28
Tue 07:57:00,1970m,49%,49.25,2317Mi,60%,1083,27,27.075
Tue 07:58:00,1939m,48%,48.475,2307Mi,60%,1046,26,26.15
Tue 07:59:00,1957m,48%,48.925,2305Mi,60%,1046,26,26.15
Tue 08:00:00,1961m,49%,49.025,2304Mi,59%,1083,27,27.075
Tue 08:01:00,1978m,49%,49.45,2314Mi,60%,1009,25,25.225
Tue 08:02:00,1914m,47%,47.85,2297Mi,59%,1080,27,27
Tue 08:03:00,1985m,49%,49.625,2300Mi,59%,1043,26,26.075
Tue 08:04:00,1945m,48%,48.625,2308Mi,60%,1006,25,25.15
Tue 08:05:00,1911m,47%,47.775,2301Mi,59%,1114,27,27.85
Tue 08:06:00,1974m,49%,49.35,2307Mi,60%,1131,28,28.275
Tue 08:07:00,1964m,49%,49.1,2302Mi,59%,1094,27,27.35
Tue 08:08:01,1906m,47%,47.65,2310Mi,60%,1020,25,25.5
Tue 08:09:01,1973m,49%,49.325,2285Mi,59%,1074,26,26.85
Tue 08:10:00,1983m,49%,49.575,2303Mi,59%,1074,26,26.85
Tue 08:11:00,1906m,47%,47.65,2305Mi,59%,1074,26,26.85
Tue 08:12:00,1952m,48%,48.8,2288Mi,59%,1074,26,26.85
Tue 08:13:00,1960m,49%,49,2305Mi,59%,1074,26,26.85
Tue 08:14:00,1923m,48%,48.075,2292Mi,59%,1074,26,26.85
Tue 08:15:00,1964m,49%,49.1,2287Mi,59%,1074,26,26.85
Tue 08:16:00,1959m,48%,48.975,2296Mi,59%,1074,26,26.85
Tue 08:17:00,1960m,49%,49,2304Mi,59%,1128,28,28.2
Tue 08:18:00,1924m,48%,48.1,2307Mi,60%,1074,26,26.85
Tue 08:19:00,1945m,48%,48.625,2305Mi,59%,1074,26,26.85
Tue 08:20:00,1960m,49%,49,2299Mi,59%,1128,28,28.2
Tue 08:21:00,1984m,49%,49.6,2300Mi,59%,1074,26,26.85
Tue 08:22:00,1913m,47%,47.825,2308Mi,60%,1128,28,28.2
Tue 08:23:00,1954m,48%,48.85,2306Mi,60%,1182,29,29.55
Tue 08:24:00,2054m,51%,51.35,2297Mi,59%,1182,29,29.55
Tue 08:25:00,1966m,49%,49.15,2295Mi,59%,1182,29,29.55
Tue 08:26:00,1972m,49%,49.3,2298Mi,59%,1182,29,29.55
Tue 08:27:01,1974m,49%,49.35,2310Mi,60%,1236,30,30.9
Tue 08:28:00,1989m,49%,49.725,2301Mi,59%,1182,29,29.55
Tue 08:29:00,1934m,48%,48.35,2313Mi,60%,1182,29,29.55
Tue 08:30:00,1977m,49%,49.425,2310Mi,60%,1236,30,30.9
Tue 08:31:00,1968m,49%,49.2,2309Mi,60%,1236,30,30.9
Tue 08:32:00,1951m,48%,48.775,2313Mi,60%,1182,29,29.55
Tue 08:33:00,1978m,49%,49.45,2299Mi,59%,1128,28,28.2
Tue 08:34:00,1952m,48%,48.8,2293Mi,59%,1128,28,28.2
Tue 08:35:01,1935m,48%,48.375,2307Mi,60%,1128,28,28.2
Tue 08:36:00,1971m,49%,49.275,2307Mi,60%,1020,25,25.5
Tue 08:37:00,1955m,48%,48.875,2300Mi,59%,1020,25,25.5
Tue 08:38:00,1937m,48%,48.425,2289Mi,59%,1074,26,26.85
Tue 08:39:00,1988m,49%,49.7,2287Mi,59%,1020,25,25.5
Tue 08:40:00,1945m,48%,48.625,2300Mi,59%,1020,25,25.5
Tue 08:41:00,1969m,49%,49.225,2297Mi,59%,1074,26,26.85
Tue 08:42:00,1933m,48%,48.325,2303Mi,59%,1074,26,26.85
Tue 08:43:00,1970m,49%,49.25,2294Mi,59%,1074,26,26.85
Tue 08:44:00,1926m,48%,48.15,2294Mi,59%,1074,26,26.85
Tue 08:45:00,1966m,49%,49.15,2298Mi,59%,1128,28,28.2
Tue 08:46:00,1986m,49%,49.65,2292Mi,59%,1182,29,29.55
Tue 08:47:00,1935m,48%,48.375,2307Mi,60%,1128,28,28.2
Tue 08:48:01,1977m,49%,49.425,2305Mi,60%,1236,30,30.9
Tue 08:49:00,1979m,49%,49.475,2311Mi,60%,1236,30,30.9
Tue 08:50:00,1941m,48%,48.525,2308Mi,60%,1182,29,29.55
Tue 08:51:00,1983m,49%,49.575,2298Mi,59%,1182,29,29.55
Tue 08:52:00,1965m,49%,49.125,2310Mi,60%,1236,30,30.9
Tue 08:53:00,1970m,49%,49.25,2308Mi,60%,1182,29,29.55
Tue 08:54:00,2021m,50%,50.525,2297Mi,59%,1128,28,28.2
Tue 08:55:00,1966m,49%,49.15,2307Mi,60%,1128,28,28.2
Tue 08:56:00,1965m,49%,49.125,2303Mi,59%,1182,29,29.55
Tue 08:57:00,1955m,48%,48.875,2301Mi,59%,1128,28,28.2
Tue 08:58:00,1971m,49%,49.275,2308Mi,60%,1128,28,28.2
Tue 08:59:00,1969m,49%,49.225,2302Mi,59%,1182,29,29.55
Tue 09:00:00,1966m,49%,49.15,2315Mi,60%,1398,34,34.95
Tue 09:01:00,1950m,48%,48.75,2322Mi,60%,3752,93,93.8
Tue 09:02:00,3121m,78%,78.025,2412Mi,62%,3744,93,93.6
Tue 09:03:00,2298m,57%,57.45,2406Mi,62%,3736,93,93.4
Tue 09:04:00,2098m,52%,52.45,2422Mi,63%,3728,93,93.2
Tue 09:05:00,2081m,52%,52.025,2421Mi,63%,3739,93,93.475
Tue 09:06:00,2128m,53%,53.2,2418Mi,62%,3769,94,94.225
Tue 09:07:00,2103m,52%,52.575,2422Mi,63%,3744,93,93.6
Tue 09:08:01,2135m,53%,53.375,2424Mi,63%,3746,93,93.65
Tue 09:09:01,2264m,56%,56.6,2415Mi,62%,3735,93,93.375
Tue 09:10:00,2221m,55%,55.525,2414Mi,62%,3758,93,93.95
Tue 09:11:00,2283m,57%,57.075,2403Mi,62%,3737,93,93.425
Tue 09:12:00,2271m,56%,56.775,2420Mi,62%,3742,93,93.55
Tue 09:13:00,2185m,54%,54.625,2415Mi,62%,3727,93,93.175
Tue 09:14:00,2228m,55%,55.7,2412Mi,62%,3686,92,92.15
Tue 09:15:00,2258m,56%,56.45,2418Mi,62%,3730,93,93.25
Tue 09:16:00,2312m,57%,57.8,2422Mi,63%,3729,93,93.225
Tue 09:17:00,2279m,56%,56.975,2411Mi,62%,3754,93,93.85
Tue 09:18:00,2461m,61%,61.525,2417Mi,62%,3746,93,93.65
Tue 09:19:00,2529m,63%,63.225,2416Mi,62%,3752,93,93.8
Tue 09:20:00,2132m,53%,53.3,2410Mi,62%,3771,94,94.275
Tue 09:21:00,2156m,53%,53.9,2421Mi,63%,3789,94,94.725
Tue 09:22:00,2311m,57%,57.775,2422Mi,63%,3738,93,93.45
Tue 09:23:00,2283m,57%,57.075,2429Mi,63%,3748,93,93.7
Tue 09:24:00,2303m,57%,57.575,2428Mi,63%,3753,93,93.825
Tue 09:25:00,2256m,56%,56.4,2422Mi,63%,3725,93,93.125
Tue 09:26:00,2263m,56%,56.575,2433Mi,63%,3752,93,93.8
Tue 09:27:00,2334m,58%,58.35,2417Mi,62%,3734,93,93.35
Tue 09:28:00,2300m,57%,57.5,2424Mi,63%,3794,94,94.85
Tue 09:29:00,2258m,56%,56.45,2420Mi,62%,3768,94,94.2
Tue 09:30:00,2186m,54%,54.65,2428Mi,63%,3749,93,93.725
Tue 09:31:00,2317m,57%,57.925,2456Mi,63%,3732,93,93.3
Tue 09:32:00,2276m,56%,56.9,2425Mi,63%,3754,93,93.85
Tue 09:33:00,2319m,57%,57.975,2422Mi,63%,3722,93,93.05
Tue 09:34:00,2329m,58%,58.225,2434Mi,63%,3728,93,93.2
Tue 09:35:00,2211m,55%,55.275,2421Mi,63%,3776,94,94.4
Tue 09:36:00,2427m,60%,60.675,2439Mi,63%,3730,93,93.25
Tue 09:37:00,2239m,55%,55.975,2429Mi,63%,3728,93,93.2
Tue 09:38:00,2199m,54%,54.975,2438Mi,63%,3750,93,93.75
Tue 09:39:00,2289m,57%,57.225,2436Mi,63%,3724,93,93.1
Tue 09:40:00,2260m,56%,56.5,2438Mi,63%,3688,92,92.2
Tue 09:41:00,2250m,56%,56.25,2426Mi,63%,3736,93,93.4
Tue 09:42:00,2518m,62%,62.95,2428Mi,63%,3729,93,93.225
Tue 09:43:00,2283m,57%,57.075,2437Mi,63%,3773,94,94.325
Tue 09:44:00,2354m,58%,58.85,2430Mi,63%,3768,94,94.2
Tue 09:45:00,2251m,56%,56.275,2439Mi,63%,3719,92,92.975
Tue 09:46:00,2090m,52%,52.25,2442Mi,63%,3734,93,93.35
Tue 09:47:00,2253m,56%,56.325,2438Mi,63%,3721,93,93.025
Tue 09:48:00,2295m,57%,57.375,2433Mi,63%,3741,93,93.525
Tue 09:49:01,2388m,59%,59.7,2443Mi,63%,3744,93,93.6
Tue 09:50:00,2310m,57%,57.75,2450Mi,63%,3736,93,93.4
Tue 09:51:00,2227m,55%,55.675,2422Mi,63%,3763,94,94.075
Tue 09:52:00,2441m,61%,61.025,2425Mi,63%,3775,94,94.375
Tue 09:53:00,2328m,58%,58.2,2430Mi,63%,3738,93,93.45
Tue 09:54:00,2305m,57%,57.625,2414Mi,62%,3688,92,92.2
Tue 09:55:00,2273m,56%,56.825,2432Mi,63%,3738,93,93.45
Tue 09:56:00,2370m,59%,59.25,2428Mi,63%,3757,93,93.925
Tue 09:57:00,2251m,56%,56.275,2435Mi,63%,3728,93,93.2
Tue 09:58:01,2364m,59%,59.1,2438Mi,63%,3728,93,93.2
Tue 09:59:01,2164m,54%,54.1,2420Mi,62%,3730,93,93.25
Tue 10:00:01,2373m,59%,59.325,2439Mi,63%,3756,93,93.9
Tue 10:01:00,3011m,75%,75.275,2365Mi,61%,3740,93,93.5
Tue 10:02:00,2678m,66%,66.95,2356Mi,61%,3722,93,93.05
Tue 10:03:00,2286m,57%,57.15,2372Mi,61%,3738,93,93.45
Tue 10:04:00,2243m,56%,56.075,2375Mi,61%,3743,93,93.575
Tue 10:05:00,2216m,55%,55.4,2380Mi,61%,3752,93,93.8
Tue 10:06:00,2416m,60%,60.4,2389Mi,62%,3748,93,93.7
Tue 10:07:00,2188m,54%,54.7,2389Mi,62%,3784,94,94.6
Tue 10:08:00,2278m,56%,56.95,2410Mi,62%,3738,93,93.45
Tue 10:09:01,2116m,52%,52.9,2411Mi,62%,3750,93,93.75
Tue 10:10:00,2267m,56%,56.675,2402Mi,62%,3688,92,92.2
Tue 10:11:00,2343m,58%,58.575,2418Mi,62%,3743,93,93.575
Tue 10:12:00,2054m,51%,51.35,2413Mi,62%,3751,93,93.775
Tue 10:13:00,2185m,54%,54.625,2420Mi,62%,3725,93,93.125
Tue 10:14:00,2459m,61%,61.475,2413Mi,62%,3724,93,93.1
Tue 10:15:01,2362m,59%,59.05,2425Mi,63%,3729,93,93.225
Tue 10:16:00,2237m,55%,55.925,2436Mi,63%,3752,93,93.8
Tue 10:17:00,2336m,58%,58.4,2440Mi,63%,3720,93,93
Tue 10:18:01,2193m,54%,54.825,2441Mi,63%,3744,93,93.6
Tue 10:19:01,2326m,58%,58.15,2445Mi,63%,3756,93,93.9
Tue 10:20:00,2149m,53%,53.725,2445Mi,63%,3729,93,93.225
Tue 10:21:00,2228m,55%,55.7,2433Mi,63%,3754,93,93.85
Tue 10:22:00,2321m,58%,58.025,2453Mi,63%,3752,93,93.8
Tue 10:23:00,2257m,56%,56.425,2422Mi,63%,3736,93,93.4
Tue 10:24:00,2403m,60%,60.075,2407Mi,62%,3747,93,93.675
Tue 10:25:00,2452m,61%,61.3,2474Mi,64%,3745,93,93.625
Tue 10:26:00,2215m,55%,55.375,2417Mi,62%,3758,93,93.95
Tue 10:27:00,2296m,57%,57.4,2417Mi,62%,3724,93,93.1
Tue 10:28:00,2324m,58%,58.1,2428Mi,63%,3727,93,93.175
Tue 10:29:00,2231m,55%,55.775,2420Mi,62%,3756,93,93.9
Tue 10:30:00,2171m,54%,54.275,2431Mi,63%,3745,93,93.625
Tue 10:31:00,2353m,58%,58.825,2439Mi,63%,3744,93,93.6
Tue 10:32:00,2341m,58%,58.525,2418Mi,62%,3739,93,93.475
Tue 10:33:00,2369m,59%,59.225,2438Mi,63%,3748,93,93.7
Tue 10:34:00,2248m,56%,56.2,2426Mi,63%,3742,93,93.55
Tue 10:35:00,2208m,55%,55.2,2439Mi,63%,3748,93,93.7
Tue 10:36:00,2370m,59%,59.25,2445Mi,63%,3741,93,93.525
Tue 10:37:01,2241m,56%,56.025,2445Mi,63%,3755,93,93.875
Tue 10:38:00,2227m,55%,55.675,2442Mi,63%,3746,93,93.65
Tue 10:39:00,2315m,57%,57.875,2456Mi,63%,3737,93,93.425
Tue 10:40:00,2195m,54%,54.875,2458Mi,63%,3764,94,94.1
Tue 10:41:00,2206m,55%,55.15,2460Mi,64%,3733,93,93.325
Tue 10:42:00,1533m,38%,38.325,2462Mi,64%,3728,93,93.2
Tue 10:43:00,2372m,59%,59.3,2452Mi,63%,3756,93,93.9
Tue 10:44:00,2263m,56%,56.575,2459Mi,64%,3759,93,93.975
Tue 10:45:00,2196m,54%,54.9,2461Mi,64%,3751,93,93.775
Tue 10:46:00,2260m,56%,56.5,2442Mi,63%,3734,93,93.35
Tue 10:47:00,2252m,56%,56.3,2429Mi,63%,3749,93,93.725
Tue 10:48:00,1952m,48%,48.8,2445Mi,63%,3735,93,93.375
Tue 10:49:00,1734m,43%,43.35,2439Mi,63%,3755,93,93.875
Tue 10:50:01,2140m,53%,53.5,2450Mi,63%,3731,93,93.275
Tue 10:51:00,1763m,44%,44.075,2449Mi,63%,3729,93,93.225
Tue 10:52:00,1419m,35%,35.475,2430Mi,63%,3745,93,93.625
Tue 10:53:00,1461m,36%,36.525,2433Mi,63%,3750,93,93.75
Tue 10:54:00,1122m,28%,28.05,2434Mi,63%,3670,91,91.75
Tue 10:55:00,927m,23%,23.175,2421Mi,63%,3394,84,84.85
Tue 10:56:00,548m,13%,13.7,2396Mi,62%,3075,76,76.875
Tue 10:57:00,609m,15%,15.225,2369Mi,61%,2772,69,69.3
Tue 10:58:00,528m,13%,13.2,2329Mi,60%,2482,62,62.05
Tue 10:59:00,646m,16%,16.15,2303Mi,59%,2331,58,58.275
Tue 11:00:00,484m,12%,12.1,2262Mi,58%,2143,53,53.575
Tue 11:01:00,457m,11%,11.425,2244Mi,58%,1936,48,48.4
Tue 11:02:00,428m,10%,10.7,2222Mi,57%,1697,42,42.425
Tue 11:03:00,401m,10%,10.025,2200Mi,57%,1461,36,36.525
Tue 11:04:00,428m,10%,10.7,2162Mi,56%,1362,34,34.05
Tue 11:05:00,502m,12%,12.55,2167Mi,56%,1146,28,28.65
Tue 11:06:00,401m,10%,10.025,2155Mi,56%,1056,26,26.4
Tue 11:07:00,365m,9%,9.125,2139Mi,55%,911,22,22.775
Tue 11:08:00,358m,8%,8.95,2122Mi,55%,934,23,23.35
Tue 11:09:00,310m,7%,7.75,2121Mi,55%,911,22,22.775
Tue 11:10:00,300m,7%,7.5,2120Mi,55%,934,23,23.35
Tue 11:11:01,303m,7%,7.575,2122Mi,55%,911,22,22.775
Tue 11:12:00,273m,6%,6.825,2118Mi,55%,911,22,22.775
Tue 11:13:00,311m,7%,7.775,2118Mi,55%,911,22,22.775
Tue 11:14:00,325m,8%,8.125,2114Mi,55%,911,22,22.775
Tue 11:15:00,309m,7%,7.725,2114Mi,55%,934,23,23.35
Tue 11:16:00,287m,7%,7.175,2117Mi,55%,934,23,23.35
Tue 11:17:00,277m,6%,6.925,2116Mi,55%,934,23,23.35
Tue 11:18:00,296m,7%,7.4,2116Mi,55%,934,23,23.35
Tue 11:19:00,280m,7%,7,2115Mi,55%,934,23,23.35
Tue 11:20:01,260m,6%,6.5,2112Mi,54%,911,22,22.775
Tue 11:21:00,304m,7%,7.6,2112Mi,54%,911,22,22.775
Tue 11:22:00,305m,7%,7.625,2110Mi,54%,911,22,22.775
Tue 11:23:00,298m,7%,7.45,2111Mi,54%,934,23,23.35
Tue 11:24:00,307m,7%,7.675,2113Mi,55%,934,23,23.35
Tue 11:25:00,310m,7%,7.75,2112Mi,54%,934,23,23.35
Tue 11:26:01,306m,7%,7.65,2112Mi,54%,934,23,23.35
Tue 11:27:00,311m,7%,7.775,2113Mi,54%,934,23,23.35
Tue 11:28:00,307m,7%,7.675,2109Mi,54%,911,22,22.775
Tue 11:29:00,277m,6%,6.925,2106Mi,54%,911,22,22.775
Tue 11:30:00,305m,7%,7.625,2107Mi,54%,911,22,22.775
Tue 11:31:00,295m,7%,7.375,2106Mi,54%,911,22,22.775
Tue 11:32:00,308m,7%,7.7,2108Mi,54%,934,23,23.35
Tue 11:33:00,297m,7%,7.425,2109Mi,54%,934,23,23.35
Tue 11:34:01,311m,7%,7.775,2109Mi,54%,934,23,23.35
Tue 11:35:00,307m,7%,7.675,2109Mi,54%,934,23,23.35
Tue 11:36:00,304m,7%,7.6,2109Mi,54%,934,23,23.35
Tue 11:37:01,301m,7%,7.525,2108Mi,54%,911,22,22.775
Tue 11:38:00,279m,6%,6.975,2104Mi,54%,911,22,22.775
Tue 11:39:00,307m,7%,7.675,2104Mi,54%,911,22,22.775
Tue 11:40:00,316m,7%,7.9,2104Mi,54%,934,23,23.35
Tue 11:41:00,299m,7%,7.475,2106Mi,54%,934,23,23.35
Tue 11:42:00,311m,7%,7.775,2108Mi,54%,934,23,23.35
Tue 11:43:01,307m,7%,7.675,2107Mi,54%,934,23,23.35
Tue 11:44:00,304m,7%,7.6,2108Mi,54%,934,23,23.35
Tue 11:45:00,302m,7%,7.55,2108Mi,54%,911,22,22.775
Tue 11:46:01,283m,7%,7.075,2104Mi,54%,911,22,22.775
Tue 11:47:00,287m,7%,7.175,2104Mi,54%,911,22,22.775
Tue 11:48:00,285m,7%,7.125,2104Mi,54%,911,22,22.775
Tue 11:49:00,303m,7%,7.575,2104Mi,54%,934,23,23.35
Tue 11:50:00,296m,7%,7.4,2107Mi,54%,934,23,23.35
Tue 11:51:01,310m,7%,7.75,2107Mi,54%,934,23,23.35
Tue 11:52:00,309m,7%,7.725,2107Mi,54%,934,23,23.35
Tue 11:53:00,302m,7%,7.55,2107Mi,54%,934,23,23.35
Tue 11:54:01,266m,6%,6.65,2104Mi,54%,911,22,22.775
Tue 11:55:00,323m,8%,8.075,2103Mi,54%,911,22,22.775
Tue 11:56:00,307m,7%,7.675,2103Mi,54%,911,22,22.775
Tue 11:57:01,298m,7%,7.45,2103Mi,54%,934,23,23.35
Tue 11:58:01,301m,7%,7.525,2106Mi,54%,934,23,23.35
Tue 11:59:00,289m,7%,7.225,2106Mi,54%,934,23,23.35
Tue 12:00:00,276m,6%,6.9,2106Mi,54%,934,23,23.35
Tue 12:01:00,276m,6%,6.9,2105Mi,54%,938,23,23.45
Tue 12:02:00,279m,6%,6.975,2107Mi,54%,942,23,23.55
Tue 12:03:00,314m,7%,7.85,2106Mi,54%,973,24,24.325
Tue 12:04:00,334m,8%,8.35,2110Mi,54%,977,24,24.425
Tue 12:05:00,313m,7%,7.825,2109Mi,54%,1008,25,25.2
Tue 12:06:00,350m,8%,8.75,2113Mi,55%,1035,25,25.875
Tue 12:07:01,304m,7%,7.6,2116Mi,55%,1066,26,26.65
Tue 12:08:00,342m,8%,8.55,2119Mi,55%,1070,26,26.75
Tue 12:09:00,319m,7%,7.975,2119Mi,55%,1101,27,27.525
Tue 12:10:00,354m,8%,8.85,2122Mi,55%,1128,28,28.2
Tue 12:11:00,312m,7%,7.8,2126Mi,55%,1128,28,28.2
Tue 12:12:00,348m,8%,8.7,2126Mi,55%,1128,28,28.2
Tue 12:13:00,302m,7%,7.55,2126Mi,55%,1128,28,28.2
Tue 12:14:00,344m,8%,8.6,2126Mi,55%,1128,28,28.2
Tue 12:15:00,316m,7%,7.9,2124Mi,55%,1128,28,28.2
Tue 12:16:00,334m,8%,8.35,2127Mi,55%,1128,28,28.2
Tue 12:17:00,316m,7%,7.9,2124Mi,55%,1128,28,28.2
Tue 12:18:00,343m,8%,8.575,2127Mi,55%,1128,28,28.2
Tue 12:19:00,336m,8%,8.4,2124Mi,55%,1128,28,28.2
Tue 12:20:00,355m,8%,8.875,2127Mi,55%,1128,28,28.2
Tue 12:21:00,342m,8%,8.55,2133Mi,55%,1128,28,28.2
Tue 12:22:00,340m,8%,8.5,2133Mi,55%,1128,28,28.2
Tue 12:23:00,364m,9%,9.1,2137Mi,55%,1128,28,28.2
Tue 12:24:00,349m,8%,8.725,2141Mi,55%,1128,28,28.2
Tue 12:25:00,358m,8%,8.95,2137Mi,55%,1128,28,28.2
Tue 12:26:00,365m,9%,9.125,2136Mi,55%,1128,28,28.2
Tue 12:27:00,337m,8%,8.425,2136Mi,55%,1128,28,28.2
Tue 12:28:00,355m,8%,8.875,2134Mi,55%,1128,28,28.2
Tue 12:29:00,309m,7%,7.725,2135Mi,55%,1128,28,28.2
Tue 12:30:00,347m,8%,8.675,2136Mi,55%,1128,28,28.2
Tue 12:31:00,306m,7%,7.65,2135Mi,55%,1128,28,28.2
Tue 12:32:00,370m,9%,9.25,2137Mi,55%,1128,28,28.2
Tue 12:33:01,326m,8%,8.15,2136Mi,55%,1128,28,28.2
Tue 12:34:00,354m,8%,8.85,2136Mi,55%,1128,28,28.2
Tue 12:35:00,321m,8%,8.025,2136Mi,55%,1128,28,28.2
Tue 12:36:00,372m,9%,9.3,2136Mi,55%,1128,28,28.2
Tue 12:37:00,325m,8%,8.125,2135Mi,55%,1128,28,28.2
Tue 12:38:00,375m,9%,9.375,2135Mi,55%,1128,28,28.2
Tue 12:39:00,335m,8%,8.375,2133Mi,55%,1128,28,28.2
Tue 12:40:00,371m,9%,9.275,2136Mi,55%,1128,28,28.2
Tue 12:41:00,316m,7%,7.9,2136Mi,55%,1128,28,28.2
Tue 12:42:00,339m,8%,8.475,2136Mi,55%,1128,28,28.2
Tue 12:43:00,308m,7%,7.7,2134Mi,55%,1128,28,28.2
Tue 12:44:00,335m,8%,8.375,2136Mi,55%,1128,28,28.2
Tue 12:45:00,309m,7%,7.725,2134Mi,55%,1128,28,28.2
Tue 12:46:00,344m,8%,8.6,2136Mi,55%,1128,28,28.2
Tue 12:47:00,315m,7%,7.875,2137Mi,55%,1128,28,28.2
Tue 12:48:00,312m,7%,7.8,2134Mi,55%,1128,28,28.2
Tue 12:49:00,334m,8%,8.35,2137Mi,55%,1128,28,28.2
Tue 12:50:00,322m,8%,8.05,2150Mi,55%,1128,28,28.2
Tue 12:51:00,331m,8%,8.275,2137Mi,55%,1128,28,28.2
Tue 12:52:00,337m,8%,8.425,2136Mi,55%,1128,28,28.2
Tue 12:53:00,311m,7%,7.775,2137Mi,55%,1128,28,28.2
Tue 12:54:00,332m,8%,8.3,2136Mi,55%,1128,28,28.2
Tue 12:55:00,310m,7%,7.75,2137Mi,55%,1128,28,28.2
Tue 12:56:00,358m,8%,8.95,2136Mi,55%,1128,28,28.2
Tue 12:57:00,330m,8%,8.25,2138Mi,55%,1128,28,28.2
Tue 12:58:00,370m,9%,9.25,2138Mi,55%,1128,28,28.2
Tue 12:59:00,328m,8%,8.2,2137Mi,55%,1128,28,28.2
Tue 13:00:00,361m,9%,9.025,2138Mi,55%,1128,28,28.2
Tue 13:01:00,323m,8%,8.075,2137Mi,55%,1160,28,29
Tue 13:02:00,378m,9%,9.45,2138Mi,55%,1176,29,29.4
Tue 13:03:00,333m,8%,8.325,2138Mi,55%,1165,29,29.125
Tue 13:04:00,335m,8%,8.375,2136Mi,55%,1224,30,30.6
Tue 13:05:00,359m,8%,8.975,2136Mi,55%,1213,30,30.325
Tue 13:06:00,315m,7%,7.875,2135Mi,55%,1229,30,30.725
Tue 13:07:00,328m,8%,8.2,2132Mi,55%,1261,31,31.525
Tue 13:08:00,364m,9%,9.1,2141Mi,55%,1277,31,31.925
Tue 13:09:00,330m,8%,8.25,2133Mi,55%,1223,30,30.575
Tue 13:10:00,336m,8%,8.4,2128Mi,55%,1266,31,31.65
Tue 13:11:00,363m,9%,9.075,2132Mi,55%,1223,30,30.575
Tue 13:12:00,330m,8%,8.25,2129Mi,55%,1266,31,31.65
Tue 13:13:00,311m,7%,7.775,2129Mi,55%,1223,30,30.575
Tue 13:14:00,362m,9%,9.05,2131Mi,55%,1223,30,30.575
Tue 13:15:00,325m,8%,8.125,2128Mi,55%,1266,31,31.65
Tue 13:16:00,337m,8%,8.425,2130Mi,55%,1223,30,30.575
Tue 13:17:00,315m,7%,7.875,2128Mi,55%,1223,30,30.575
Tue 13:18:00,302m,7%,7.55,2128Mi,55%,1266,31,31.65
Tue 13:19:00,344m,8%,8.6,2131Mi,55%,1223,30,30.575
Tue 13:20:00,299m,7%,7.475,2128Mi,55%,1223,30,30.575
Tue 13:21:00,304m,7%,7.6,2128Mi,55%,1266,31,31.65
Tue 13:22:00,328m,8%,8.2,2131Mi,55%,1223,30,30.575
Tue 13:23:00,298m,7%,7.45,2128Mi,55%,1266,31,31.65
Tue 13:24:00,296m,7%,7.4,2128Mi,55%,1223,30,30.575
Tue 13:25:00,334m,8%,8.35,2130Mi,55%,1223,30,30.575
Tue 13:26:00,294m,7%,7.35,2128Mi,55%,1266,31,31.65
Tue 13:27:00,329m,8%,8.225,2132Mi,55%,1223,30,30.575
Tue 13:28:00,307m,7%,7.675,2129Mi,55%,1223,30,30.575
Tue 13:29:01,290m,7%,7.25,2128Mi,55%,1266,31,31.65
Tue 13:30:00,332m,8%,8.3,2132Mi,55%,1223,30,30.575
Tue 13:31:00,307m,7%,7.675,2129Mi,55%,1223,30,30.575
Tue 13:32:00,297m,7%,7.425,2129Mi,55%,1266,31,31.65
Tue 13:33:00,356m,8%,8.9,2130Mi,55%,1223,30,30.575
Tue 13:34:00,327m,8%,8.175,2128Mi,55%,1266,31,31.65
Tue 13:35:00,356m,8%,8.9,2132Mi,55%,1223,30,30.575
Tue 13:36:00,343m,8%,8.575,2129Mi,55%,1223,30,30.575
Tue 13:37:00,322m,8%,8.05,2129Mi,55%,1266,31,31.65
Tue 13:38:00,354m,8%,8.85,2132Mi,55%,1223,30,30.575
Tue 13:39:00,330m,8%,8.25,2129Mi,55%,1223,30,30.575
Tue 13:40:00,324m,8%,8.1,2129Mi,55%,1266,31,31.65
Tue 13:41:00,360m,9%,9,2134Mi,55%,1223,30,30.575
Tue 13:42:00,322m,8%,8.05,2122Mi,55%,1223,30,30.575
Tue 13:43:00,297m,7%,7.425,2121Mi,55%,1266,31,31.65
Tue 13:44:00,328m,8%,8.2,2124Mi,55%,1223,30,30.575
Tue 13:45:00,301m,7%,7.525,2121Mi,55%,1266,31,31.65
Tue 13:46:00,317m,7%,7.925,2121Mi,55%,1223,30,30.575
Tue 13:47:00,345m,8%,8.625,2125Mi,55%,1223,30,30.575
Tue 13:48:00,335m,8%,8.375,2122Mi,55%,1266,31,31.65
Tue 13:49:00,350m,8%,8.75,2124Mi,55%,1223,30,30.575
Tue 13:50:00,335m,8%,8.375,2123Mi,55%,1223,30,30.575
Tue 13:51:00,322m,8%,8.05,2122Mi,55%,1266,31,31.65
Tue 13:52:00,352m,8%,8.8,2126Mi,55%,1223,30,30.575
Tue 13:53:00,328m,8%,8.2,2123Mi,55%,1223,30,30.575
Tue 13:54:00,316m,7%,7.9,2122Mi,55%,1266,31,31.65
Tue 13:55:00,349m,8%,8.725,2125Mi,55%,1223,30,30.575
Tue 13:56:00,314m,7%,7.85,2123Mi,55%,1266,31,31.65
Tue 13:57:00,313m,7%,7.825,2124Mi,55%,1223,30,30.575
Tue 13:58:00,314m,7%,7.85,2124Mi,55%,1223,30,30.575
Tue 13:59:00,296m,7%,7.4,2122Mi,55%,1266,31,31.65
Tue 14:00:00,354m,8%,8.85,2126Mi,55%,1223,30,30.575
Tue 14:01:00,327m,8%,8.175,2123Mi,55%,1290,32,32.25
Tue 14:02:00,358m,8%,8.95,2126Mi,55%,1302,32,32.55
Tue 14:03:01,323m,8%,8.075,2129Mi,55%,1326,33,33.15
Tue 14:04:00,369m,9%,9.225,2127Mi,55%,1393,34,34.825
Tue 14:05:00,356m,8%,8.9,2129Mi,55%,1405,35,35.125
Tue 14:06:00,329m,8%,8.225,2130Mi,55%,1429,35,35.725
Tue 14:07:00,374m,9%,9.35,2130Mi,55%,1496,37,37.4
Tue 14:08:00,359m,8%,8.975,2132Mi,55%,1520,38,38
Tue 14:09:00,322m,8%,8.05,2132Mi,55%,1575,39,39.375
Tue 14:10:00,347m,8%,8.675,2136Mi,55%,1685,42,42.125
Tue 14:11:00,332m,8%,8.3,2142Mi,55%,1795,44,44.875
Tue 14:12:00,336m,8%,8.4,2148Mi,55%,1905,47,47.625
Tue 14:13:00,308m,7%,7.7,2153Mi,56%,1960,49,49
Tue 14:14:00,347m,8%,8.675,2159Mi,56%,2070,51,51.75
Tue 14:15:00,348m,8%,8.7,2165Mi,56%,2125,53,53.125
Tue 14:16:00,335m,8%,8.375,2166Mi,56%,2125,53,53.125
Tue 14:17:00,398m,9%,9.95,2170Mi,56%,2125,53,53.125
Tue 14:18:00,396m,9%,9.9,2173Mi,56%,2125,53,53.125
Tue 14:19:00,381m,9%,9.525,2170Mi,56%,2125,53,53.125
Tue 14:20:00,341m,8%,8.525,2171Mi,56%,2125,53,53.125
Tue 14:21:00,382m,9%,9.55,2171Mi,56%,2125,53,53.125
Tue 14:22:00,376m,9%,9.4,2171Mi,56%,2125,53,53.125
Tue 14:23:00,395m,9%,9.875,2171Mi,56%,2125,53,53.125
Tue 14:24:00,339m,8%,8.475,2171Mi,56%,2125,53,53.125
Tue 14:25:00,386m,9%,9.65,2171Mi,56%,2125,53,53.125
Tue 14:26:00,387m,9%,9.675,2171Mi,56%,2125,53,53.125
Tue 14:27:00,354m,8%,8.85,2168Mi,56%,2125,53,53.125
Tue 14:28:00,373m,9%,9.325,2171Mi,56%,2125,53,53.125
Tue 14:29:00,407m,10%,10.175,2171Mi,56%,2125,53,53.125
Tue 14:30:00,345m,8%,8.625,2171Mi,56%,2125,53,53.125
Tue 14:31:00,384m,9%,9.6,2172Mi,56%,2125,53,53.125
Tue 14:32:00,392m,9%,9.8,2172Mi,56%,2125,53,53.125
Tue 14:33:00,389m,9%,9.725,2172Mi,56%,2125,53,53.125
Tue 14:34:00,346m,8%,8.65,2172Mi,56%,2125,53,53.125
Tue 14:35:00,388m,9%,9.7,2172Mi,56%,2125,53,53.125
Tue 14:36:00,386m,9%,9.65,2171Mi,56%,2125,53,53.125
Tue 14:37:00,354m,8%,8.85,2169Mi,56%,2125,53,53.125
Tue 14:38:00,373m,9%,9.325,2172Mi,56%,2125,53,53.125
Tue 14:39:00,383m,9%,9.575,2177Mi,56%,2125,53,53.125
Tue 14:40:00,387m,9%,9.675,2171Mi,56%,2125,53,53.125
Tue 14:41:00,339m,8%,8.475,2172Mi,56%,2125,53,53.125
Tue 14:42:00,393m,9%,9.825,2172Mi,56%,2125,53,53.125
Tue 14:43:00,378m,9%,9.45,2171Mi,56%,2125,53,53.125
Tue 14:44:00,382m,9%,9.55,2170Mi,56%,2125,53,53.125
Tue 14:45:00,345m,8%,8.625,2172Mi,56%,2125,53,53.125
Tue 14:46:01,386m,9%,9.65,2171Mi,56%,2125,53,53.125
Tue 14:47:00,402m,10%,10.05,2171Mi,56%,2125,53,53.125
Tue 14:48:00,395m,9%,9.875,2179Mi,56%,2125,53,53.125
Tue 14:49:00,391m,9%,9.775,2172Mi,56%,2125,53,53.125
Tue 14:50:00,416m,10%,10.4,2171Mi,56%,2125,53,53.125
Tue 14:51:00,367m,9%,9.175,2172Mi,56%,2125,53,53.125
Tue 14:52:00,415m,10%,10.375,2172Mi,56%,2125,53,53.125
Tue 14:53:00,415m,10%,10.375,2172Mi,56%,2125,53,53.125
Tue 14:54:00,408m,10%,10.2,2171Mi,56%,2125,53,53.125
Tue 14:55:00,367m,9%,9.175,2172Mi,56%,2125,53,53.125
Tue 14:56:00,406m,10%,10.15,2172Mi,56%,2125,53,53.125
Tue 14:57:00,403m,10%,10.075,2172Mi,56%,2125,53,53.125
Tue 14:58:00,363m,9%,9.075,2170Mi,56%,2125,53,53.125
Tue 14:59:01,401m,10%,10.025,2173Mi,56%,2125,53,53.125
Tue 15:00:00,404m,10%,10.1,2173Mi,56%,2125,53,53.125
Tue 15:01:00,409m,10%,10.225,2173Mi,56%,2190,54,54.75
Tue 15:02:00,435m,10%,10.875,2179Mi,56%,2240,56,56
Tue 15:03:00,490m,12%,12.25,2193Mi,57%,2290,57,57.25
Tue 15:04:00,493m,12%,12.325,2201Mi,57%,2380,59,59.5
Tue 15:05:00,525m,13%,13.125,2210Mi,57%,2485,62,62.125
Tue 15:06:00,510m,12%,12.75,2220Mi,57%,2535,63,63.375
Tue 15:07:00,521m,13%,13.025,2228Mi,57%,2625,65,65.625
Tue 15:08:00,569m,14%,14.225,2237Mi,58%,2730,68,68.25
Tue 15:09:00,548m,13%,13.7,2246Mi,58%,2780,69,69.5
Tue 15:10:00,530m,13%,13.25,2255Mi,58%,2830,70,70.75
Tue 15:11:00,583m,14%,14.575,2263Mi,58%,2880,72,72
Tue 15:12:00,572m,14%,14.3,2271Mi,59%,2785,69,69.625
Tue 15:13:00,643m,16%,16.075,2267Mi,59%,2675,66,66.875
Tue 15:14:00,617m,15%,15.425,2259Mi,58%,2605,65,65.125
Tue 15:15:00,592m,14%,14.8,2253Mi,58%,2550,63,63.75
Tue 15:16:00,611m,15%,15.275,2252Mi,58%,2510,62,62.75
Tue 15:17:00,568m,14%,14.2,2249Mi,58%,2510,62,62.75
Tue 15:18:00,568m,14%,14.2,2249Mi,58%,2550,63,63.75
Tue 15:19:00,589m,14%,14.725,2250Mi,58%,2510,62,62.75
Tue 15:20:00,571m,14%,14.275,2249Mi,58%,2510,62,62.75
Tue 15:21:00,553m,13%,13.825,2248Mi,58%,2550,63,63.75
Tue 15:22:01,596m,14%,14.9,2250Mi,58%,2550,63,63.75
Tue 15:23:00,563m,14%,14.075,2249Mi,58%,2510,62,62.75
Tue 15:24:00,569m,14%,14.225,2252Mi,58%,2510,62,62.75
Tue 15:25:00,563m,14%,14.075,2250Mi,58%,2550,63,63.75
Tue 15:26:00,542m,13%,13.55,2248Mi,58%,2510,62,62.75
Tue 15:27:00,584m,14%,14.6,2251Mi,58%,2510,62,62.75
Tue 15:28:00,562m,14%,14.05,2249Mi,58%,2550,63,63.75
Tue 15:29:00,547m,13%,13.675,2249Mi,58%,2550,63,63.75
Tue 15:30:00,588m,14%,14.7,2252Mi,58%,2510,62,62.75
Tue 15:31:00,574m,14%,14.35,2250Mi,58%,2510,62,62.75
Tue 15:32:01,558m,13%,13.95,2250Mi,58%,2550,63,63.75
Tue 15:33:00,578m,14%,14.45,2244Mi,58%,2510,62,62.75
Tue 15:34:00,573m,14%,14.325,2243Mi,58%,2510,62,62.75
Tue 15:35:00,556m,13%,13.9,2243Mi,58%,2550,63,63.75
Tue 15:36:00,589m,14%,14.725,2245Mi,58%,2550,63,63.75
Tue 15:37:00,566m,14%,14.15,2244Mi,58%,2510,62,62.75
Tue 15:38:00,556m,13%,13.9,2246Mi,58%,2510,62,62.75
Tue 15:39:00,566m,14%,14.15,2244Mi,58%,2550,63,63.75
Tue 15:40:00,553m,13%,13.825,2243Mi,58%,2550,63,63.75
Tue 15:41:01,580m,14%,14.5,2246Mi,58%,2510,62,62.75
Tue 15:42:00,574m,14%,14.35,2244Mi,58%,2550,63,63.75
Tue 15:43:00,564m,14%,14.1,2243Mi,58%,2550,63,63.75
Tue 15:44:01,595m,14%,14.875,2247Mi,58%,2510,62,62.75
Tue 15:45:00,564m,14%,14.1,2245Mi,58%,2510,62,62.75
Tue 15:46:00,549m,13%,13.725,2244Mi,58%,2550,63,63.75
Tue 15:47:00,595m,14%,14.875,2246Mi,58%,2510,62,62.75
Tue 15:48:00,574m,14%,14.35,2245Mi,58%,2510,62,62.75
Tue 15:49:00,555m,13%,13.875,2244Mi,58%,2550,63,63.75
Tue 15:50:00,586m,14%,14.65,2246Mi,58%,2550,63,63.75
Tue 15:51:00,548m,13%,13.7,2244Mi,58%,2510,62,62.75
Tue 15:52:00,582m,14%,14.55,2247Mi,58%,2510,62,62.75
Tue 15:53:00,565m,14%,14.125,2245Mi,58%,2550,63,63.75
Tue 15:54:00,548m,13%,13.7,2244Mi,58%,2510,62,62.75
Tue 15:55:01,575m,14%,14.375,2249Mi,58%,2510,62,62.75
Tue 15:56:00,567m,14%,14.175,2245Mi,58%,2550,63,63.75
Tue 15:57:00,546m,13%,13.65,2244Mi,58%,2550,63,63.75
Tue 15:58:00,580m,14%,14.5,2247Mi,58%,2510,62,62.75
Tue 15:59:00,571m,14%,14.275,2245Mi,58%,2510,62,62.75
Tue 16:00:01,545m,13%,13.625,2244Mi,58%,2550,63,63.75
Tue 16:01:00,577m,14%,14.425,2246Mi,58%,2350,58,58.75
Tue 16:02:00,424m,10%,10.6,2232Mi,58%,2190,54,54.75
Tue 16:03:00,395m,9%,9.875,2226Mi,57%,2030,50,50.75
Tue 16:04:00,379m,9%,9.475,2214Mi,57%,1870,46,46.75
Tue 16:05:00,392m,9%,9.8,2199Mi,57%,1670,41,41.75
Tue 16:06:00,356m,8%,8.9,2188Mi,56%,1510,37,37.75
Tue 16:07:00,358m,8%,8.95,2172Mi,56%,1350,33,33.75
Tue 16:08:00,333m,8%,8.325,2157Mi,56%,1150,28,28.75
Tue 16:09:00,323m,8%,8.075,2143Mi,55%,990,24,24.75
Tue 16:10:00,308m,7%,7.7,2127Mi,55%,830,20,20.75
Tue 16:11:00,297m,7%,7.425,2114Mi,55%,750,18,18.75
Tue 16:12:00,266m,6%,6.65,2107Mi,54%,750,18,18.75
Tue 16:13:00,219m,5%,5.475,2106Mi,54%,750,18,18.75
Tue 16:14:01,235m,5%,5.875,2106Mi,54%,750,18,18.75
Tue 16:15:00,244m,6%,6.1,2106Mi,54%,750,18,18.75
